Image_Name,Mean_R,Mean_G,Mean_B,SD_R,SD_G,SD_B,Contrast,Correlation,Energy,Homogeneity,Entropy,Leaf_Area_px,Perimeter_px,Circularity,Solidity,Aspect_Ratio,Lesion_Count,Lesion_Density,Average_Lesion_Area_px,Disease_Percentage,Edge_Density,Mean_H,Mean_S,Label,Disease_Type
spinach_4_0066.jpg,123.7211,121.8533,70.1627,23.7555,28.5746,25.55,9.2235,0.4928,0.3192,0.688,0.8077,56430.6492,966.1505,0.7863,0.9069,1.0539,18.5871,0.0404,7.4185,0.2881,0.2285,0.1478,0.4887,4,Cladosporium Leaf Spot
spinach_0_0125.jpg,118.6847,141.6774,65.4249,27.8769,16.6949,15.5047,1.4227,0.8288,0.4625,0.9243,0.3417,67297.6561,811.3926,0.6946,0.9428,1.2423,2.2584,0.0106,0.0,0.0661,0.0371,0.0,0.2094,0,No Disease
spinach_0_0066.jpg,93.9601,142.5508,62.7993,23.5599,11.0926,12.7348,0.9382,1.0,0.6064,0.8652,0.4699,41464.0383,915.6866,0.8899,0.9333,1.1254,4.1925,0.0132,0.0,0.0159,0.0884,0.0221,0.305,0,No Disease
spinach_5_0150.jpg,98.6502,113.7688,55.8803,30.7534,27.0301,33.044,6.621,0.8179,0.2801,0.8014,0.6726,50848.6934,898.3569,0.9124,0.9064,1.0273,9.5362,0.0305,6.2054,0.1335,0.1706,0.0629,0.3751,5,Spinach Blight (Cucumber Mosaic Virus)
spinach_2_0089.jpg,107.4214,124.7419,53.7751,27.8513,19.94,24.9336,6.7256,0.6277,0.3592,0.7789,0.5895,45791.7018,1005.2252,0.8045,0.9167,1.1121,13.8587,0.0242,7.5968,0.2881,0.2034,0.0804,0.4544,2,Anthracnose
spinach_3_0109.jpg,114.6976,130.8554,80.9884,18.0589,18.3405,23.8103,5.168,0.7067,0.5372,0.8509,0.5831,48438.0171,859.1695,0.7971,0.8872,1.2162,14.8008,0.0151,4.641,0.2293,0.1982,0.1089,0.1412,3,White Rust
spinach_0_0093.jpg,105.627,140.1829,73.7208,23.8627,19.7757,15.1769,0.6245,0.9054,0.5778,0.8935,0.6407,49381.1361,962.2289,0.8341,0.9325,1.307,0.4878,0.0086,0.0,0.0824,0.09,0.0612,0.2255,0,No Disease
spinach_2_0156.jpg,106.7059,103.8038,46.4495,31.3588,23.3136,27.7974,5.8448,0.6079,0.3987,0.652,0.6909,54929.9467,891.7229,0.8073,0.9051,0.9446,15.5674,0.0283,7.7072,0.2603,0.1519,0.1358,0.3266,2,Anthracnose
spinach_0_0043.jpg,102.4417,130.8359,79.3949,20.1731,15.586,14.5753,2.3793,0.9493,0.5,0.8071,0.5305,49938.3156,778.3158,0.7966,0.9416,0.9975,2.9179,0.0119,1.8739,0.1316,0.0238,0.0483,0.1758,0,No Disease
spinach_3_0141.jpg,117.8282,128.4606,56.4182,29.3729,21.5397,28.3993,5.868,0.8364,0.4406,0.7036,0.4626,44653.7653,996.0395,0.7569,0.9438,1.1209,6.8287,0.0076,4.5429,0.1591,0.1561,0.0521,0.3293,3,White Rust
spinach_4_0062.jpg,111.3418,105.8461,63.909,28.536,26.0536,24.429,7.5674,0.7188,0.3267,0.7412,0.7806,50057.355,905.822,0.7125,0.8985,1.1379,21.9634,0.0232,4.7658,0.2432,0.2454,0.1355,0.328,4,Cladosporium Leaf Spot
spinach_4_0139.jpg,103.9674,137.3262,55.1212,33.7704,27.989,24.3685,10.6317,0.6232,0.3115,0.6411,0.7097,47149.5465,840.0553,0.8898,0.9078,1.0424,21.9266,0.0213,9.9762,0.3348,0.2795,0.1553,0.425,4,Cladosporium Leaf Spot
spinach_0_0169.jpg,87.8424,126.9819,75.339,28.3212,18.5752,17.2514,2.0298,0.8179,0.5408,0.7952,0.2921,54008.7446,807.6822,0.7892,0.8975,1.1437,0.0453,0.0173,1.7827,0.1618,0.0498,0.0414,0.1215,0,No Disease
spinach_1_0053.jpg,125.9572,139.8161,65.5197,32.6571,24.9404,21.8019,5.7061,0.5785,0.4236,0.7132,0.4914,58170.0914,950.4208,0.7882,0.8959,1.1237,13.9657,0.0134,4.7913,0.2334,0.0526,0.0786,0.2757,1,Downy Mildew
spinach_0_0041.jpg,101.8209,129.4629,72.9538,17.1428,16.1692,22.5287,1.7115,0.9331,0.5614,0.8853,0.4206,54241.6203,1036.5308,0.8688,0.9377,1.1672,0.0,0.0053,2.8925,0.1433,0.0885,0.0622,0.2393,0,No Disease
spinach_5_0023.jpg,109.8968,93.1637,63.5317,23.6732,28.8048,24.9068,5.9335,0.6517,0.4478,0.7207,0.7926,58364.7653,970.0711,0.824,0.9456,1.1093,10.0832,0.0186,4.1337,0.2097,0.1685,0.0546,0.3041,5,Spinach Blight (Cucumber Mosaic Virus)
spinach_0_0022.jpg,110.8078,138.3754,70.6367,16.1026,19.1515,11.5939,3.1315,0.9868,0.6093,0.86,0.4654,50456.6347,1013.5547,0.6601,0.9216,0.9607,0.0,0.0169,2.8113,0.064,0.0199,0.0,0.1565,0,No Disease
spinach_3_0091.jpg,109.3774,154.2549,69.5511,14.6327,29.9594,23.8889,4.072,0.6928,0.3345,0.9491,0.4577,45182.0572,931.7919,0.6817,0.8955,1.1896,9.8568,0.0139,4.033,0.1479,0.1175,0.051,0.2336,3,White Rust
spinach_3_0140.jpg,117.123,150.72,70.7963,30.1441,15.4221,22.6193,3.1485,0.663,0.4791,0.796,0.5553,55087.7921,992.3566,0.8682,0.8902,1.2302,15.5292,0.0141,0.9967,0.1008,0.1015,0.1204,0.2814,3,White Rust
spinach_3_0045.jpg,118.183,145.8799,70.2655,16.2973,23.3442,20.8425,5.4179,0.816,0.5797,0.809,0.5523,57239.8378,1129.2741,0.8349,0.9252,1.1446,9.0242,0.0171,7.8973,0.1325,0.1662,0.0669,0.1616,3,White Rust
spinach_3_0158.jpg,124.2667,140.0262,83.1667,23.6068,22.0963,16.3871,6.3104,0.7251,0.5418,0.6645,0.6049,48281.5335,978.0518,0.7792,0.9066,1.0791,4.5984,0.0237,2.1125,0.1566,0.1338,0.1103,0.2793,3,White Rust
spinach_0_0176.jpg,95.3526,131.9179,77.0777,19.1554,17.982,10.1028,1.2152,0.947,0.6276,0.8293,0.4362,62994.2393,918.2402,0.7284,0.9257,1.1274,1.3953,0.0057,0.0,0.0519,0.074,0.0359,0.1547,0,No Disease
spinach_3_0179.jpg,124.1988,123.2427,69.118,22.3524,17.0701,25.067,8.4885,0.9254,0.512,0.7614,0.543,53528.0113,862.9752,0.8591,0.8691,1.0863,11.2043,0.0102,3.5677,0.1997,0.1807,0.0377,0.1706,3,White Rust
spinach_2_0027.jpg,106.3354,107.2168,54.0017,29.6426,21.9222,29.2927,7.8386,0.8236,0.3672,0.6616,0.8658,47109.7013,862.1708,0.8432,0.8691,1.1369,16.3334,0.0372,7.7021,0.295,0.1556,0.0884,0.5188,2,Anthracnose
spinach_2_0019.jpg,119.1142,123.0545,67.3325,28.3449,33.0126,17.544,4.6397,0.5829,0.3807,0.7842,0.6298,47616.533,858.3982,0.8344,0.8881,1.0373,8.6184,0.0224,8.2194,0.2345,0.1304,0.1409,0.3032,2,Anthracnose
spinach_4_0156.jpg,120.6301,121.2161,78.562,37.1103,37.8464,20.2802,6.1304,0.6794,0.3732,0.7475,0.5969,54017.9871,988.9269,0.8462,0.8798,1.1115,14.8974,0.0317,5.6227,0.2321,0.1804,0.1177,0.3293,4,Cladosporium Leaf Spot
spinach_0_0163.jpg,107.2846,145.9561,74.2567,21.235,13.3212,17.8054,6.837,0.87,0.5857,0.8488,0.3712,59722.2474,852.7029,0.7416,0.8903,1.0594,0.0,0.0111,6.2395,0.0817,0.0133,0.0625,0.1418,0,No Disease
spinach_2_0175.jpg,111.5699,135.0356,41.0948,31.8856,23.3644,13.5761,6.3871,0.8278,0.3275,0.7554,0.8099,49936.516,892.0456,0.697,0.8821,1.1526,14.2427,0.0299,6.3397,0.3396,0.1428,0.1501,0.3607,2,Anthracnose
spinach_5_0143.jpg,98.2469,88.8062,69.1086,23.6083,29.7094,21.9947,8.0033,0.6341,0.3572,0.7062,0.5018,55057.101,707.4577,0.8758,0.9106,1.0741,13.3805,0.0265,4.6792,0.2249,0.1792,0.0664,0.3677,5,Spinach Blight (Cucumber Mosaic Virus)
spinach_1_0074.jpg,121.4169,125.7907,52.3656,27.7312,22.9787,13.4385,6.363,0.8172,0.6323,0.7326,0.5561,45452.8948,920.8642,0.8021,0.8897,1.086,2.0853,0.0274,3.4128,0.1883,0.0729,0.0654,0.2876,1,Downy Mildew
spinach_1_0034.jpg,113.5432,107.0953,63.5647,27.1289,24.9146,29.425,7.609,0.8028,0.353,0.7241,0.6005,47122.9644,950.0465,0.8114,0.8828,1.1957,10.4092,0.0062,4.7076,0.2041,0.1689,0.0716,0.3762,1,Downy Mildew
spinach_0_0027.jpg,107.4166,119.4754,76.1233,17.1123,23.3722,12.4896,0.9178,0.9433,0.641,0.9114,0.2514,54690.1722,816.5692,0.7841,0.8944,1.1557,0.0,0.0,2.4849,0.1121,0.0554,0.0763,0.1647,0,No Disease
spinach_3_0158.jpg,124.2667,140.0262,83.1667,23.6068,22.0963,16.3871,6.3104,0.7251,0.5418,0.6645,0.6049,48281.5335,978.0518,0.7792,0.9066,1.0791,4.5984,0.0237,2.1125,0.1566,0.1338,0.1103,0.2793,3,White Rust
spinach_2_0155.jpg,96.7607,130.7744,55.7776,23.9246,33.2635,20.9835,7.5688,0.7473,0.4179,0.5462,0.7595,49496.9312,847.0971,0.7935,0.8597,1.0954,8.5424,0.0247,6.3813,0.2837,0.1272,0.1463,0.4257,2,Anthracnose
spinach_0_0082.jpg,115.241,142.1887,73.2579,18.9548,20.3926,13.5169,2.4005,0.9698,0.5351,0.8369,0.3006,46677.6363,737.1605,0.8138,0.9752,1.234,0.0,0.0118,3.7598,0.0772,0.0841,0.0,0.2213,0,No Disease
spinach_2_0071.jpg,111.1319,119.1146,53.0,30.3848,30.0397,30.8458,6.7854,0.6767,0.5022,0.6616,0.5576,51251.2449,987.6175,0.8217,0.8976,0.9641,13.7665,0.0369,3.8786,0.2178,0.1445,0.0926,0.3698,2,Anthracnose
spinach_2_0007.jpg,121.2341,120.6563,60.3038,28.1299,28.1621,27.7714,6.9078,0.7225,0.3837,0.7087,0.8623,56008.6502,887.9404,0.8129,0.8825,1.0662,15.2376,0.0338,7.4486,0.1745,0.1991,0.1078,0.271,2,Anthracnose
spinach_4_0134.jpg,121.9438,134.7147,68.2857,36.0631,33.197,27.7988,9.2445,0.6843,0.2875,0.646,0.767,48821.4743,733.369,0.7159,0.8957,1.1425,18.0374,0.0561,5.8444,0.2922,0.2416,0.1566,0.4424,4,Cladosporium Leaf Spot
spinach_1_0019.jpg,135.8104,147.8595,65.8777,29.3119,27.9575,15.9721,6.5951,0.6813,0.4555,0.7441,0.6601,51590.5173,592.697,0.8007,0.9261,1.1357,9.5897,0.0331,5.3605,0.2119,0.1718,0.0891,0.2382,1,Downy Mildew
spinach_2_0076.jpg,111.656,132.1407,45.3926,21.55,30.8484,26.4632,6.6715,0.712,0.4396,0.643,0.6193,50948.6309,970.4089,0.73,0.8951,1.0605,15.6718,0.0269,5.1174,0.2924,0.1384,0.1027,0.2227,2,Anthracnose
spinach_5_0068.jpg,94.462,105.5814,65.4929,18.7934,23.6251,20.1888,6.8076,0.8653,0.4044,0.5954,0.5586,50811.4393,879.2995,0.9075,0.924,1.1644,11.1315,0.0328,3.7873,0.2584,0.1387,0.0538,0.3875,5,Spinach Blight (Cucumber Mosaic Virus)
spinach_2_0016.jpg,118.6734,109.7028,48.5224,29.0721,34.0024,23.724,9.544,0.6201,0.4638,0.6543,0.7125,51083.4141,946.1492,0.815,0.8815,1.1504,20.9266,0.0223,2.7966,0.255,0.1468,0.1067,0.3945,2,Anthracnose
spinach_2_0022.jpg,104.1475,131.4734,60.189,32.1739,27.6581,20.9781,6.9971,0.6446,0.4568,0.6858,0.5403,41602.8813,707.3282,0.8371,0.8712,1.104,14.5463,0.0265,6.8891,0.2379,0.0516,0.1019,0.384,2,Anthracnose
spinach_4_0007.jpg,94.7781,120.5466,57.5977,37.6859,26.8731,29.5545,6.459,0.6074,0.319,0.6947,0.7968,54111.1258,916.6831,0.8297,0.8676,1.1011,24.4328,0.0206,8.3802,0.3038,0.2484,0.1482,0.398,4,Cladosporium Leaf Spot
spinach_3_0016.jpg,127.3143,141.0318,84.3817,26.391,12.4388,24.6521,4.4534,0.931,0.5777,0.7446,0.6222,48530.2243,905.2691,0.8206,0.9478,1.1816,8.3,0.0369,3.343,0.0896,0.0634,0.1069,0.2739,3,White Rust
spinach_0_0107.jpg,114.9554,137.5729,72.5609,22.8559,12.1419,17.9588,3.3929,1.0,0.5499,0.8479,0.4969,56095.5208,866.4913,0.7458,0.9435,1.0538,0.3579,0.0067,2.9927,0.0698,0.0063,0.0,0.0992,0,No Disease
spinach_5_0070.jpg,78.1851,108.0041,70.8729,23.3086,28.1169,23.508,3.9276,0.717,0.3506,0.7591,0.717,51494.6947,877.2592,0.8273,0.8706,1.0875,8.8141,0.0323,6.6298,0.244,0.2185,0.0818,0.2961,5,Spinach Blight (Cucumber Mosaic Virus)
spinach_1_0009.jpg,108.6677,125.1328,71.3605,29.36,26.842,13.9152,8.6227,0.6446,0.5523,0.8315,0.6677,46725.0761,915.159,0.7617,0.9107,1.08,1.8456,0.029,4.654,0.1658,0.1076,0.089,0.2385,1,Downy Mildew
spinach_4_0019.jpg,112.9524,112.2146,62.9111,31.8487,34.9307,21.2855,11.6355,0.732,0.3237,0.7858,0.6817,51527.9489,762.3529,0.9008,0.8488,0.9548,15.4611,0.0446,9.2187,0.2761,0.2308,0.1271,0.4238,4,Cladosporium Leaf Spot
spinach_4_0095.jpg,122.8282,116.0387,59.1463,35.0971,25.1321,22.7038,8.5287,0.7371,0.4047,0.7353,0.7663,57975.3901,715.8818,0.9113,0.9438,1.1065,21.3291,0.0337,7.1228,0.2395,0.188,0.1439,0.4236,4,Cladosporium Leaf Spot
spinach_4_0140.jpg,128.9114,114.1161,57.8367,31.6788,35.8444,21.5765,6.5645,0.6489,0.3974,0.6108,0.827,57341.9967,1010.0462,0.8112,0.8877,1.2088,18.0616,0.0415,11.0249,0.3118,0.1501,0.099,0.3662,4,Cladosporium Leaf Spot
spinach_1_0061.jpg,124.784,137.0433,56.5515,31.2443,23.1981,15.3602,6.2738,0.7574,0.4118,0.7574,0.5381,54050.6525,895.6549,0.8,0.9189,1.0076,6.4229,0.0023,5.8165,0.1294,0.1353,0.0893,0.3582,1,Downy Mildew
spinach_3_0161.jpg,124.3456,147.6894,68.532,20.3409,22.2823,26.4049,5.646,0.7607,0.6405,0.8611,0.6317,53086.7123,978.0274,0.8258,0.8654,1.1416,7.3568,0.013,3.6482,0.0922,0.0478,0.1012,0.317,3,White Rust
spinach_0_0137.jpg,97.7386,143.0668,77.3473,16.6516,17.2592,12.5056,1.1049,0.81,0.6813,0.9546,0.4737,61860.9798,901.0754,0.9519,0.9243,1.1404,0.4089,0.009,2.7041,0.0943,0.1511,0.046,0.2216,0,No Disease
spinach_2_0089.jpg,107.4214,124.7419,53.7751,27.8513,19.94,24.9336,6.7256,0.6277,0.3592,0.7789,0.5895,45791.7018,1005.2252,0.8045,0.9167,1.1121,13.8587,0.0242,7.5968,0.2881,0.2034,0.0804,0.4544,2,Anthracnose
spinach_1_0157.jpg,124.4905,118.0729,60.6586,26.3565,19.2374,17.1205,8.0615,0.6618,0.5163,0.7294,0.6074,53809.2221,840.1441,0.8241,0.8588,1.1352,0.1259,0.0182,6.3376,0.2211,0.0781,0.0508,0.2549,1,Downy Mildew
spinach_0_0002.jpg,103.4547,134.2884,69.1829,22.6615,18.8272,16.6509,2.7324,1.0,0.5475,0.8441,0.3386,55079.8971,1032.8972,0.7632,0.909,1.054,4.6024,0.0119,2.1777,0.0667,0.0893,0.0429,0.2175,0,No Disease
spinach_4_0001.jpg,144.8328,93.4539,62.8652,33.3581,27.8596,24.1819,8.3554,0.6098,0.3578,0.6259,0.9622,49239.9313,946.9611,0.7499,0.9133,1.1287,19.677,0.0258,6.1457,0.3543,0.1595,0.146,0.3144,4,Cladosporium Leaf Spot
spinach_0_0065.jpg,104.8658,114.1354,70.4739,19.186,27.48,9.1714,1.3358,1.0,0.616,0.9194,0.4315,53649.7177,997.761,0.7214,0.952,1.0102,3.3135,0.0074,0.0907,0.0989,0.0551,0.0132,0.1717,0,No Disease
spinach_4_0045.jpg,111.9026,118.3647,63.8452,31.0327,22.4151,29.6483,7.5125,0.7916,0.3643,0.7487,0.8231,57075.2814,947.0339,0.8041,0.9173,1.2689,16.9208,0.0404,7.4906,0.2953,0.1917,0.0761,0.374,4,Cladosporium Leaf Spot
spinach_1_0052.jpg,116.2273,129.7093,71.5803,30.7952,30.6494,13.2739,5.9308,0.7956,0.3079,0.7142,0.526,51108.4909,1062.7854,0.9114,0.8896,1.1421,12.2352,0.0231,5.5182,0.2052,0.1975,0.1076,0.2252,1,Downy Mildew
spinach_0_0035.jpg,122.9756,148.8363,72.0916,21.2439,17.2211,14.1883,0.1599,0.8879,0.5203,0.7925,0.4711,53956.3233,741.3292,0.7626,0.9549,1.2047,6.1033,0.0063,0.0,0.0458,0.0938,0.0495,0.303,0,No Disease
spinach_1_0071.jpg,121.8814,133.5715,71.9368,32.7425,19.6381,21.9543,4.0587,0.7249,0.4557,0.5214,0.8511,53832.0434,840.4297,0.9056,0.9013,1.1106,8.0515,0.0332,4.611,0.1975,0.1782,0.0946,0.3057,1,Downy Mildew
spinach_1_0004.jpg,114.5646,130.376,65.4049,29.7694,23.3346,20.5197,7.8457,0.8368,0.4682,0.8803,0.5714,59114.8672,954.2515,0.9863,0.8802,1.0449,11.6752,0.0232,8.3103,0.1566,0.1662,0.1091,0.3664,1,Downy Mildew
spinach_1_0146.jpg,124.3551,118.7474,64.4469,15.1311,21.1303,24.8441,5.2873,0.7494,0.1887,0.7325,0.6438,53326.4494,996.2356,0.7774,0.9059,0.9934,9.1819,0.0099,1.4738,0.1357,0.1903,0.0732,0.3276,1,Downy Mildew
spinach_3_0018.jpg,131.4912,129.7193,67.6367,27.0092,23.9547,21.0166,3.6887,0.7259,0.3693,0.6707,0.5385,55581.2981,766.9718,0.7964,0.9396,0.9631,6.9177,0.0302,4.9935,0.0765,0.1463,0.0513,0.3353,3,White Rust
spinach_0_0039.jpg,86.0805,117.4555,71.9014,18.8952,16.4829,14.8881,2.3835,0.9758,0.4911,0.798,0.3107,53444.5833,1044.4947,0.7441,0.8675,0.9837,0.0,0.0015,0.4649,0.1019,0.0675,0.0662,0.1459,0,No Disease
spinach_2_0065.jpg,118.2324,123.092,48.1648,38.4968,22.9847,29.9502,10.4377,0.721,0.4626,0.4842,0.6705,55510.8282,972.451,0.7268,0.8927,0.8771,15.652,0.0119,8.1349,0.2891,0.141,0.123,0.3326,2,Anthracnose
spinach_0_0177.jpg,103.2299,139.6712,79.1153,19.5039,18.9955,12.8336,2.9726,0.9301,0.6493,0.9299,0.4789,51507.913,944.4939,0.8338,0.9137,1.0697,2.7257,0.0093,0.0,0.0963,0.0762,0.0,0.1824,0,No Disease
spinach_3_0155.jpg,127.7623,137.0873,58.1958,24.4767,20.7108,27.0572,2.9961,0.7965,0.3727,0.7409,0.5777,50443.185,904.4009,0.8,0.9077,1.1807,6.7781,0.0162,4.6504,0.1814,0.1458,0.0779,0.3175,3,White Rust
spinach_2_0156.jpg,106.7059,103.8038,46.4495,31.3588,23.3136,27.7974,5.8448,0.6079,0.3987,0.652,0.6909,54929.9467,891.7229,0.8073,0.9051,0.9446,15.5674,0.0283,7.7072,0.2603,0.1519,0.1358,0.3266,2,Anthracnose
spinach_0_0108.jpg,91.8683,137.2993,62.489,16.4862,13.1296,13.238,4.2483,0.953,0.5813,0.8477,0.3767,53638.7323,978.4169,0.7155,0.9309,0.9575,2.8469,0.0121,0.6959,0.1908,0.0448,0.0454,0.1971,0,No Disease
spinach_1_0159.jpg,117.0797,117.8027,83.4131,21.607,23.6765,22.3868,5.9549,0.7248,0.4152,0.7436,0.4984,61751.0961,878.0009,0.8258,0.9016,1.0716,8.1782,0.0076,4.5109,0.1696,0.1769,0.0501,0.2638,1,Downy Mildew
spinach_3_0025.jpg,123.6314,110.5319,54.6733,30.9452,23.8453,18.5847,3.2551,0.6833,0.476,0.7559,0.7047,50576.1814,910.872,0.6967,0.911,1.1242,6.5089,0.0131,4.5884,0.2457,0.1258,0.0986,0.3297,3,White Rust
spinach_3_0053.jpg,110.8998,130.4857,63.3038,31.0237,18.9588,21.8096,5.1327,0.8423,0.528,0.7777,0.3804,50341.2956,903.0044,0.7972,0.9016,1.2013,8.0545,0.0096,3.1752,0.2664,0.1466,0.0962,0.1967,3,White Rust
spinach_1_0018.jpg,120.9013,149.7365,51.0088,26.9614,25.8317,17.3418,6.0112,0.6515,0.4852,0.834,0.6372,41736.0109,803.3206,0.8239,0.9105,0.8845,14.9713,0.0211,3.3257,0.2397,0.1029,0.0628,0.3387,1,Downy Mildew
spinach_3_0001.jpg,102.6985,140.8194,67.7469,21.6754,22.9003,20.6805,2.9989,0.7965,0.5558,0.764,0.4632,50612.0997,990.4613,0.7064,0.9345,1.0558,8.9683,0.0125,2.9794,0.2462,0.0636,0.0821,0.4185,3,White Rust
spinach_1_0135.jpg,123.7689,127.988,56.7031,27.5706,17.6866,23.1578,3.9068,0.8135,0.4029,0.8344,0.4977,47611.1515,938.0935,0.8602,0.9517,1.1033,17.351,0.0177,6.7778,0.1429,0.1468,0.0215,0.2203,1,Downy Mildew
spinach_2_0154.jpg,115.3498,115.784,49.3426,26.7366,25.5178,23.9927,7.0159,0.6968,0.258,0.7466,0.6903,62763.5453,841.2366,0.8194,0.9707,1.0955,13.7295,0.0191,8.8509,0.172,0.1771,0.0982,0.3349,2,Anthracnose
spinach_3_0059.jpg,136.0196,93.2342,70.5214,26.0606,21.8257,22.4391,5.2429,0.8242,0.4386,0.8849,0.6279,54212.633,954.3705,0.8494,0.9455,1.101,11.9612,0.0184,7.4505,0.2249,0.095,0.1283,0.1118,3,White Rust
spinach_0_0063.jpg,113.2443,149.1327,77.2373,23.7275,15.6454,11.284,0.5241,0.7692,0.599,0.8742,0.376,37221.9059,795.2683,0.8373,0.9134,1.1488,0.0,0.0175,0.9408,0.1145,0.173,0.0779,0.1755,0,No Disease
spinach_0_0076.jpg,105.976,128.6542,67.7658,20.3664,17.1876,14.6365,1.9476,0.8828,0.4646,0.8438,0.5115,45158.3285,901.0444,0.7208,0.9328,1.0889,7.9096,0.0101,0.0,0.1336,0.049,0.0256,0.2251,0,No Disease
spinach_3_0093.jpg,132.4731,143.8148,82.3624,20.1642,24.7898,17.2757,5.6713,0.7528,0.4984,0.6813,0.6293,52530.2976,920.2193,0.897,0.9104,1.1374,8.4011,0.0186,7.9992,0.1732,0.0973,0.1168,0.2554,3,White Rust
spinach_1_0072.jpg,129.1039,157.9233,65.5393,27.5838,24.8531,26.2417,4.4814,0.7177,0.307,0.6771,0.5582,50720.315,1076.9083,0.8222,0.8872,1.0418,15.499,0.029,4.8507,0.1679,0.175,0.0552,0.3414,1,Downy Mildew
spinach_0_0032.jpg,104.8792,136.6824,62.2729,12.1826,20.4287,13.5962,0.2621,0.8923,0.6702,0.7203,0.2703,47385.5678,1066.1179,0.787,0.9492,1.0288,0.0,0.0096,1.3049,0.1274,0.0725,0.047,0.2126,0,No Disease
spinach_3_0076.jpg,120.604,137.764,52.5225,10.8449,17.1227,21.129,0.01,0.7025,0.3062,0.763,0.7458,50414.12,894.2497,0.8304,0.9205,1.0928,11.7066,0.0208,4.5195,0.1631,0.1062,0.0929,0.2531,3,White Rust
spinach_4_0038.jpg,130.5391,105.4063,48.2061,33.104,35.9371,26.3016,4.9621,0.4953,0.3478,0.5775,0.7737,51479.9756,841.0242,0.8989,0.9048,1.1669,21.6823,0.0328,7.15,0.2551,0.2172,0.1137,0.528,4,Cladosporium Leaf Spot
spinach_0_0079.jpg,86.4784,135.4173,69.3816,19.2596,14.1826,13.228,1.9325,0.9354,0.5556,0.8513,0.4292,42395.4204,967.7035,0.77,0.931,1.1969,0.0,0.0,1.6928,0.0996,0.0868,0.0284,0.2531,0,No Disease
spinach_0_0019.jpg,102.1512,141.1757,80.7137,26.6384,16.6543,20.4143,2.1566,0.833,0.5324,0.7764,0.3312,50209.9166,1000.3585,0.8732,0.8954,1.1514,0.0,0.0098,0.964,0.0085,0.1171,0.0249,0.1573,0,No Disease
spinach_3_0135.jpg,128.2761,146.3278,73.9685,38.3825,28.0903,19.645,3.2501,0.7491,0.4335,0.8158,0.48,57460.8859,766.0437,0.682,0.9166,1.0426,2.9671,0.0119,2.6293,0.1705,0.0952,0.0565,0.2796,3,White Rust
spinach_2_0022.jpg,104.1475,131.4734,60.189,32.1739,27.6581,20.9781,6.9971,0.6446,0.4568,0.6858,0.5403,41602.8813,707.3282,0.8371,0.8712,1.104,14.5463,0.0265,6.8891,0.2379,0.0516,0.1019,0.384,2,Anthracnose
spinach_5_0003.jpg,115.3488,126.1766,70.7199,17.2792,22.8208,19.6616,6.4763,0.8451,0.3136,0.887,0.6118,45665.4934,954.5205,0.8655,0.9162,1.0284,14.0081,0.0157,3.965,0.2053,0.1172,0.1163,0.2937,5,Spinach Blight (Cucumber Mosaic Virus)
spinach_0_0169.jpg,87.8424,126.9819,75.339,28.3212,18.5752,17.2514,2.0298,0.8179,0.5408,0.7952,0.2921,54008.7446,807.6822,0.7892,0.8975,1.1437,0.0453,0.0173,1.7827,0.1618,0.0498,0.0414,0.1215,0,No Disease
spinach_2_0141.jpg,111.7569,121.3265,57.2175,25.8983,28.8898,22.845,10.1318,0.7431,0.3324,0.751,0.7208,56547.1315,827.5546,0.8113,0.8975,1.0847,10.4592,0.0316,6.8523,0.2943,0.1596,0.0997,0.4131,2,Anthracnose
spinach_1_0034.jpg,113.5432,107.0953,63.5647,27.1289,24.9146,29.425,7.609,0.8028,0.353,0.7241,0.6005,47122.9644,950.0465,0.8114,0.8828,1.1957,10.4092,0.0062,4.7076,0.2041,0.1689,0.0716,0.3762,1,Downy Mildew
spinach_3_0056.jpg,124.3711,138.7384,76.5898,29.889,18.2513,19.7656,4.0375,0.6355,0.4513,0.9091,0.3788,51379.691,899.3862,0.7973,0.8959,0.996,2.4856,0.0276,2.2312,0.145,0.2042,0.0516,0.3074,3,White Rust
spinach_4_0168.jpg,131.6723,112.6749,67.3924,33.5822,24.7123,20.6936,5.3078,0.6688,0.3349,0.6022,0.5724,52663.5545,872.6273,0.7472,0.8659,1.0509,19.88,0.0314,5.3607,0.2671,0.2318,0.131,0.3955,4,Cladosporium Leaf Spot
spinach_4_0109.jpg,106.1394,129.209,50.1001,25.3444,29.0442,25.5337,8.8461,0.5948,0.4136,0.5997,0.8227,51570.6034,950.0649,0.8609,0.8786,1.0171,11.2464,0.0178,7.1832,0.2646,0.1466,0.1082,0.5119,4,Cladosporium Leaf Spot
spinach_0_0147.jpg,94.8042,140.8217,71.5524,8.7039,18.0775,11.2867,2.8257,0.7975,0.5824,0.8602,0.4503,52623.4864,894.4836,0.6778,0.8931,1.0733,1.9669,0.0011,2.3254,0.086,0.0414,0.033,0.2181,0,No Disease
spinach_2_0021.jpg,115.3218,116.0891,45.7872,23.492,23.0951,14.444,9.3937,0.7094,0.3776,0.5467,0.5076,49988.2931,1077.049,0.7581,0.9216,1.0416,14.221,0.0367,5.4773,0.1955,0.2167,0.1111,0.4373,2,Anthracnose
spinach_1_0118.jpg,120.0566,140.1246,53.8939,28.9982,24.0719,22.39,4.6164,0.8507,0.4217,0.8842,0.531,54714.1367,894.0332,0.7703,0.9258,1.0761,0.0,0.0,7.0904,0.2515,0.2055,0.0796,0.2066,1,Downy Mildew
spinach_2_0115.jpg,102.9964,116.001,63.6699,25.8777,32.4771,23.2915,6.7193,0.5193,0.3501,0.726,0.8645,52839.4458,992.6216,0.7275,0.8968,1.1777,10.4491,0.0347,7.42,0.2437,0.1469,0.0853,0.492,2,Anthracnose
spinach_0_0137.jpg,97.7386,143.0668,77.3473,16.6516,17.2592,12.5056,1.1049,0.81,0.6813,0.9546,0.4737,61860.9798,901.0754,0.9519,0.9243,1.1404,0.4089,0.009,2.7041,0.0943,0.1511,0.046,0.2216,0,No Disease
spinach_3_0093.jpg,132.4731,143.8148,82.3624,20.1642,24.7898,17.2757,5.6713,0.7528,0.4984,0.6813,0.6293,52530.2976,920.2193,0.897,0.9104,1.1374,8.4011,0.0186,7.9992,0.1732,0.0973,0.1168,0.2554,3,White Rust
spinach_2_0071.jpg,111.1319,119.1146,53.0,30.3848,30.0397,30.8458,6.7854,0.6767,0.5022,0.6616,0.5576,51251.2449,987.6175,0.8217,0.8976,0.9641,13.7665,0.0369,3.8786,0.2178,0.1445,0.0926,0.3698,2,Anthracnose
spinach_2_0106.jpg,120.9377,121.8419,58.9315,33.7516,36.1997,20.4509,5.3694,0.5986,0.4596,0.7791,0.6363,39319.9323,812.5243,0.8329,0.8983,1.0944,11.9066,0.0351,6.7177,0.2593,0.1664,0.1231,0.3867,2,Anthracnose
spinach_3_0135.jpg,128.2761,146.3278,73.9685,38.3825,28.0903,19.645,3.2501,0.7491,0.4335,0.8158,0.48,57460.8859,766.0437,0.682,0.9166,1.0426,2.9671,0.0119,2.6293,0.1705,0.0952,0.0565,0.2796,3,White Rust
spinach_1_0019.jpg,135.8104,147.8595,65.8777,29.3119,27.9575,15.9721,6.5951,0.6813,0.4555,0.7441,0.6601,51590.5173,592.697,0.8007,0.9261,1.1357,9.5897,0.0331,5.3605,0.2119,0.1718,0.0891,0.2382,1,Downy Mildew
spinach_0_0097.jpg,111.1084,134.2238,78.3231,24.8979,23.4584,22.1133,0.5271,0.9011,0.5809,0.8731,0.3551,44572.19,929.2679,0.7239,0.9321,1.0565,0.0,0.0079,1.4717,0.129,0.1674,0.0469,0.2388,0,No Disease
spinach_2_0013.jpg,107.4755,126.0659,56.9636,27.5331,32.0477,27.4138,6.2356,0.697,0.2833,0.6373,0.7024,50157.0339,783.3124,0.757,0.8734,1.1164,6.1294,0.0189,2.7467,0.251,0.0879,0.1108,0.4812,2,Anthracnose
spinach_2_0065.jpg,118.2324,123.092,48.1648,38.4968,22.9847,29.9502,10.4377,0.721,0.4626,0.4842,0.6705,55510.8282,972.451,0.7268,0.8927,0.8771,15.652,0.0119,8.1349,0.2891,0.141,0.123,0.3326,2,Anthracnose
spinach_0_0089.jpg,91.6653,122.8101,76.5212,6.9906,18.0271,13.0877,4.224,0.8605,0.6328,0.8522,0.4314,55684.1827,873.7444,0.8298,0.9052,1.1436,5.6906,0.0113,4.6496,0.0618,0.0248,0.0151,0.2528,0,No Disease
spinach_1_0167.jpg,124.7623,127.8216,45.4597,19.2917,34.2601,16.6299,7.926,0.6653,0.4154,0.8038,0.528,58961.0757,907.5728,0.8177,0.9033,1.1527,16.3152,0.0189,7.9135,0.1594,0.1606,0.0922,0.2245,1,Downy Mildew
spinach_0_0061.jpg,117.2603,107.4624,69.4605,19.1767,8.2395,15.3767,4.1229,0.8131,0.6069,0.8159,0.3528,59386.9682,865.7442,0.7977,0.8832,1.269,4.4106,0.0045,2.236,0.0295,0.1273,0.0319,0.1837,0,No Disease
spinach_4_0144.jpg,129.9168,121.3161,60.6363,34.0863,26.0153,22.4195,8.0336,0.5564,0.3217,0.7958,0.8643,52040.1897,1045.1677,0.7405,0.9523,1.0332,26.0152,0.05,4.3442,0.3434,0.1786,0.1158,0.432,4,Cladosporium Leaf Spot
spinach_5_0098.jpg,88.989,115.3438,71.441,31.7267,28.5259,14.5349,8.6667,0.5846,0.3878,0.7733,0.6859,43110.8184,760.1674,0.8272,0.9128,1.0014,13.5704,0.0119,6.5239,0.1658,0.1532,0.0878,0.4329,5,Spinach Blight (Cucumber Mosaic Virus)
spinach_2_0167.jpg,120.5827,107.4627,57.8749,29.81,20.4435,23.674,7.0536,0.7244,0.285,0.7007,0.8282,60387.4992,1008.0129,0.7294,0.9113,1.0413,15.1356,0.0208,3.0157,0.2128,0.1889,0.1172,0.3822,2,Anthracnose
spinach_2_0073.jpg,110.5429,124.6526,56.4089,22.724,29.8448,19.764,4.7488,0.5982,0.4027,0.6932,0.4767,48081.7203,996.9231,0.7729,0.8959,1.1634,17.182,0.0352,1.1094,0.3167,0.1855,0.1715,0.2874,2,Anthracnose
spinach_0_0001.jpg,108.0472,127.5602,78.0036,24.7028,7.2448,9.7913,2.2173,0.8747,0.5787,0.8203,0.5079,55888.9597,926.6031,0.8376,0.9417,1.0513,3.475,0.0,2.7812,0.0975,0.0726,0.023,0.2978,0,No Disease
spinach_1_0046.jpg,116.1125,153.2719,74.1482,18.296,20.6702,18.3238,5.3643,0.7352,0.6697,0.6846,0.6329,54082.5387,899.8428,0.7966,0.8839,1.1085,12.0456,0.0226,5.8264,0.2606,0.1675,0.0818,0.2163,1,Downy Mildew
spinach_0_0023.jpg,129.2042,143.7837,67.5234,22.3254,9.1952,13.8107,2.1691,0.8931,0.6433,0.9041,0.4868,48558.1386,1009.7815,0.8677,0.9057,1.049,7.3431,0.0045,3.7269,0.0779,0.1382,0.0433,0.2207,0,No Disease
spinach_0_0127.jpg,96.372,147.894,67.5164,12.9675,22.1061,12.8516,1.3049,0.9033,0.6714,0.8814,0.3001,54719.385,871.501,0.8833,0.93,0.9412,3.4295,0.0216,4.0367,0.1915,0.0392,0.0628,0.1422,0,No Disease
spinach_5_0096.jpg,98.5019,112.5746,55.8921,24.8727,24.7004,17.4226,7.6135,0.6854,0.284,0.6909,0.6601,47269.5477,909.9816,0.8444,0.96,1.1821,5.4545,0.0211,4.92,0.2388,0.1127,0.0767,0.2404,5,Spinach Blight (Cucumber Mosaic Virus)
spinach_3_0105.jpg,108.8094,146.5305,72.5097,22.3232,24.0456,25.0319,6.7358,0.7248,0.3409,0.6878,0.5188,58811.5857,832.1555,0.7442,0.9046,1.0675,7.9551,0.0068,5.9518,0.1628,0.2192,0.0407,0.4072,3,White Rust
spinach_3_0125.jpg,142.8356,123.2301,72.2011,30.7896,10.1723,21.6409,5.8258,0.7486,0.4083,0.7387,0.5171,49989.5198,855.9223,0.7593,0.9498,1.0128,1.0038,0.0267,3.6544,0.1506,0.1156,0.0752,0.2381,3,White Rust
spinach_3_0152.jpg,143.7193,125.5005,57.9592,24.0651,18.1572,20.0255,5.0642,0.7888,0.4501,0.7308,0.6143,50941.5362,855.4383,0.8688,0.917,1.1974,12.9074,0.0273,5.2441,0.17,0.1174,0.0639,0.1066,3,White Rust
spinach_0_0050.jpg,104.0155,136.3171,55.2204,15.529,15.6846,12.2566,4.3489,0.8868,0.6831,0.8843,0.4237,51556.0178,920.3796,0.8731,0.872,0.9599,0.0,0.0061,2.4422,0.1237,0.0646,0.0655,0.2824,0,No Disease
spinach_2_0180.jpg,106.657,111.6599,58.7197,36.1986,30.3845,16.5113,8.0336,0.6889,0.3722,0.6984,0.7105,46540.566,861.7649,0.871,0.8824,0.9976,13.7532,0.018,2.999,0.2128,0.2179,0.109,0.3643,2,Anthracnose
spinach_0_0178.jpg,103.4268,137.2368,83.3273,13.921,12.8769,4.5512,1.1824,0.8683,0.5392,0.9575,0.5061,52389.2836,882.9387,0.8316,0.9295,1.0545,0.0,0.0025,2.5584,0.2138,0.0825,0.0209,0.1052,0,No Disease
spinach_3_0051.jpg,125.7267,130.3411,51.728,17.8303,19.6649,19.5665,3.8554,0.7981,0.4145,0.716,0.6113,58346.9725,794.2832,0.7946,0.8724,0.992,5.6449,0.0261,2.5983,0.1292,0.1214,0.0709,0.2172,3,White Rust
spinach_5_0089.jpg,113.7984,114.2942,68.0744,23.915,31.1153,27.0541,3.2204,0.851,0.3439,0.7716,0.6578,49198.1208,849.3482,0.7504,0.9131,1.0671,6.7623,0.0157,3.0736,0.1838,0.1694,0.0722,0.418,5,Spinach Blight (Cucumber Mosaic Virus)
spinach_1_0049.jpg,128.5496,131.546,88.9301,32.2727,25.6244,17.4963,5.335,0.8541,0.5668,0.8635,0.6885,44721.699,948.7162,0.7155,0.8728,1.1191,12.0928,0.0272,5.6948,0.2166,0.0906,0.0774,0.1894,1,Downy Mildew
spinach_0_0154.jpg,111.5682,130.999,72.3227,18.4387,9.072,11.3182,4.666,0.9308,0.4741,0.7722,0.4088,59805.9327,901.3242,0.8484,0.9388,1.1577,0.0,0.0135,0.5971,0.1432,0.0474,0.0444,0.2282,0,No Disease
spinach_4_0135.jpg,126.7025,121.6093,74.3031,38.4158,24.7389,26.2863,5.5696,0.7517,0.3579,0.7544,0.7491,41218.6625,1153.7368,0.7979,0.865,1.1617,26.1434,0.0324,7.3214,0.2819,0.1456,0.1127,0.5326,4,Cladosporium Leaf Spot
spinach_0_0106.jpg,118.5676,130.8052,66.9433,23.0812,5.3645,7.5552,1.5228,1.0,0.5451,0.8871,0.5334,62534.4237,862.3152,0.769,0.9756,0.9982,6.1103,0.0,1.3845,0.0879,0.0417,0.0154,0.2221,0,No Disease
spinach_5_0003.jpg,115.3488,126.1766,70.7199,17.2792,22.8208,19.6616,6.4763,0.8451,0.3136,0.887,0.6118,45665.4934,954.5205,0.8655,0.9162,1.0284,14.0081,0.0157,3.965,0.2053,0.1172,0.1163,0.2937,5,Spinach Blight (Cucumber Mosaic Virus)
spinach_0_0116.jpg,103.4358,157.0439,67.8909,21.456,28.9634,10.7705,0.01,1.0,0.5139,0.8786,0.3614,53340.8139,824.9464,0.7592,0.9412,1.0393,0.0,0.0032,0.0,0.0789,0.0848,0.03,0.1783,0,No Disease
spinach_0_0012.jpg,95.1314,136.3019,78.2187,22.1738,15.1192,14.4647,0.01,0.8809,0.5587,0.8963,0.3645,54357.6926,1021.2716,0.7793,0.9388,1.1243,2.0003,0.0002,1.7697,0.0951,0.1637,0.0793,0.2309,0,No Disease
spinach_1_0001.jpg,116.5389,167.9945,65.281,25.0969,31.1001,13.6359,5.6603,0.8996,0.4207,0.6387,0.5704,58272.5902,937.607,0.7397,0.8929,1.0552,11.4448,0.0307,6.6944,0.2128,0.0767,0.0468,0.3527,1,Downy Mildew
spinach_4_0108.jpg,114.6413,118.1648,67.4004,27.606,30.7484,26.2003,6.7569,0.757,0.3164,0.5905,0.8453,50772.4779,930.8428,0.7189,0.9103,1.2438,12.9487,0.0368,6.0864,0.4045,0.2396,0.1371,0.2918,4,Cladosporium Leaf Spot
spinach_2_0154.jpg,115.3498,115.784,49.3426,26.7366,25.5178,23.9927,7.0159,0.6968,0.258,0.7466,0.6903,62763.5453,841.2366,0.8194,0.9707,1.0955,13.7295,0.0191,8.8509,0.172,0.1771,0.0982,0.3349,2,Anthracnose
spinach_3_0007.jpg,128.2648,128.7449,63.5942,29.2728,27.4515,20.2696,2.7682,0.7464,0.3447,0.7853,0.5755,50146.4479,929.1711,0.805,0.9264,1.0139,6.9869,0.0203,6.8417,0.1564,0.142,0.092,0.2643,3,White Rust
spinach_4_0061.jpg,118.8888,131.8486,67.9467,35.0848,37.3092,20.6703,7.9342,0.5618,0.2043,0.6137,0.9473,49632.6665,1088.3516,0.9151,0.9649,1.2224,27.4325,0.0366,7.911,0.2847,0.19,0.1337,0.4502,4,Cladosporium Leaf Spot
spinach_3_0142.jpg,140.4085,138.9981,73.2823,27.8595,31.4905,21.4862,5.9899,0.7671,0.398,0.6954,0.6767,46458.2031,979.5864,0.805,0.9429,1.0688,4.8371,0.02,3.4738,0.1084,0.1975,0.0502,0.2005,3,White Rust
spinach_0_0170.jpg,100.8639,136.1169,66.1931,13.9225,9.9324,5.641,0.2042,0.9502,0.4521,0.7842,0.5991,48817.5198,952.1046,0.8085,0.9466,0.9982,1.0758,0.0,5.6034,0.0203,0.0381,0.014,0.0803,0,No Disease
spinach_0_0157.jpg,97.0034,132.9829,71.6033,26.7366,26.005,16.7926,1.3598,1.0,0.5458,0.84,0.2425,58980.4578,1016.8246,0.9151,0.8953,1.2367,2.2805,0.0124,0.0,0.1734,0.1115,0.039,0.2516,0,No Disease
spinach_1_0103.jpg,117.3165,129.6886,56.8564,23.1543,29.0526,19.3209,3.639,0.7365,0.4394,0.6219,0.6059,55339.8997,945.1229,0.9238,0.9413,1.2159,21.2003,0.0261,5.0935,0.2387,0.1076,0.0827,0.2582,1,Downy Mildew
spinach_0_0009.jpg,109.2876,155.8933,73.4659,13.8777,10.1592,21.6037,4.9302,0.8856,0.5493,0.9823,0.3093,47526.3649,984.3327,0.7463,0.9299,1.1069,3.3503,0.0173,1.3631,0.1322,0.0,0.0388,0.1325,0,No Disease
spinach_1_0123.jpg,137.5549,138.3527,74.0602,30.8339,32.5495,28.4034,7.117,0.7965,0.4136,0.7571,0.5762,54106.2581,827.9652,0.7785,0.8511,1.2378,9.1181,0.0236,7.424,0.205,0.1878,0.049,0.5018,1,Downy Mildew
spinach_4_0069.jpg,123.0982,138.6095,58.6847,26.7654,37.8417,25.5461,9.7191,0.569,0.3711,0.5832,0.7664,47260.3841,802.2346,0.7718,0.8327,0.9772,21.1297,0.0368,5.5665,0.2974,0.1549,0.148,0.3807,4,Cladosporium Leaf Spot
spinach_3_0033.jpg,135.0076,130.6378,67.6785,31.2419,18.4737,22.2902,4.4274,0.7865,0.4668,0.7248,0.5239,52224.6613,894.7276,0.8744,0.9452,1.1332,4.9474,0.0104,7.5529,0.1195,0.1246,0.079,0.2551,3,White Rust
spinach_1_0125.jpg,115.2265,130.3763,68.5697,32.4121,22.4495,16.8231,5.6294,0.7777,0.3131,0.6977,0.5381,49960.8891,823.8966,0.8324,0.8699,0.9736,8.6644,0.0186,2.1816,0.1597,0.114,0.0702,0.3222,1,Downy Mildew
spinach_5_0103.jpg,86.4297,122.1826,55.9075,30.8601,29.887,19.9948,6.1174,0.7899,0.3353,0.6663,0.6266,55889.5633,1031.0731,0.8041,0.8822,1.1751,5.3228,0.026,5.321,0.2747,0.2058,0.0664,0.3534,5,Spinach Blight (Cucumber Mosaic Virus)
spinach_0_0040.jpg,96.3768,144.2676,59.7149,21.9485,17.5128,14.4102,4.7001,0.8502,0.7448,0.8642,0.2923,52349.5979,812.3755,0.7249,0.9399,1.1644,0.0,0.0139,3.2835,0.1718,0.1012,0.0741,0.0495,0,No Disease
spinach_2_0028.jpg,95.733,100.3084,62.521,38.1249,27.9478,26.9972,3.6071,0.64,0.2301,0.7546,0.5353,43610.9058,931.4025,0.8637,0.896,1.1256,16.1512,0.0253,4.1295,0.2582,0.1845,0.1324,0.375,2,Anthracnose
spinach_2_0158.jpg,106.4504,128.1803,67.3895,25.7605,25.6926,20.9924,7.1185,0.7683,0.3157,0.7763,0.7002,61630.9607,911.8831,0.7942,0.9144,1.053,6.8189,0.0251,5.6387,0.1504,0.1571,0.0583,0.3222,2,Anthracnose
spinach_1_0172.jpg,119.9733,153.5365,56.0511,26.7041,31.0676,23.4685,9.7163,0.6814,0.3508,0.8457,0.4904,50016.1601,893.4353,0.8522,0.9254,1.1366,8.3903,0.0297,12.0465,0.2246,0.134,0.0476,0.259,1,Downy Mildew
spinach_0_0037.jpg,117.1419,109.5988,75.1675,27.8072,11.3611,13.4808,0.7201,0.8285,0.5539,0.9799,0.6037,50320.3039,1110.506,0.7721,0.9738,1.1125,2.5242,0.0089,6.9219,0.1426,0.0517,0.0642,0.1711,0,No Disease
spinach_3_0057.jpg,134.6381,147.1729,56.3474,21.4332,23.5118,27.7161,3.5054,0.7305,0.4936,0.8234,0.618,47268.2207,851.7952,0.7929,0.9516,1.0909,7.9108,0.0088,7.3538,0.1777,0.1631,0.0707,0.2868,3,White Rust
spinach_0_0018.jpg,105.5435,133.8105,75.6751,23.5098,17.6912,18.0405,2.3897,0.9424,0.5236,0.8674,0.4397,56102.6424,880.6259,0.8013,0.9234,1.1106,5.3181,0.0,0.0,0.0259,0.0,0.023,0.26,0,No Disease
spinach_5_0110.jpg,122.087,127.258,62.5041,28.3156,24.3348,23.4532,4.7477,0.6468,0.2266,0.7021,0.7565,48739.4949,860.3838,0.8267,0.8749,1.092,15.5613,0.0265,7.1607,0.2732,0.1765,0.0722,0.3125,5,Spinach Blight (Cucumber Mosaic Virus)
spinach_1_0152.jpg,112.7512,113.0052,57.5706,33.6339,28.1607,19.9799,7.8345,0.7998,0.4087,0.7484,0.6429,46840.5653,900.4505,0.8085,0.8678,1.0849,8.7878,0.0282,1.4799,0.1709,0.1107,0.104,0.3065,1,Downy Mildew
spinach_3_0080.jpg,120.7102,137.1782,61.8606,22.5423,29.6749,19.1831,4.1886,0.756,0.4964,0.7076,0.5927,52779.101,726.1345,0.8877,0.9565,1.046,3.5103,0.0188,1.4334,0.2382,0.1013,0.1105,0.214,3,White Rust
spinach_0_0083.jpg,94.3644,141.196,59.5104,22.7143,22.1226,11.8673,0.0672,0.7275,0.5587,0.8393,0.2649,54265.0938,875.003,0.7055,0.9161,1.2057,4.4117,0.005,2.3144,0.042,0.0813,0.0437,0.1624,0,No Disease
spinach_2_0053.jpg,97.9663,111.7281,78.5922,33.8897,25.6763,20.5532,6.9275,0.6904,0.3465,0.7371,0.5947,45208.0616,917.0195,0.7299,0.9182,1.0789,6.6884,0.0279,3.0667,0.2647,0.1501,0.1563,0.4357,2,Anthracnose
spinach_0_0071.jpg,107.8822,136.2239,71.6594,20.393,13.6096,17.1285,6.9542,0.7578,0.6059,0.8268,0.4777,52232.7874,996.1855,0.8405,0.9348,1.2106,0.0,0.0187,1.8751,0.1539,0.0312,0.0192,0.2117,0,No Disease
spinach_0_0111.jpg,116.4826,144.9641,73.9575,20.7276,16.1252,19.1826,0.5289,0.7702,0.6292,0.9242,0.468,54038.6418,887.946,0.8172,0.9289,1.081,0.7524,0.0222,0.0,0.125,0.0128,0.0373,0.1653,0,No Disease
spinach_0_0167.jpg,120.6035,135.6966,79.6705,26.1599,16.6812,14.1571,1.4406,0.8795,0.6483,0.8962,0.4435,46373.8824,823.251,0.8986,0.9256,1.058,7.7244,0.0083,2.2407,0.0931,0.0673,0.0358,0.0894,0,No Disease
spinach_3_0135.jpg,128.2761,146.3278,73.9685,38.3825,28.0903,19.645,3.2501,0.7491,0.4335,0.8158,0.48,57460.8859,766.0437,0.682,0.9166,1.0426,2.9671,0.0119,2.6293,0.1705,0.0952,0.0565,0.2796,3,White Rust
spinach_5_0165.jpg,99.0562,87.9454,77.2421,34.8873,17.6166,25.56,6.3869,0.6941,0.4394,0.608,0.6489,49897.4059,878.0449,0.728,0.9112,1.1748,13.6293,0.0222,10.2403,0.1638,0.1809,0.0961,0.501,5,Spinach Blight (Cucumber Mosaic Virus)
spinach_3_0156.jpg,120.7463,124.2435,55.5789,16.6464,30.8136,11.1489,6.8293,0.7043,0.5549,0.6258,0.5265,58770.122,976.321,0.7598,0.8714,1.0042,13.5566,0.0142,3.8707,0.1842,0.0679,0.0802,0.2464,3,White Rust
spinach_3_0137.jpg,107.853,118.7962,61.9779,24.8668,19.5185,22.5713,6.651,0.7923,0.5048,0.799,0.551,45032.2065,802.2008,0.6989,0.9163,1.1286,2.203,0.0176,2.4246,0.1165,0.095,0.042,0.3285,3,White Rust
spinach_0_0066.jpg,93.9601,142.5508,62.7993,23.5599,11.0926,12.7348,0.9382,1.0,0.6064,0.8652,0.4699,41464.0383,915.6866,0.8899,0.9333,1.1254,4.1925,0.0132,0.0,0.0159,0.0884,0.0221,0.305,0,No Disease
spinach_5_0006.jpg,94.3899,118.8263,70.7606,29.7048,26.649,22.2005,6.8575,0.7673,0.4504,0.7317,0.6451,49063.5085,791.9669,0.7624,0.9136,1.033,15.2557,0.0236,6.8753,0.2418,0.1837,0.0781,0.3727,5,Spinach Blight (Cucumber Mosaic Virus)
spinach_2_0104.jpg,94.2359,90.4693,64.6507,28.1263,25.6929,26.3238,9.3749,0.7228,0.5342,0.7352,0.7202,51201.9441,751.4504,0.8574,0.8389,1.0331,14.0917,0.0207,5.2868,0.322,0.2042,0.0929,0.3124,2,Anthracnose
spinach_0_0172.jpg,115.9918,143.3614,73.6692,25.9986,19.3486,15.2724,4.5168,0.9092,0.5557,0.8214,0.4903,58185.2527,914.9413,0.8485,0.8807,1.1156,1.8396,0.0002,5.4909,0.0967,0.0637,0.0406,0.0398,0,No Disease
spinach_2_0063.jpg,114.5595,113.7244,52.3873,28.3246,18.5843,26.3678,4.9002,0.6626,0.4318,0.7588,0.5125,49540.7596,925.9745,0.8031,0.9336,1.0143,5.8038,0.0335,5.1332,0.1421,0.1537,0.1408,0.2489,2,Anthracnose
spinach_3_0124.jpg,116.6924,138.4878,68.9824,25.4269,22.5743,20.1485,5.16,0.8293,0.5576,0.7271,0.5328,49386.9594,848.4328,0.683,0.9206,1.1483,7.3796,0.0169,4.7532,0.2406,0.1032,0.0407,0.2728,3,White Rust
spinach_5_0126.jpg,95.6648,106.1021,64.2893,29.2611,26.0369,28.9532,7.526,0.8786,0.3649,0.7849,0.6117,46694.3407,1084.5543,0.7639,0.8442,1.0334,3.9667,0.0164,3.8544,0.2118,0.068,0.1199,0.1899,5,Spinach Blight (Cucumber Mosaic Virus)
spinach_4_0148.jpg,121.1986,121.0572,58.2112,32.5982,28.797,18.9173,8.6471,0.6266,0.365,0.6546,0.724,54874.5503,943.3134,0.8738,0.9024,1.0542,20.4671,0.0182,11.2866,0.2837,0.2774,0.1083,0.3006,4,Cladosporium Leaf Spot
spinach_1_0085.jpg,125.9546,133.1906,63.636,14.0364,34.2774,17.4229,8.9881,0.6241,0.365,0.6058,0.6462,45493.7159,792.7,0.7076,0.9294,1.1569,17.2481,0.0145,5.1939,0.1255,0.1166,0.067,0.3472,1,Downy Mildew
spinach_0_0003.jpg,113.7143,141.4596,77.4313,20.3379,18.4456,17.5252,0.01,0.8744,0.5424,0.8353,0.3925,59474.7066,833.4169,0.8281,0.8879,1.0932,2.651,0.0107,2.4802,0.1397,0.0661,0.0284,0.2686,0,No Disease
spinach_2_0101.jpg,116.8091,124.4965,53.5487,37.6736,33.5817,25.709,5.567,0.5984,0.3539,0.7043,0.5132,52473.4657,1008.7462,0.8346,0.8831,1.0164,15.1994,0.0258,6.8975,0.2601,0.2037,0.0817,0.3677,2,Anthracnose
spinach_2_0125.jpg,106.8195,101.4974,55.2182,38.3247,20.107,21.8696,10.6249,0.7127,0.3506,0.689,0.7329,58478.8597,826.9146,0.7545,0.8655,1.0882,8.3773,0.0233,4.4644,0.2837,0.1397,0.1199,0.2217,2,Anthracnose
spinach_0_0040.jpg,96.3768,144.2676,59.7149,21.9485,17.5128,14.4102,4.7001,0.8502,0.7448,0.8642,0.2923,52349.5979,812.3755,0.7249,0.9399,1.1644,0.0,0.0139,3.2835,0.1718,0.1012,0.0741,0.0495,0,No Disease
spinach_0_0033.jpg,112.7777,147.8771,59.041,8.7637,22.0087,19.7509,0.2649,0.7512,0.5879,0.9452,0.5998,54581.4879,882.8283,0.7164,0.9303,1.0961,0.0,0.0224,4.4133,0.1568,0.0432,0.0614,0.2512,0,No Disease
spinach_0_0150.jpg,110.251,159.6485,78.3401,11.9747,24.0174,13.6364,2.1822,0.7977,0.6221,0.8344,0.43,50579.505,1112.5013,0.8889,0.9312,1.1251,0.5062,0.0148,0.6079,0.0789,0.1191,0.0265,0.197,0,No Disease
spinach_0_0106.jpg,118.5676,130.8052,66.9433,23.0812,5.3645,7.5552,1.5228,1.0,0.5451,0.8871,0.5334,62534.4237,862.3152,0.769,0.9756,0.9982,6.1103,0.0,1.3845,0.0879,0.0417,0.0154,0.2221,0,No Disease
spinach_3_0053.jpg,110.8998,130.4857,63.3038,31.0237,18.9588,21.8096,5.1327,0.8423,0.528,0.7777,0.3804,50341.2956,903.0044,0.7972,0.9016,1.2013,8.0545,0.0096,3.1752,0.2664,0.1466,0.0962,0.1967,3,White Rust
spinach_0_0102.jpg,105.1172,112.7827,76.1336,8.9026,24.3497,15.6779,3.6994,0.8278,0.4558,0.8983,0.4166,49542.2959,928.4661,0.936,0.9509,1.204,5.3757,0.0178,0.8579,0.0,0.0725,0.0603,0.1224,0,No Disease
spinach_1_0072.jpg,129.1039,157.9233,65.5393,27.5838,24.8531,26.2417,4.4814,0.7177,0.307,0.6771,0.5582,50720.315,1076.9083,0.8222,0.8872,1.0418,15.499,0.029,4.8507,0.1679,0.175,0.0552,0.3414,1,Downy Mildew
spinach_2_0008.jpg,124.3638,132.0961,60.11,33.544,30.8372,28.5831,8.2377,0.5738,0.5408,0.7746,0.639,44851.8746,930.4813,0.7833,0.9082,1.1395,11.7342,0.0181,6.7945,0.2033,0.1658,0.0764,0.3298,2,Anthracnose
spinach_3_0071.jpg,131.7268,132.1569,55.0388,19.8047,24.7105,12.9815,2.3361,0.8129,0.4422,0.7313,0.5005,44145.9309,953.4453,0.7316,0.9066,1.1377,6.9735,0.0114,0.419,0.1884,0.1232,0.0571,0.197,3,White Rust
spinach_2_0012.jpg,112.9384,117.1037,53.392,31.6276,37.1432,27.8427,7.5167,0.7485,0.3105,0.6818,0.7848,57435.836,802.9134,0.771,0.9545,1.0877,21.2934,0.0287,6.5431,0.2147,0.1977,0.1439,0.2672,2,Anthracnose
spinach_1_0128.jpg,111.1152,136.8832,60.9745,34.895,26.1933,24.7438,1.8211,0.7332,0.4628,0.7757,0.7061,49170.4788,904.8787,0.8609,0.853,1.1471,8.6645,0.0127,5.4058,0.2514,0.1716,0.0766,0.3801,1,Downy Mildew
spinach_0_0168.jpg,104.1207,142.2564,86.8037,20.43,5.3291,14.6241,6.6572,0.9693,0.5151,0.9214,0.3458,45230.9624,885.1631,0.7755,0.8832,1.0281,2.0413,0.0027,1.9107,0.0393,0.1086,0.0104,0.3314,0,No Disease
spinach_1_0174.jpg,125.5527,132.7777,70.3796,24.337,20.0245,26.4429,2.911,0.8401,0.5356,0.8202,0.5412,46917.3808,878.9944,0.7123,0.886,1.1516,12.5974,0.0116,6.017,0.2127,0.1904,0.0942,0.3947,1,Downy Mildew
spinach_4_0092.jpg,107.2434,113.786,58.0829,28.6869,24.9179,20.3653,9.597,0.7261,0.3196,0.6588,0.6474,50855.1035,912.9964,0.7768,0.8999,1.0947,13.7834,0.0435,7.1262,0.3538,0.2068,0.1793,0.484,4,Cladosporium Leaf Spot
spinach_2_0096.jpg,114.101,123.6746,60.3234,29.5045,25.706,24.177,7.886,0.7724,0.4047,0.6676,0.6573,43385.3153,1046.1214,0.7675,0.9242,1.1021,15.2149,0.0261,4.682,0.1816,0.2291,0.1128,0.44,2,Anthracnose
spinach_3_0136.jpg,134.1424,152.1782,68.1821,26.1277,21.0841,21.925,5.4634,0.8761,0.3089,0.7636,0.5839,51368.5802,811.0827,0.702,0.9402,1.0494,0.9804,0.0239,4.8262,0.1642,0.0834,0.0672,0.3772,3,White Rust
spinach_0_0146.jpg,102.1863,136.2849,75.9039,14.6052,8.8598,13.6073,3.299,1.0,0.6426,0.7772,0.3968,53283.1719,937.7591,0.8024,0.9071,1.1252,3.6813,0.0126,0.0,0.0827,0.0,0.0245,0.158,0,No Disease
spinach_0_0027.jpg,107.4166,119.4754,76.1233,17.1123,23.3722,12.4896,0.9178,0.9433,0.641,0.9114,0.2514,54690.1722,816.5692,0.7841,0.8944,1.1557,0.0,0.0,2.4849,0.1121,0.0554,0.0763,0.1647,0,No Disease
spinach_0_0080.jpg,114.3264,144.3238,69.9134,9.4616,20.8462,19.8869,3.0957,0.8296,0.6339,0.9402,0.5759,47619.4504,897.3545,0.8148,0.9314,1.0306,3.6585,0.0106,1.3583,0.111,0.0697,0.077,0.1279,0,No Disease
spinach_2_0123.jpg,104.522,107.9917,67.7682,27.7138,24.9472,21.5074,6.8895,0.5541,0.3369,0.7161,0.7123,55789.9653,1063.9392,0.8907,0.9229,1.0681,11.5077,0.0271,7.154,0.2711,0.1849,0.107,0.4129,2,Anthracnose
spinach_0_0091.jpg,101.5785,123.5239,56.178,18.6922,17.2825,9.8555,1.9414,0.9043,0.4075,0.8159,0.4607,53935.2936,804.6325,0.7795,0.9556,1.1822,1.6189,0.0023,0.0672,0.1234,0.0878,0.0557,0.2105,0,No Disease
spinach_2_0018.jpg,111.8093,132.5871,67.0159,29.4072,26.0098,11.5987,6.4449,0.5717,0.3977,0.7107,0.7596,56983.3524,877.3731,0.9368,0.9058,0.9752,11.7517,0.024,7.1658,0.1826,0.1481,0.106,0.3142,2,Anthracnose
spinach_0_0020.jpg,94.3025,131.8029,75.4231,19.0538,18.6433,16.4477,4.2451,0.8726,0.4619,0.9547,0.3869,57572.9622,958.3377,0.7621,0.9387,1.2761,10.3079,0.0066,1.4883,0.1538,0.0462,0.0483,0.1979,0,No Disease
spinach_0_0077.jpg,100.0825,148.8214,65.8039,16.9053,13.7181,12.7374,3.8686,0.9503,0.7168,1.0,0.3169,52352.0956,802.38,0.7233,0.9142,1.0354,0.0,0.0048,0.0,0.1421,0.0433,0.1102,0.1639,0,No Disease
spinach_4_0117.jpg,104.5219,104.2954,61.4971,37.5459,30.798,27.7212,5.8876,0.5842,0.1643,0.65,0.5436,57163.3085,1045.4821,0.7984,0.8522,1.1001,25.4365,0.0378,9.633,0.2457,0.1552,0.1282,0.2359,4,Cladosporium Leaf Spot
spinach_1_0120.jpg,113.1358,130.0115,63.9698,18.4695,22.846,24.1809,4.8568,0.722,0.443,0.7512,0.5069,50818.2694,999.4073,0.7269,0.9006,0.9895,13.7655,0.0193,3.2696,0.1946,0.0819,0.0542,0.1932,1,Downy Mildew
spinach_1_0179.jpg,116.3642,126.7424,59.5899,28.1597,26.0541,21.7934,3.4964,0.6601,0.4619,0.863,0.6252,48941.6579,922.434,0.7218,0.9427,1.1149,7.3222,0.0187,3.8513,0.2556,0.1219,0.0839,0.3559,1,Downy Mildew
spinach_5_0085.jpg,96.8382,115.7503,44.7678,33.1178,31.9213,17.7919,5.5298,0.7461,0.4016,0.7626,0.6213,58816.3269,803.026,0.9715,0.931,1.1566,7.8381,0.0313,6.4871,0.104,0.0938,0.0989,0.3293,5,Spinach Blight (Cucumber Mosaic Virus)
spinach_0_0045.jpg,99.9926,120.794,63.6397,14.8948,17.2609,13.9046,1.4274,0.9496,0.6072,0.9021,0.461,55080.6733,709.2047,0.7481,0.8755,1.1229,1.9815,0.0144,3.3377,0.1101,0.06,0.0521,0.1578,0,No Disease
spinach_1_0123.jpg,137.5549,138.3527,74.0602,30.8339,32.5495,28.4034,7.117,0.7965,0.4136,0.7571,0.5762,54106.2581,827.9652,0.7785,0.8511,1.2378,9.1181,0.0236,7.424,0.205,0.1878,0.049,0.5018,1,Downy Mildew
spinach_3_0032.jpg,124.8586,148.044,64.0006,17.7799,24.3853,20.5055,5.6448,0.6688,0.6033,0.8297,0.5212,46822.7343,1012.7153,0.7139,0.9765,1.0609,14.882,0.0155,6.8453,0.1333,0.1208,0.0901,0.333,3,White Rust
spinach_0_0051.jpg,106.8406,149.5892,74.1812,17.1926,20.4891,15.4425,2.0023,1.0,0.3839,0.7808,0.3013,50183.6968,894.5392,0.6796,0.9054,1.0511,11.8297,0.0204,0.4589,0.0818,0.034,0.0,0.1906,0,No Disease
spinach_0_0034.jpg,109.4255,152.7463,77.083,23.7001,20.1845,16.3632,0.01,0.9067,0.5355,0.7904,0.5882,60644.9767,1055.9221,0.7853,0.9638,1.121,2.8112,0.0,1.9146,0.103,0.0279,0.0387,0.1936,0,No Disease
spinach_3_0051.jpg,125.7267,130.3411,51.728,17.8303,19.6649,19.5665,3.8554,0.7981,0.4145,0.716,0.6113,58346.9725,794.2832,0.7946,0.8724,0.992,5.6449,0.0261,2.5983,0.1292,0.1214,0.0709,0.2172,3,White Rust
spinach_0_0176.jpg,95.3526,131.9179,77.0777,19.1554,17.982,10.1028,1.2152,0.947,0.6276,0.8293,0.4362,62994.2393,918.2402,0.7284,0.9257,1.1274,1.3953,0.0057,0.0,0.0519,0.074,0.0359,0.1547,0,No Disease
spinach_5_0110.jpg,122.087,127.258,62.5041,28.3156,24.3348,23.4532,4.7477,0.6468,0.2266,0.7021,0.7565,48739.4949,860.3838,0.8267,0.8749,1.092,15.5613,0.0265,7.1607,0.2732,0.1765,0.0722,0.3125,5,Spinach Blight (Cucumber Mosaic Virus)
spinach_1_0148.jpg,121.7755,134.743,66.804,24.3753,31.4486,19.1605,6.2155,0.7876,0.5675,0.7378,0.5447,43509.2731,1055.2367,0.8153,0.9213,1.3493,11.3002,0.0096,4.4474,0.1413,0.1142,0.0699,0.263,1,Downy Mildew
spinach_2_0081.jpg,100.8999,111.9662,51.5852,34.0003,18.8061,17.6362,5.9944,0.7346,0.4786,0.7966,0.743,49585.5523,959.4626,0.7313,0.8539,1.1149,9.9773,0.0265,6.3153,0.2424,0.1975,0.1308,0.3656,2,Anthracnose
spinach_3_0037.jpg,122.6642,149.4167,74.271,19.3061,18.5967,21.8992,5.4007,0.686,0.5199,0.7176,0.6804,54147.2458,791.8076,0.7483,0.9063,1.1228,7.1841,0.0078,1.4903,0.1975,0.1314,0.0726,0.3017,3,White Rust
spinach_3_0135.jpg,128.2761,146.3278,73.9685,38.3825,28.0903,19.645,3.2501,0.7491,0.4335,0.8158,0.48,57460.8859,766.0437,0.682,0.9166,1.0426,2.9671,0.0119,2.6293,0.1705,0.0952,0.0565,0.2796,3,White Rust
spinach_2_0099.jpg,112.348,131.7233,50.8776,29.204,24.9848,20.2649,7.4159,0.5764,0.3711,0.7361,0.6685,44998.979,983.0185,0.8438,0.874,0.9765,10.1923,0.0314,6.596,0.2695,0.147,0.0869,0.4235,2,Anthracnose
spinach_3_0059.jpg,136.0196,93.2342,70.5214,26.0606,21.8257,22.4391,5.2429,0.8242,0.4386,0.8849,0.6279,54212.633,954.3705,0.8494,0.9455,1.101,11.9612,0.0184,7.4505,0.2249,0.095,0.1283,0.1118,3,White Rust
spinach_0_0032.jpg,104.8792,136.6824,62.2729,12.1826,20.4287,13.5962,0.2621,0.8923,0.6702,0.7203,0.2703,47385.5678,1066.1179,0.787,0.9492,1.0288,0.0,0.0096,1.3049,0.1274,0.0725,0.047,0.2126,0,No Disease
spinach_1_0059.jpg,120.6919,118.3269,55.947,30.177,28.4335,17.0574,6.64,0.6974,0.4313,0.8592,0.6907,54979.3599,1090.879,0.7478,0.8854,1.0422,8.982,0.0012,4.4266,0.1628,0.1614,0.0888,0.2619,1,Downy Mildew
spinach_3_0007.jpg,128.2648,128.7449,63.5942,29.2728,27.4515,20.2696,2.7682,0.7464,0.3447,0.7853,0.5755,50146.4479,929.1711,0.805,0.9264,1.0139,6.9869,0.0203,6.8417,0.1564,0.142,0.092,0.2643,3,White Rust
spinach_1_0010.jpg,95.4482,134.4784,67.1528,26.0018,18.2605,21.3557,3.0103,0.6578,0.3699,0.8191,0.5737,48760.6679,1095.4693,0.8111,0.9185,1.0704,7.6145,0.0025,6.5437,0.2124,0.1228,0.0766,0.3689,1,Downy Mildew
spinach_0_0051.jpg,106.8406,149.5892,74.1812,17.1926,20.4891,15.4425,2.0023,1.0,0.3839,0.7808,0.3013,50183.6968,894.5392,0.6796,0.9054,1.0511,11.8297,0.0204,0.4589,0.0818,0.034,0.0,0.1906,0,No Disease
spinach_5_0019.jpg,87.2464,101.1476,65.2699,30.3118,17.8559,17.7698,5.7788,0.7867,0.335,0.7398,0.6745,48251.5409,896.802,0.7293,0.8836,1.2047,18.0191,0.0307,7.3807,0.1187,0.1121,0.0822,0.5333,5,Spinach Blight (Cucumber Mosaic Virus)
spinach_0_0162.jpg,97.1881,144.746,70.143,19.1071,19.9847,14.4318,1.527,0.9376,0.6335,0.8697,0.4281,48091.0489,833.9317,0.8161,0.9411,1.1564,3.1234,0.0064,2.4535,0.1468,0.1164,0.0375,0.311,0,No Disease
spinach_5_0061.jpg,91.2098,138.644,66.9962,35.1301,30.2765,25.933,6.0616,0.8385,0.4677,0.7329,0.6763,48816.3379,875.2239,0.8074,0.9095,1.2292,7.1791,0.0331,4.7372,0.2735,0.1367,0.1003,0.3273,5,Spinach Blight (Cucumber Mosaic Virus)
spinach_2_0158.jpg,106.4504,128.1803,67.3895,25.7605,25.6926,20.9924,7.1185,0.7683,0.3157,0.7763,0.7002,61630.9607,911.8831,0.7942,0.9144,1.053,6.8189,0.0251,5.6387,0.1504,0.1571,0.0583,0.3222,2,Anthracnose
spinach_3_0155.jpg,127.7623,137.0873,58.1958,24.4767,20.7108,27.0572,2.9961,0.7965,0.3727,0.7409,0.5777,50443.185,904.4009,0.8,0.9077,1.1807,6.7781,0.0162,4.6504,0.1814,0.1458,0.0779,0.3175,3,White Rust
spinach_3_0095.jpg,126.7946,147.0433,69.9672,20.6796,19.4965,17.7486,4.483,0.9136,0.6164,0.8386,0.5619,44691.7389,927.0008,0.7326,0.9608,0.9815,9.5379,0.01,3.9829,0.2033,0.1609,0.0685,0.3409,3,White Rust
spinach_4_0022.jpg,106.6722,121.0271,56.6443,31.3157,38.7872,25.6887,9.1059,0.5928,0.2772,0.6584,1.0,49062.8615,926.1438,0.7403,0.8211,1.0068,27.5228,0.0388,10.4537,0.2526,0.0957,0.1023,0.4218,4,Cladosporium Leaf Spot
spinach_3_0024.jpg,128.7313,131.0796,63.6482,21.1579,24.6847,16.8007,2.9354,0.8605,0.4457,0.7697,0.6192,48162.0665,858.1847,0.7983,0.8815,1.1277,4.9772,0.0238,4.984,0.1907,0.0557,0.0674,0.1858,3,White Rust
spinach_0_0164.jpg,117.9935,135.8977,66.9455,19.1102,20.7889,14.0903,1.1556,0.8841,0.4783,0.9078,0.2413,49779.3927,995.9385,0.7882,0.9448,1.1148,6.679,0.0134,2.0031,0.1464,0.11,0.029,0.0925,0,No Disease
spinach_2_0062.jpg,122.4454,107.693,44.3442,31.6148,16.7817,21.7956,9.0177,0.7263,0.4634,0.7434,0.931,47058.8019,919.8132,0.7737,0.9239,1.0751,20.8754,0.0228,8.6328,0.2597,0.1587,0.1236,0.3709,2,Anthracnose
spinach_3_0118.jpg,136.5298,139.6901,54.6479,28.6176,22.8474,21.5249,6.4985,0.8044,0.3422,0.77,0.3882,54745.3094,1044.797,0.7055,0.9032,1.0394,6.1844,0.0203,3.2025,0.2026,0.1626,0.0975,0.1905,3,White Rust
spinach_2_0114.jpg,99.2278,110.8158,70.4488,33.5718,22.4088,21.9317,6.6003,0.637,0.2432,0.6526,0.8289,48094.2776,869.6746,0.8084,0.9555,1.0807,18.3758,0.0222,5.6331,0.2306,0.129,0.1049,0.421,2,Anthracnose
spinach_4_0031.jpg,112.3305,117.9301,52.3604,35.1615,30.4067,26.7407,8.0818,0.6146,0.434,0.7315,0.9015,52362.9718,1025.2664,0.765,0.885,1.1656,21.3737,0.0317,5.6167,0.2598,0.1626,0.1731,0.4508,4,Cladosporium Leaf Spot
spinach_0_0041.jpg,101.8209,129.4629,72.9538,17.1428,16.1692,22.5287,1.7115,0.9331,0.5614,0.8853,0.4206,54241.6203,1036.5308,0.8688,0.9377,1.1672,0.0,0.0053,2.8925,0.1433,0.0885,0.0622,0.2393,0,No Disease
spinach_3_0113.jpg,123.9381,122.6144,59.0828,21.7379,26.6426,23.8454,6.0749,0.8052,0.493,0.7994,0.5908,53876.8129,764.5578,0.7326,0.8943,1.1986,14.6164,0.0,6.8167,0.1743,0.1605,0.0827,0.3952,3,White Rust
spinach_0_0137.jpg,97.7386,143.0668,77.3473,16.6516,17.2592,12.5056,1.1049,0.81,0.6813,0.9546,0.4737,61860.9798,901.0754,0.9519,0.9243,1.1404,0.4089,0.009,2.7041,0.0943,0.1511,0.046,0.2216,0,No Disease
spinach_0_0100.jpg,123.8619,132.9881,56.1269,26.1762,17.0668,19.4198,2.4708,0.9367,0.609,0.9288,0.6477,56855.0317,761.9661,0.7968,0.9585,1.2162,0.2936,0.0153,2.8699,0.2286,0.05,0.0273,0.1755,0,No Disease
spinach_3_0003.jpg,117.3502,121.2226,72.8695,28.3968,19.6695,24.8533,4.8359,0.832,0.4837,0.7676,0.4545,50772.317,989.2051,0.7495,0.931,1.0234,11.1202,0.0195,1.8362,0.1588,0.1573,0.0385,0.1943,3,White Rust
spinach_4_0165.jpg,124.6307,141.0071,62.7927,38.762,26.6071,27.9503,7.1288,0.5897,0.3478,0.5713,0.7929,48940.209,691.2439,0.7625,0.8814,1.1382,19.1408,0.0456,8.4362,0.2423,0.1877,0.1213,0.429,4,Cladosporium Leaf Spot
spinach_0_0166.jpg,103.2877,120.7444,63.5565,24.196,16.7505,13.7236,0.7271,0.8823,0.6041,0.9488,0.1575,47841.1941,935.9096,0.7641,0.9401,1.1414,0.7805,0.0018,0.7581,0.1574,0.0507,0.0384,0.2147,0,No Disease
spinach_3_0051.jpg,125.7267,130.3411,51.728,17.8303,19.6649,19.5665,3.8554,0.7981,0.4145,0.716,0.6113,58346.9725,794.2832,0.7946,0.8724,0.992,5.6449,0.0261,2.5983,0.1292,0.1214,0.0709,0.2172,3,White Rust
spinach_0_0180.jpg,114.7466,131.2299,66.1314,16.772,20.6632,11.0001,2.6064,0.9597,0.5729,0.9507,0.3896,50930.722,822.2754,0.831,0.9108,1.148,1.7147,0.0,0.1036,0.1691,0.0881,0.0148,0.2244,0,No Disease
spinach_2_0001.jpg,115.0325,113.6422,55.0096,29.1007,30.6224,26.3629,5.2894,0.741,0.3279,0.7328,0.6708,57828.9427,838.1925,0.8107,0.9152,1.0101,13.7086,0.0249,5.1751,0.208,0.2045,0.095,0.3953,2,Anthracnose
spinach_2_0128.jpg,106.7078,104.8883,48.7697,30.3032,28.533,17.2874,8.2919,0.7411,0.458,0.721,0.7537,60925.1292,849.8478,0.7373,0.8616,1.2205,21.0751,0.0196,4.7908,0.2138,0.209,0.0778,0.1927,2,Anthracnose
spinach_2_0009.jpg,118.1495,122.6653,51.6931,24.1587,27.0788,25.2441,7.6888,0.639,0.4038,0.8052,0.7105,41834.2603,900.32,0.9226,0.8678,1.0824,13.0947,0.0278,6.4497,0.287,0.1634,0.1419,0.3406,2,Anthracnose
spinach_2_0164.jpg,105.7224,125.9149,64.0218,32.4369,30.3766,14.6658,9.7018,0.6637,0.4797,0.5577,0.7157,47182.4886,937.212,0.819,0.9092,0.9953,13.7721,0.0256,6.9916,0.2795,0.166,0.0781,0.3586,2,Anthracnose
spinach_5_0111.jpg,120.3149,115.4559,66.4477,24.7002,25.5427,24.8655,6.4252,0.6684,0.377,0.8134,0.7168,52170.2011,914.0882,0.739,0.9068,1.1754,10.9563,0.0318,6.3814,0.2514,0.152,0.1122,0.2228,5,Spinach Blight (Cucumber Mosaic Virus)
spinach_5_0052.jpg,102.0915,113.1398,65.5285,29.8867,20.8,22.4262,3.4161,0.756,0.3118,0.8124,0.4055,57872.1247,706.0779,0.738,0.9075,1.1395,10.8665,0.0311,3.9662,0.19,0.1379,0.0765,0.1853,5,Spinach Blight (Cucumber Mosaic Virus)
spinach_3_0140.jpg,117.123,150.72,70.7963,30.1441,15.4221,22.6193,3.1485,0.663,0.4791,0.796,0.5553,55087.7921,992.3566,0.8682,0.8902,1.2302,15.5292,0.0141,0.9967,0.1008,0.1015,0.1204,0.2814,3,White Rust
spinach_0_0018.jpg,105.5435,133.8105,75.6751,23.5098,17.6912,18.0405,2.3897,0.9424,0.5236,0.8674,0.4397,56102.6424,880.6259,0.8013,0.9234,1.1106,5.3181,0.0,0.0,0.0259,0.0,0.023,0.26,0,No Disease
spinach_2_0163.jpg,96.4749,126.6188,52.9456,35.7491,27.1424,24.179,6.6405,0.4676,0.2891,0.6912,0.7265,41051.6299,874.6398,0.7327,0.9059,1.0784,16.974,0.0355,6.9262,0.273,0.146,0.1806,0.2525,2,Anthracnose
spinach_0_0098.jpg,94.2244,124.844,84.6626,15.3826,11.7803,14.8436,1.8467,0.8278,0.5556,0.9661,0.3394,45031.6376,1014.2594,0.7995,0.9145,0.9934,0.0,0.0056,3.2982,0.0482,0.0766,0.0569,0.0095,0,No Disease
spinach_3_0061.jpg,102.0286,135.9187,71.0339,24.6206,25.5179,18.919,3.6203,0.7266,0.444,0.839,0.5013,50055.1565,962.0217,0.7681,0.9479,1.0364,3.4545,0.0194,4.7277,0.1268,0.1737,0.1181,0.2298,3,White Rust
spinach_5_0039.jpg,106.0322,104.4144,72.9809,27.0336,23.0478,25.5833,2.2302,0.7688,0.343,0.68,0.8458,46843.9361,965.5915,0.8268,0.9096,1.07,10.7891,0.0362,7.0748,0.185,0.1082,0.0754,0.4185,5,Spinach Blight (Cucumber Mosaic Virus)
spinach_1_0043.jpg,126.9003,125.8211,60.9194,30.0439,23.06,20.0601,5.518,0.8036,0.5617,0.801,0.6903,50000.7297,829.2202,0.8292,0.9143,0.9862,8.6877,0.0193,3.8812,0.2641,0.1492,0.1143,0.3311,1,Downy Mildew
spinach_3_0007.jpg,128.2648,128.7449,63.5942,29.2728,27.4515,20.2696,2.7682,0.7464,0.3447,0.7853,0.5755,50146.4479,929.1711,0.805,0.9264,1.0139,6.9869,0.0203,6.8417,0.1564,0.142,0.092,0.2643,3,White Rust
spinach_3_0065.jpg,130.2797,128.4594,77.1704,18.6626,21.7138,19.372,3.3968,0.7943,0.5648,0.8673,0.6224,43020.3875,771.4048,0.79,0.9191,1.0702,15.6213,0.0178,4.9763,0.2194,0.1222,0.1348,0.2048,3,White Rust
spinach_0_0085.jpg,96.3681,153.2286,61.1992,28.0211,16.8335,10.3523,0.8486,0.8359,0.478,0.8866,0.2972,41098.169,882.0324,0.6618,0.9112,1.0473,0.0,0.022,1.3015,0.1123,0.0089,0.0237,0.2172,0,No Disease
spinach_5_0180.jpg,93.1745,112.9793,77.3641,25.0603,28.954,20.9996,10.8322,0.7216,0.4285,0.7359,0.6085,54249.352,754.0972,0.6899,0.8962,1.1552,9.6769,0.0255,3.2027,0.2631,0.1761,0.0905,0.3535,5,Spinach Blight (Cucumber Mosaic Virus)
spinach_3_0102.jpg,112.3843,155.7747,71.4126,36.3994,16.8849,26.1967,1.7354,0.7866,0.4095,0.7486,0.4984,46926.4191,779.0312,0.7535,0.9229,1.2031,9.1814,0.0263,1.3393,0.1484,0.1484,0.0786,0.2111,3,White Rust
spinach_3_0127.jpg,110.0934,112.34,64.0111,27.8025,20.1882,24.9463,4.7203,0.8786,0.5522,0.8536,0.4296,51585.7033,1027.2773,0.7963,0.9339,0.999,15.6752,0.0107,0.41,0.1524,0.0221,0.0429,0.4847,3,White Rust
spinach_1_0048.jpg,98.2272,144.8922,66.1365,32.0539,25.9358,21.1957,5.032,0.7694,0.4051,0.8208,0.4514,48292.1207,1104.4823,0.7524,0.904,1.0294,11.3434,0.0141,4.4659,0.2324,0.102,0.0997,0.3758,1,Downy Mildew
spinach_0_0049.jpg,94.0266,146.708,61.1535,16.027,23.5178,18.3609,4.5286,0.8783,0.4878,0.8632,0.4302,52394.9436,1033.368,0.7483,0.9388,1.0409,3.8013,0.006,0.0,0.0882,0.0726,0.0332,0.3417,0,No Disease
spinach_0_0147.jpg,94.8042,140.8217,71.5524,8.7039,18.0775,11.2867,2.8257,0.7975,0.5824,0.8602,0.4503,52623.4864,894.4836,0.6778,0.8931,1.0733,1.9669,0.0011,2.3254,0.086,0.0414,0.033,0.2181,0,No Disease
spinach_0_0052.jpg,95.0215,138.0666,59.1984,16.1901,17.7431,16.4648,2.7097,0.7944,0.6484,0.824,0.4833,51946.8066,782.3613,0.751,0.9391,1.169,1.436,0.0183,3.0135,0.0872,0.11,0.0883,0.3568,0,No Disease
spinach_1_0112.jpg,124.2368,124.5199,54.3021,25.5533,21.6713,19.6994,7.1145,0.6772,0.5688,0.6672,0.7715,45917.4469,899.8987,0.7606,0.9014,1.1641,15.9993,0.0295,4.0713,0.1992,0.0987,0.0552,0.2183,1,Downy Mildew
spinach_0_0015.jpg,116.7125,147.2596,86.5652,23.6539,9.1398,14.7322,0.01,0.8585,0.7009,0.9246,0.3501,46931.4132,923.2782,0.697,0.9132,1.145,6.6212,0.0109,0.0,0.1152,0.0829,0.0503,0.3293,0,No Disease
spinach_2_0053.jpg,97.9663,111.7281,78.5922,33.8897,25.6763,20.5532,6.9275,0.6904,0.3465,0.7371,0.5947,45208.0616,917.0195,0.7299,0.9182,1.0789,6.6884,0.0279,3.0667,0.2647,0.1501,0.1563,0.4357,2,Anthracnose
spinach_0_0014.jpg,108.28,158.0009,59.7291,24.3191,15.3574,14.7547,0.2101,0.8732,0.684,0.9208,0.5932,57887.0594,963.9087,0.8746,0.941,1.1862,0.8137,0.0065,0.0,0.1495,0.0329,0.0596,0.1847,0,No Disease
spinach_3_0167.jpg,134.771,147.4843,68.6684,26.8816,27.5437,15.5552,9.047,0.729,0.4319,0.6952,0.4318,56370.1703,1132.0193,0.746,0.9287,1.1276,12.001,0.0347,6.7378,0.1581,0.1412,0.0857,0.2784,3,White Rust
spinach_2_0137.jpg,121.5771,116.9227,44.5475,31.7606,24.2037,19.502,5.0537,0.76,0.2228,0.6414,0.702,57891.8153,935.3858,0.7492,0.9382,0.9716,15.0613,0.0309,4.514,0.2649,0.1394,0.1274,0.2028,2,Anthracnose
spinach_2_0147.jpg,118.157,117.6103,61.3948,39.6805,22.8759,11.5007,5.2091,0.7189,0.3822,0.6149,0.548,48226.9549,755.3905,0.8312,0.8897,1.0298,10.9669,0.0291,6.1767,0.2401,0.1672,0.1082,0.2673,2,Anthracnose
spinach_3_0052.jpg,143.8622,133.081,67.9087,22.9911,24.1999,24.9398,7.6282,0.709,0.5481,0.8185,0.6475,51040.6036,886.2959,0.8361,0.9439,1.2353,8.7942,0.0161,0.0,0.0894,0.1042,0.0425,0.3451,3,White Rust
spinach_0_0012.jpg,95.1314,136.3019,78.2187,22.1738,15.1192,14.4647,0.01,0.8809,0.5587,0.8963,0.3645,54357.6926,1021.2716,0.7793,0.9388,1.1243,2.0003,0.0002,1.7697,0.0951,0.1637,0.0793,0.2309,0,No Disease
spinach_1_0156.jpg,113.8995,149.3181,53.7003,24.1821,19.4756,18.7449,7.2534,0.8582,0.3739,0.7094,0.4943,57531.4269,1012.1004,0.7836,0.8751,0.9955,10.6825,0.0244,1.0809,0.1739,0.1947,0.0746,0.4292,1,Downy Mildew
spinach_2_0008.jpg,124.3638,132.0961,60.11,33.544,30.8372,28.5831,8.2377,0.5738,0.5408,0.7746,0.639,44851.8746,930.4813,0.7833,0.9082,1.1395,11.7342,0.0181,6.7945,0.2033,0.1658,0.0764,0.3298,2,Anthracnose
spinach_0_0098.jpg,94.2244,124.844,84.6626,15.3826,11.7803,14.8436,1.8467,0.8278,0.5556,0.9661,0.3394,45031.6376,1014.2594,0.7995,0.9145,0.9934,0.0,0.0056,3.2982,0.0482,0.0766,0.0569,0.0095,0,No Disease
spinach_3_0122.jpg,140.3775,114.9825,62.3237,29.8593,22.0017,14.7341,5.5249,0.7754,0.4427,0.7363,0.5465,48590.3919,1148.4533,0.7656,0.9107,1.0667,15.1078,0.0039,4.647,0.158,0.0631,0.0495,0.3054,3,White Rust
spinach_1_0099.jpg,137.1433,127.2145,72.344,20.6646,18.86,23.8866,7.3423,0.6634,0.4319,0.6633,0.5919,55184.6139,856.5042,0.7751,0.8818,1.0481,17.0324,0.0206,2.9958,0.1743,0.0661,0.0546,0.4188,1,Downy Mildew
spinach_3_0095.jpg,126.7946,147.0433,69.9672,20.6796,19.4965,17.7486,4.483,0.9136,0.6164,0.8386,0.5619,44691.7389,927.0008,0.7326,0.9608,0.9815,9.5379,0.01,3.9829,0.2033,0.1609,0.0685,0.3409,3,White Rust
spinach_0_0097.jpg,111.1084,134.2238,78.3231,24.8979,23.4584,22.1133,0.5271,0.9011,0.5809,0.8731,0.3551,44572.19,929.2679,0.7239,0.9321,1.0565,0.0,0.0079,1.4717,0.129,0.1674,0.0469,0.2388,0,No Disease
spinach_4_0126.jpg,107.3067,91.5445,57.7501,40.8283,24.8607,24.1603,7.2572,0.66,0.4429,0.5523,0.6252,57933.1002,963.3067,0.7744,0.9327,0.9608,21.7249,0.0335,8.5918,0.1506,0.1796,0.1484,0.3849,4,Cladosporium Leaf Spot
spinach_1_0126.jpg,111.3842,146.2562,66.9056,22.9644,24.4726,21.4961,7.565,0.692,0.4914,0.7629,0.7592,57454.4573,919.6979,0.7743,0.9227,1.0856,16.7212,0.0206,4.0698,0.167,0.0815,0.0939,0.2444,1,Downy Mildew
spinach_2_0067.jpg,116.8186,102.2985,57.914,23.2947,28.9343,15.4869,7.5921,0.5625,0.3493,0.7626,0.7127,41771.6989,812.7606,0.7099,0.8576,1.0894,16.2412,0.0305,7.1847,0.2294,0.1491,0.0832,0.3148,2,Anthracnose
spinach_2_0069.jpg,104.041,124.2184,68.5315,29.0604,21.8834,22.9332,7.5928,0.6548,0.3349,0.7394,0.7398,48268.5518,714.5934,0.8274,0.8808,1.0971,14.6046,0.0119,6.2459,0.2557,0.1855,0.1129,0.1918,2,Anthracnose
spinach_3_0110.jpg,120.8445,141.5076,63.0463,33.9138,30.1469,16.7363,4.5239,0.71,0.4444,0.7642,0.6454,47057.6767,643.325,0.6837,0.8943,1.0575,8.7487,0.0084,1.82,0.1235,0.0754,0.0561,0.2322,3,White Rust
spinach_0_0061.jpg,117.2603,107.4624,69.4605,19.1767,8.2395,15.3767,4.1229,0.8131,0.6069,0.8159,0.3528,59386.9682,865.7442,0.7977,0.8832,1.269,4.4106,0.0045,2.236,0.0295,0.1273,0.0319,0.1837,0,No Disease
spinach_0_0163.jpg,107.2846,145.9561,74.2567,21.235,13.3212,17.8054,6.837,0.87,0.5857,0.8488,0.3712,59722.2474,852.7029,0.7416,0.8903,1.0594,0.0,0.0111,6.2395,0.0817,0.0133,0.0625,0.1418,0,No Disease
spinach_4_0094.jpg,123.0113,125.5013,70.1676,33.9563,25.1238,27.3772,8.4883,0.584,0.3778,0.6656,0.6995,49610.6711,1031.3567,0.8729,0.8947,1.0746,12.2678,0.0478,9.3654,0.3076,0.099,0.131,0.3798,4,Cladosporium Leaf Spot
spinach_3_0152.jpg,143.7193,125.5005,57.9592,24.0651,18.1572,20.0255,5.0642,0.7888,0.4501,0.7308,0.6143,50941.5362,855.4383,0.8688,0.917,1.1974,12.9074,0.0273,5.2441,0.17,0.1174,0.0639,0.1066,3,White Rust
spinach_3_0078.jpg,136.5616,146.8298,67.2806,28.3895,26.1149,20.233,5.4845,0.8175,0.499,0.7255,0.4822,50057.0267,834.3336,0.6916,0.9369,1.1377,2.6425,0.0151,3.6683,0.1791,0.0767,0.0362,0.3216,3,White Rust
spinach_4_0025.jpg,110.9005,117.4918,59.1539,25.4172,30.5787,21.9506,7.2298,0.5736,0.293,0.6013,0.7847,49722.0345,894.8008,0.9312,0.8861,1.1184,20.875,0.0335,7.9928,0.271,0.1981,0.1153,0.3505,4,Cladosporium Leaf Spot
spinach_4_0004.jpg,112.7093,123.8666,45.1303,25.6813,26.4658,24.7899,7.3604,0.6084,0.2835,0.5585,0.7065,49434.1574,858.961,0.7967,0.9005,1.1245,15.4658,0.0214,9.7889,0.2893,0.1518,0.1369,0.4754,4,Cladosporium Leaf Spot
spinach_2_0081.jpg,100.8999,111.9662,51.5852,34.0003,18.8061,17.6362,5.9944,0.7346,0.4786,0.7966,0.743,49585.5523,959.4626,0.7313,0.8539,1.1149,9.9773,0.0265,6.3153,0.2424,0.1975,0.1308,0.3656,2,Anthracnose
spinach_2_0128.jpg,106.7078,104.8883,48.7697,30.3032,28.533,17.2874,8.2919,0.7411,0.458,0.721,0.7537,60925.1292,849.8478,0.7373,0.8616,1.2205,21.0751,0.0196,4.7908,0.2138,0.209,0.0778,0.1927,2,Anthracnose
spinach_3_0034.jpg,113.978,127.3661,62.628,21.4525,28.6386,19.9635,3.9095,0.7786,0.5134,0.7559,0.6402,45144.2661,1022.1304,0.7795,0.9188,1.0546,3.0886,0.0037,2.627,0.1994,0.0815,0.0313,0.2073,3,White Rust
spinach_0_0006.jpg,99.7051,141.5594,72.1748,28.0089,15.8032,10.906,2.3048,0.9176,0.6887,0.9385,0.4557,59316.5145,801.1237,0.7316,0.9068,1.0888,0.0,0.0111,0.8,0.0265,0.0394,0.0478,0.2671,0,No Disease
spinach_0_0158.jpg,97.345,132.6262,68.2924,10.7364,21.3088,19.7664,0.8077,0.9279,0.5588,0.903,0.3572,47582.8742,1025.2075,0.7662,0.9806,1.1237,0.0,0.0158,2.3354,0.1363,0.1276,0.0237,0.1898,0,No Disease
spinach_5_0034.jpg,107.4364,109.4665,50.9721,34.1247,28.0836,16.4675,5.7789,0.6466,0.4542,0.704,0.6427,48554.0279,721.9865,0.8943,0.9166,1.0302,12.7674,0.0318,5.5003,0.2878,0.2667,0.0868,0.2934,5,Spinach Blight (Cucumber Mosaic Virus)
spinach_1_0133.jpg,122.4439,128.8175,67.9529,27.369,23.0489,22.3524,4.75,0.7602,0.4463,0.8022,0.5481,54550.6818,809.3689,0.7556,0.8968,1.0142,14.0626,0.0122,3.542,0.2528,0.1072,0.0753,0.229,1,Downy Mildew
spinach_2_0175.jpg,111.5699,135.0356,41.0948,31.8856,23.3644,13.5761,6.3871,0.8278,0.3275,0.7554,0.8099,49936.516,892.0456,0.697,0.8821,1.1526,14.2427,0.0299,6.3397,0.3396,0.1428,0.1501,0.3607,2,Anthracnose
spinach_3_0115.jpg,108.2659,136.3157,70.1889,30.472,19.1562,20.7736,5.0705,0.7595,0.4542,0.7202,0.578,52475.2499,860.9988,0.8199,0.9457,1.1642,3.8302,0.0178,2.3594,0.1748,0.0837,0.1019,0.3427,3,White Rust
spinach_4_0079.jpg,114.7384,125.7225,69.8132,33.7195,24.9456,16.2754,6.8928,0.5224,0.2816,0.677,0.7684,59790.8881,938.3082,0.9046,0.9079,1.1569,16.5644,0.0254,6.6919,0.2694,0.1649,0.105,0.4233,4,Cladosporium Leaf Spot
spinach_4_0139.jpg,103.9674,137.3262,55.1212,33.7704,27.989,24.3685,10.6317,0.6232,0.3115,0.6411,0.7097,47149.5465,840.0553,0.8898,0.9078,1.0424,21.9266,0.0213,9.9762,0.3348,0.2795,0.1553,0.425,4,Cladosporium Leaf Spot
spinach_3_0051.jpg,125.7267,130.3411,51.728,17.8303,19.6649,19.5665,3.8554,0.7981,0.4145,0.716,0.6113,58346.9725,794.2832,0.7946,0.8724,0.992,5.6449,0.0261,2.5983,0.1292,0.1214,0.0709,0.2172,3,White Rust
spinach_5_0089.jpg,113.7984,114.2942,68.0744,23.915,31.1153,27.0541,3.2204,0.851,0.3439,0.7716,0.6578,49198.1208,849.3482,0.7504,0.9131,1.0671,6.7623,0.0157,3.0736,0.1838,0.1694,0.0722,0.418,5,Spinach Blight (Cucumber Mosaic Virus)
spinach_3_0067.jpg,138.5129,134.6184,70.103,28.8728,16.2543,15.4921,2.5912,0.7614,0.4333,0.6795,0.5649,51021.9054,1023.224,0.9008,0.9314,1.0543,10.5869,0.0171,3.5678,0.1269,0.1014,0.0656,0.3443,3,White Rust
spinach_0_0020.jpg,94.3025,131.8029,75.4231,19.0538,18.6433,16.4477,4.2451,0.8726,0.4619,0.9547,0.3869,57572.9622,958.3377,0.7621,0.9387,1.2761,10.3079,0.0066,1.4883,0.1538,0.0462,0.0483,0.1979,0,No Disease
spinach_0_0097.jpg,111.1084,134.2238,78.3231,24.8979,23.4584,22.1133,0.5271,0.9011,0.5809,0.8731,0.3551,44572.19,929.2679,0.7239,0.9321,1.0565,0.0,0.0079,1.4717,0.129,0.1674,0.0469,0.2388,0,No Disease
spinach_5_0127.jpg,99.7225,108.4343,71.6028,30.7577,31.9344,20.5542,5.6099,0.743,0.4823,0.7878,0.6822,50663.3125,866.3711,0.8346,0.9509,1.0706,10.542,0.0205,6.1009,0.1039,0.1446,0.112,0.2979,5,Spinach Blight (Cucumber Mosaic Virus)
spinach_3_0151.jpg,125.2038,122.3278,63.0278,30.1086,20.949,17.5141,3.7321,0.8214,0.6001,0.6301,0.8301,52518.7311,963.0224,0.7538,0.9199,1.1254,3.8036,0.0106,6.1322,0.0924,0.1376,0.0607,0.2031,3,White Rust
spinach_5_0071.jpg,97.464,94.3754,52.8113,32.1055,19.0243,17.7003,6.2271,0.677,0.4709,0.7342,0.5702,54358.165,942.8791,0.7253,0.9063,1.0328,9.0342,0.039,5.6237,0.1991,0.1534,0.1119,0.2839,5,Spinach Blight (Cucumber Mosaic Virus)
spinach_3_0142.jpg,140.4085,138.9981,73.2823,27.8595,31.4905,21.4862,5.9899,0.7671,0.398,0.6954,0.6767,46458.2031,979.5864,0.805,0.9429,1.0688,4.8371,0.02,3.4738,0.1084,0.1975,0.0502,0.2005,3,White Rust
spinach_2_0136.jpg,101.5753,128.8708,51.5631,34.8784,24.8486,23.5657,4.6436,0.6313,0.31,0.7158,0.6993,52313.2495,830.9477,0.7442,0.9046,0.9976,18.3137,0.0261,5.513,0.2531,0.1569,0.0685,0.2651,2,Anthracnose
spinach_5_0028.jpg,116.4275,134.7612,78.8397,30.7033,24.9579,14.6816,6.4185,0.7515,0.4035,0.5978,0.6213,52726.6602,767.4085,0.8199,0.9108,1.1794,18.8504,0.021,5.7308,0.2208,0.176,0.1034,0.454,5,Spinach Blight (Cucumber Mosaic Virus)
spinach_3_0096.jpg,117.3753,138.7009,75.0177,26.6605,19.3533,18.8838,6.5266,0.6827,0.3845,0.8221,0.5061,44234.709,1040.0819,0.714,0.915,1.0604,6.8093,0.0099,5.2857,0.1755,0.1593,0.0548,0.4506,3,White Rust
spinach_4_0025.jpg,110.9005,117.4918,59.1539,25.4172,30.5787,21.9506,7.2298,0.5736,0.293,0.6013,0.7847,49722.0345,894.8008,0.9312,0.8861,1.1184,20.875,0.0335,7.9928,0.271,0.1981,0.1153,0.3505,4,Cladosporium Leaf Spot
spinach_3_0152.jpg,143.7193,125.5005,57.9592,24.0651,18.1572,20.0255,5.0642,0.7888,0.4501,0.7308,0.6143,50941.5362,855.4383,0.8688,0.917,1.1974,12.9074,0.0273,5.2441,0.17,0.1174,0.0639,0.1066,3,White Rust
spinach_3_0063.jpg,132.0501,132.6956,62.6119,28.5819,16.3524,21.8307,5.4333,0.748,0.4918,0.7871,0.5997,44829.4885,966.4502,0.8416,0.928,1.1581,7.5603,0.0241,4.1174,0.1126,0.1528,0.0291,0.3026,3,White Rust
spinach_1_0087.jpg,113.1684,125.1952,78.9877,32.0085,28.7216,19.9425,5.0133,0.6239,0.4925,0.7944,0.7386,49945.8514,885.8221,0.8002,0.9323,0.9824,12.9442,0.0198,2.8945,0.0858,0.1245,0.1162,0.444,1,Downy Mildew
spinach_5_0100.jpg,86.9346,115.2731,67.287,31.58,25.5516,21.683,6.6353,0.7484,0.3999,0.7252,0.5179,59568.4123,923.5699,0.8225,0.8844,1.0097,15.4399,0.0227,6.5179,0.1424,0.2119,0.1125,0.3335,5,Spinach Blight (Cucumber Mosaic Virus)
spinach_1_0143.jpg,99.0901,123.5919,40.849,28.2046,28.0489,17.3534,4.6998,0.8139,0.29,0.6675,0.5872,47238.3258,870.6133,0.7142,0.9154,1.0881,12.1968,0.0216,5.172,0.1177,0.1497,0.0717,0.2967,1,Downy Mildew
spinach_0_0167.jpg,120.6035,135.6966,79.6705,26.1599,16.6812,14.1571,1.4406,0.8795,0.6483,0.8962,0.4435,46373.8824,823.251,0.8986,0.9256,1.058,7.7244,0.0083,2.2407,0.0931,0.0673,0.0358,0.0894,0,No Disease
spinach_4_0075.jpg,122.7628,130.681,65.399,36.4199,31.2569,27.2196,6.9562,0.7748,0.2413,0.6817,0.6263,50009.3563,832.8706,0.7981,0.8985,0.9935,17.8823,0.0451,5.1379,0.2273,0.2244,0.1319,0.4021,4,Cladosporium Leaf Spot
spinach_0_0158.jpg,97.345,132.6262,68.2924,10.7364,21.3088,19.7664,0.8077,0.9279,0.5588,0.903,0.3572,47582.8742,1025.2075,0.7662,0.9806,1.1237,0.0,0.0158,2.3354,0.1363,0.1276,0.0237,0.1898,0,No Disease
spinach_0_0105.jpg,88.4011,142.3968,64.9003,14.2008,14.7904,14.2668,0.9048,0.9471,0.5443,0.9486,0.4481,48512.214,833.406,0.6712,0.9373,1.0916,0.0,0.0017,0.0,0.1788,0.0119,0.004,0.2888,0,No Disease
spinach_3_0031.jpg,115.3091,145.5352,78.1794,17.2796,24.7695,25.1705,6.5324,0.6023,0.3917,0.6904,0.6023,53566.6331,635.2108,0.762,0.94,1.1218,8.5851,0.0141,2.0939,0.1691,0.1221,0.0854,0.3357,3,White Rust
spinach_2_0031.jpg,114.2268,101.3619,57.4357,24.1571,21.4096,29.5829,7.1007,0.6966,0.2191,0.6582,0.7361,50970.6813,664.597,0.8124,0.9092,1.1827,11.3791,0.0091,4.3058,0.1751,0.1895,0.0421,0.3141,2,Anthracnose
spinach_2_0005.jpg,112.2737,131.2236,56.6545,34.599,18.0398,21.1185,7.0471,0.8339,0.2232,0.6933,0.8357,46074.898,858.7161,0.8199,0.9046,1.2053,15.7939,0.0376,5.452,0.193,0.151,0.081,0.3887,2,Anthracnose
spinach_0_0029.jpg,101.6267,137.438,76.9221,11.3466,17.822,13.4381,5.1413,0.8861,0.7134,0.8027,0.4787,53597.0013,833.0953,0.7806,0.9603,1.0941,0.0,0.0059,0.0,0.0829,0.0767,0.0,0.0707,0,No Disease
spinach_0_0137.jpg,97.7386,143.0668,77.3473,16.6516,17.2592,12.5056,1.1049,0.81,0.6813,0.9546,0.4737,61860.9798,901.0754,0.9519,0.9243,1.1404,0.4089,0.009,2.7041,0.0943,0.1511,0.046,0.2216,0,No Disease
spinach_3_0010.jpg,137.3452,145.4343,61.1598,28.0004,31.3374,16.4508,8.4013,0.8009,0.4253,0.7175,0.5277,41723.6083,863.4756,0.7642,0.8931,1.1698,7.1249,0.0119,3.4144,0.1878,0.1229,0.0525,0.2901,3,White Rust
spinach_0_0097.jpg,111.1084,134.2238,78.3231,24.8979,23.4584,22.1133,0.5271,0.9011,0.5809,0.8731,0.3551,44572.19,929.2679,0.7239,0.9321,1.0565,0.0,0.0079,1.4717,0.129,0.1674,0.0469,0.2388,0,No Disease
spinach_0_0141.jpg,119.2698,139.9391,58.708,10.7794,18.2754,12.6321,0.4452,0.895,0.6292,0.7783,0.3751,59549.3534,812.4712,0.8222,0.9179,1.1637,6.3893,0.0119,2.8365,0.0424,0.1245,0.0187,0.2208,0,No Disease
spinach_2_0110.jpg,129.4052,112.3884,58.7195,33.8143,18.4176,23.2884,7.1092,0.829,0.2811,0.6733,0.5972,44827.941,992.7403,0.8016,0.8861,1.0386,11.7471,0.0232,3.824,0.2171,0.1456,0.0911,0.3624,2,Anthracnose
spinach_4_0029.jpg,120.0158,139.663,68.4661,30.3879,34.0701,26.3866,8.1308,0.6218,0.324,0.7056,0.774,46857.886,812.3148,0.8084,0.9007,1.0449,13.472,0.044,9.3695,0.1706,0.2436,0.1248,0.4052,4,Cladosporium Leaf Spot
spinach_4_0164.jpg,138.647,120.4413,49.7619,35.6902,24.0946,22.8033,7.131,0.59,0.3116,0.5681,0.6898,55599.7212,886.6443,0.7975,0.8342,1.1458,15.2579,0.043,7.7777,0.2419,0.1229,0.1844,0.4543,4,Cladosporium Leaf Spot
spinach_3_0067.jpg,138.5129,134.6184,70.103,28.8728,16.2543,15.4921,2.5912,0.7614,0.4333,0.6795,0.5649,51021.9054,1023.224,0.9008,0.9314,1.0543,10.5869,0.0171,3.5678,0.1269,0.1014,0.0656,0.3443,3,White Rust
spinach_4_0076.jpg,126.223,112.2652,56.8453,28.7868,27.259,30.3581,5.3082,0.5345,0.2307,0.7581,0.6986,48866.6318,728.5366,0.7743,0.9117,1.0902,17.5685,0.0215,6.9097,0.2773,0.1503,0.1464,0.4608,4,Cladosporium Leaf Spot
spinach_1_0068.jpg,136.9538,125.8229,55.9991,22.0316,15.3304,27.1305,7.8308,0.7881,0.3583,0.8868,0.5748,49654.8708,1043.7259,0.8295,0.965,1.1199,8.4119,0.0151,1.4754,0.1761,0.1758,0.095,0.3116,1,Downy Mildew
spinach_0_0088.jpg,98.3412,143.7741,74.0148,12.976,22.6134,14.6232,0.1114,0.9951,0.6301,0.7915,0.5977,55293.9868,918.9804,0.8654,0.934,1.1178,0.0,0.0107,2.0579,0.1007,0.0484,0.0432,0.1944,0,No Disease
spinach_4_0095.jpg,122.8282,116.0387,59.1463,35.0971,25.1321,22.7038,8.5287,0.7371,0.4047,0.7353,0.7663,57975.3901,715.8818,0.9113,0.9438,1.1065,21.3291,0.0337,7.1228,0.2395,0.188,0.1439,0.4236,4,Cladosporium Leaf Spot
spinach_3_0180.jpg,114.5397,119.0871,55.269,20.1367,28.1675,18.7517,4.8533,0.6936,0.5107,0.9113,0.4612,60123.7419,941.4424,0.781,0.93,1.1412,15.4284,0.0212,4.974,0.1489,0.1536,0.0461,0.2887,3,White Rust
spinach_5_0132.jpg,112.025,126.2919,50.9445,18.1115,31.8105,26.8096,6.8362,0.7414,0.4714,0.7912,0.6196,54279.2512,835.3527,0.8246,0.905,1.0212,9.0281,0.0419,3.7946,0.2285,0.1732,0.0886,0.3937,5,Spinach Blight (Cucumber Mosaic Virus)
spinach_0_0063.jpg,113.2443,149.1327,77.2373,23.7275,15.6454,11.284,0.5241,0.7692,0.599,0.8742,0.376,37221.9059,795.2683,0.8373,0.9134,1.1488,0.0,0.0175,0.9408,0.1145,0.173,0.0779,0.1755,0,No Disease
spinach_1_0152.jpg,112.7512,113.0052,57.5706,33.6339,28.1607,19.9799,7.8345,0.7998,0.4087,0.7484,0.6429,46840.5653,900.4505,0.8085,0.8678,1.0849,8.7878,0.0282,1.4799,0.1709,0.1107,0.104,0.3065,1,Downy Mildew
spinach_0_0136.jpg,105.4466,147.3419,73.0544,13.5325,12.9351,15.9405,4.0663,1.0,0.6424,0.9001,0.4949,48666.2457,904.6769,0.7206,0.8988,1.1467,2.7421,0.0115,2.183,0.1121,0.1023,0.0389,0.233,0,No Disease
spinach_3_0012.jpg,128.6425,130.9193,62.3786,30.1278,13.6208,15.4285,4.3796,0.8781,0.43,0.8091,0.5528,57981.2921,746.5277,0.8242,0.915,1.184,4.7229,0.0172,3.8155,0.1199,0.0688,0.0555,0.2904,3,White Rust
spinach_2_0088.jpg,102.3381,109.5241,54.6815,36.486,27.7996,28.1344,7.8402,0.6553,0.3488,0.7393,0.772,54983.9634,853.8461,0.8105,0.9146,1.0493,9.4602,0.0205,5.6661,0.2631,0.2104,0.0761,0.3022,2,Anthracnose
spinach_3_0128.jpg,120.1996,120.2943,67.2024,20.511,26.3226,16.4418,5.2602,0.6782,0.6679,0.8153,0.5354,50035.2087,849.64,0.7343,0.9003,1.2443,5.7895,0.0,1.9013,0.2164,0.1099,0.0666,0.3736,3,White Rust
spinach_0_0038.jpg,100.1025,148.9946,72.2487,21.3929,17.0699,16.3463,2.7224,0.745,0.6333,0.8113,0.2758,51707.9438,928.3981,0.7284,0.9508,1.0126,0.3722,0.0013,1.1161,0.1139,0.0397,0.0581,0.205,0,No Disease
spinach_3_0083.jpg,139.7319,145.8001,79.9897,25.051,20.9526,15.01,5.3945,0.7543,0.4412,0.8933,0.5374,58154.9072,746.1925,0.9413,0.9107,1.1666,11.4651,0.013,5.4743,0.2136,0.0915,0.0525,0.2836,3,White Rust
spinach_4_0030.jpg,127.3822,139.1779,69.0229,33.2052,22.1218,16.8951,9.6929,0.7374,0.2748,0.6411,0.7043,47580.4996,997.4961,0.8031,0.8843,1.2826,12.2623,0.0384,5.6118,0.2621,0.1959,0.1511,0.3691,4,Cladosporium Leaf Spot
spinach_0_0025.jpg,107.9642,161.3858,71.3032,18.4646,13.2324,10.8709,0.01,0.8289,0.5743,0.9034,0.4251,48172.3236,1010.0185,0.8144,0.926,1.0678,4.1937,0.0075,0.0,0.0966,0.0905,0.0175,0.2152,0,No Disease
spinach_3_0113.jpg,123.9381,122.6144,59.0828,21.7379,26.6426,23.8454,6.0749,0.8052,0.493,0.7994,0.5908,53876.8129,764.5578,0.7326,0.8943,1.1986,14.6164,0.0,6.8167,0.1743,0.1605,0.0827,0.3952,3,White Rust
spinach_4_0098.jpg,108.9505,118.9788,66.5641,37.1628,28.2606,21.2835,8.7706,0.6682,0.4386,0.6125,0.6932,54280.801,849.2566,0.763,0.9214,0.9603,26.2248,0.0291,9.0601,0.2646,0.2009,0.1234,0.4585,4,Cladosporium Leaf Spot
spinach_2_0114.jpg,99.2278,110.8158,70.4488,33.5718,22.4088,21.9317,6.6003,0.637,0.2432,0.6526,0.8289,48094.2776,869.6746,0.8084,0.9555,1.0807,18.3758,0.0222,5.6331,0.2306,0.129,0.1049,0.421,2,Anthracnose
spinach_2_0095.jpg,93.7465,101.8349,51.6684,33.8287,25.9753,20.1036,8.2184,0.7565,0.3785,0.6429,0.717,48833.659,855.8987,0.7693,0.9231,1.1,18.1428,0.0377,6.9262,0.2047,0.2016,0.1216,0.5583,2,Anthracnose
spinach_3_0180.jpg,114.5397,119.0871,55.269,20.1367,28.1675,18.7517,4.8533,0.6936,0.5107,0.9113,0.4612,60123.7419,941.4424,0.781,0.93,1.1412,15.4284,0.0212,4.974,0.1489,0.1536,0.0461,0.2887,3,White Rust
spinach_4_0122.jpg,116.3841,124.6219,49.6418,35.3034,24.8481,27.4349,9.7894,0.5984,0.2629,0.7681,0.8473,51259.8817,1036.8428,0.795,0.8745,0.9899,17.5688,0.0402,10.0016,0.2712,0.2385,0.1246,0.3275,4,Cladosporium Leaf Spot
spinach_0_0102.jpg,105.1172,112.7827,76.1336,8.9026,24.3497,15.6779,3.6994,0.8278,0.4558,0.8983,0.4166,49542.2959,928.4661,0.936,0.9509,1.204,5.3757,0.0178,0.8579,0.0,0.0725,0.0603,0.1224,0,No Disease
spinach_3_0004.jpg,123.305,159.4666,61.6194,27.4764,23.3007,17.6419,5.0739,0.7342,0.4314,0.6637,0.5476,55995.4675,910.7426,0.8454,0.9345,1.1052,5.4883,0.0131,1.3531,0.1566,0.1258,0.1129,0.3223,3,White Rust
spinach_4_0140.jpg,128.9114,114.1161,57.8367,31.6788,35.8444,21.5765,6.5645,0.6489,0.3974,0.6108,0.827,57341.9967,1010.0462,0.8112,0.8877,1.2088,18.0616,0.0415,11.0249,0.3118,0.1501,0.099,0.3662,4,Cladosporium Leaf Spot
spinach_0_0050.jpg,104.0155,136.3171,55.2204,15.529,15.6846,12.2566,4.3489,0.8868,0.6831,0.8843,0.4237,51556.0178,920.3796,0.8731,0.872,0.9599,0.0,0.0061,2.4422,0.1237,0.0646,0.0655,0.2824,0,No Disease
spinach_3_0176.jpg,119.3913,141.063,72.2981,28.9852,21.9927,21.5342,4.5136,0.6306,0.4427,0.7537,0.4461,48663.0291,918.5091,0.712,0.9022,1.2338,1.5892,0.0155,1.9006,0.1324,0.1121,0.0453,0.3259,3,White Rust
spinach_0_0052.jpg,95.0215,138.0666,59.1984,16.1901,17.7431,16.4648,2.7097,0.7944,0.6484,0.824,0.4833,51946.8066,782.3613,0.751,0.9391,1.169,1.436,0.0183,3.0135,0.0872,0.11,0.0883,0.3568,0,No Disease
spinach_2_0076.jpg,111.656,132.1407,45.3926,21.55,30.8484,26.4632,6.6715,0.712,0.4396,0.643,0.6193,50948.6309,970.4089,0.73,0.8951,1.0605,15.6718,0.0269,5.1174,0.2924,0.1384,0.1027,0.2227,2,Anthracnose
spinach_5_0103.jpg,86.4297,122.1826,55.9075,30.8601,29.887,19.9948,6.1174,0.7899,0.3353,0.6663,0.6266,55889.5633,1031.0731,0.8041,0.8822,1.1751,5.3228,0.026,5.321,0.2747,0.2058,0.0664,0.3534,5,Spinach Blight (Cucumber Mosaic Virus)
spinach_2_0065.jpg,118.2324,123.092,48.1648,38.4968,22.9847,29.9502,10.4377,0.721,0.4626,0.4842,0.6705,55510.8282,972.451,0.7268,0.8927,0.8771,15.652,0.0119,8.1349,0.2891,0.141,0.123,0.3326,2,Anthracnose
spinach_1_0162.jpg,110.4695,140.0988,70.9602,29.8834,25.9773,15.0106,6.5041,0.7904,0.5296,0.9083,0.4407,49057.6159,825.7733,0.8004,0.9103,1.0813,14.1104,0.0112,2.926,0.1388,0.1156,0.0493,0.3061,1,Downy Mildew
spinach_2_0085.jpg,109.3361,119.9909,60.4442,27.5937,27.1013,15.6512,7.7823,0.6929,0.5379,0.7005,0.5957,49746.3843,847.22,0.8261,0.9007,0.9792,7.457,0.0291,8.5896,0.234,0.1925,0.1353,0.3713,2,Anthracnose
spinach_1_0042.jpg,115.7918,137.813,73.4379,22.1208,20.3303,15.255,8.9516,0.7644,0.4684,0.6662,0.6099,53546.2399,874.7242,0.8545,0.9678,1.0242,5.9117,0.013,7.6912,0.2421,0.1246,0.0809,0.2447,1,Downy Mildew
spinach_4_0004.jpg,112.7093,123.8666,45.1303,25.6813,26.4658,24.7899,7.3604,0.6084,0.2835,0.5585,0.7065,49434.1574,858.961,0.7967,0.9005,1.1245,15.4658,0.0214,9.7889,0.2893,0.1518,0.1369,0.4754,4,Cladosporium Leaf Spot
spinach_4_0022.jpg,106.6722,121.0271,56.6443,31.3157,38.7872,25.6887,9.1059,0.5928,0.2772,0.6584,1.0,49062.8615,926.1438,0.7403,0.8211,1.0068,27.5228,0.0388,10.4537,0.2526,0.0957,0.1023,0.4218,4,Cladosporium Leaf Spot
spinach_2_0045.jpg,94.1721,98.0114,49.0385,31.7476,26.9837,27.1959,5.436,0.726,0.3709,0.634,0.7285,49669.9407,817.0881,0.8025,0.8968,1.0677,12.3496,0.0166,6.2346,0.1899,0.1192,0.104,0.4087,2,Anthracnose
spinach_2_0043.jpg,108.6747,114.2488,68.3784,46.1675,33.0994,20.7387,8.0706,0.7339,0.306,0.6117,0.6837,54038.538,718.8192,0.7567,0.9143,1.0833,19.6651,0.0157,10.3339,0.1531,0.0788,0.1085,0.2592,2,Anthracnose
spinach_1_0167.jpg,124.7623,127.8216,45.4597,19.2917,34.2601,16.6299,7.926,0.6653,0.4154,0.8038,0.528,58961.0757,907.5728,0.8177,0.9033,1.1527,16.3152,0.0189,7.9135,0.1594,0.1606,0.0922,0.2245,1,Downy Mildew
spinach_0_0089.jpg,91.6653,122.8101,76.5212,6.9906,18.0271,13.0877,4.224,0.8605,0.6328,0.8522,0.4314,55684.1827,873.7444,0.8298,0.9052,1.1436,5.6906,0.0113,4.6496,0.0618,0.0248,0.0151,0.2528,0,No Disease
spinach_1_0151.jpg,108.4302,142.6072,63.9474,24.8994,23.7759,15.7956,5.4766,0.6534,0.3984,0.8248,0.6354,43589.1475,985.1488,0.7896,0.8964,1.1597,9.3312,0.0107,8.1261,0.1891,0.1267,0.0699,0.4044,1,Downy Mildew
spinach_0_0157.jpg,97.0034,132.9829,71.6033,26.7366,26.005,16.7926,1.3598,1.0,0.5458,0.84,0.2425,58980.4578,1016.8246,0.9151,0.8953,1.2367,2.2805,0.0124,0.0,0.1734,0.1115,0.039,0.2516,0,No Disease
spinach_4_0149.jpg,119.6583,124.9879,63.706,32.9291,25.8594,19.0586,8.6814,0.5274,0.2298,0.6334,0.8031,60438.7962,987.9259,0.876,0.9063,1.0993,28.0232,0.0234,6.7562,0.2532,0.2257,0.1055,0.4511,4,Cladosporium Leaf Spot
spinach_4_0052.jpg,111.5649,124.7448,60.3968,34.4347,29.7091,23.8427,10.7989,0.6866,0.3642,0.7085,0.6895,61373.8587,781.2363,0.7968,0.8828,1.044,16.183,0.0278,9.639,0.2098,0.2293,0.1462,0.3595,4,Cladosporium Leaf Spot
spinach_3_0133.jpg,128.2541,129.5943,70.6477,18.1961,18.8816,25.7259,7.0134,0.805,0.3057,0.6954,0.4821,50641.5048,779.9589,0.7652,0.9642,1.1421,8.8753,0.0089,1.0498,0.1086,0.0528,0.0719,0.3107,3,White Rust
spinach_5_0011.jpg,100.2536,108.0749,62.3641,34.8964,36.7327,20.7468,4.1528,0.6912,0.4155,0.7263,0.7111,60559.5463,698.6879,0.7796,0.9385,1.0482,15.158,0.029,7.6264,0.3057,0.1633,0.0464,0.284,5,Spinach Blight (Cucumber Mosaic Virus)
spinach_4_0134.jpg,121.9438,134.7147,68.2857,36.0631,33.197,27.7988,9.2445,0.6843,0.2875,0.646,0.767,48821.4743,733.369,0.7159,0.8957,1.1425,18.0374,0.0561,5.8444,0.2922,0.2416,0.1566,0.4424,4,Cladosporium Leaf Spot
spinach_4_0115.jpg,116.5771,111.4133,52.0037,30.9352,34.5671,21.7052,9.213,0.6376,0.4995,0.6873,0.6902,54181.8476,967.0022,0.7662,0.8609,1.1129,18.2541,0.0219,7.9581,0.2382,0.1294,0.1212,0.4926,4,Cladosporium Leaf Spot
spinach_0_0173.jpg,97.4013,149.8156,66.9684,15.8556,23.5476,20.361,2.8789,0.8636,0.5608,0.8237,0.3205,46777.9176,858.1946,0.7079,0.8909,1.1376,2.9384,0.0196,0.0,0.1148,0.0925,0.0337,0.2595,0,No Disease
spinach_0_0153.jpg,115.0348,150.8725,70.1484,22.9735,15.7824,20.2885,3.0809,0.8048,0.5929,0.9954,0.4019,54238.5752,974.5879,0.7078,0.9428,1.0085,0.0,0.0146,1.8422,0.0848,0.0979,0.0385,0.201,0,No Disease
spinach_0_0010.jpg,92.8119,129.3403,69.327,24.5795,10.368,15.1225,1.1769,0.8738,0.6602,0.9177,0.5537,51227.4716,850.4057,0.7566,0.9361,1.1341,0.0,0.0067,1.6108,0.2259,0.1551,0.0187,0.177,0,No Disease
spinach_2_0133.jpg,85.7207,98.7507,55.4215,41.8756,17.9963,18.0257,7.3685,0.8216,0.3962,0.7491,0.6562,47446.8921,888.2184,0.7605,0.9181,0.9515,17.5599,0.0273,5.7135,0.1479,0.1208,0.14,0.3333,2,Anthracnose
spinach_0_0069.jpg,95.5978,132.0171,62.6922,20.8103,20.6486,8.6516,2.0427,0.8824,0.6073,0.8791,0.2746,45688.0535,922.9424,0.8317,0.8746,1.1477,6.7585,0.0048,2.1904,0.0648,0.0752,0.0,0.0125,0,No Disease
spinach_5_0059.jpg,96.0746,118.8262,74.1839,24.4879,20.5128,29.8039,6.3834,0.7173,0.3408,0.7451,0.8215,50771.8263,976.4963,0.8117,0.8744,1.0353,7.5288,0.0257,7.603,0.2181,0.1377,0.0703,0.3684,5,Spinach Blight (Cucumber Mosaic Virus)
spinach_2_0014.jpg,127.7343,96.135,60.3873,25.0551,21.0343,22.5461,9.0881,0.728,0.3228,0.7494,0.4656,46235.271,797.6108,0.8047,0.8949,1.0687,13.3011,0.0272,7.0722,0.2375,0.1486,0.12,0.4161,2,Anthracnose
spinach_2_0020.jpg,125.1996,131.4397,58.4481,22.5073,38.4475,24.5491,6.4494,0.7565,0.4362,0.7918,0.6238,51592.3671,761.413,0.84,0.8994,1.1025,13.4146,0.025,4.5372,0.2695,0.2196,0.0961,0.3943,2,Anthracnose
spinach_3_0040.jpg,123.032,121.7371,64.3359,23.4408,31.6505,20.8805,6.5613,0.7606,0.3101,0.8271,0.4842,49821.9994,799.7029,0.7844,0.9466,1.1846,14.3448,0.0308,0.3174,0.1103,0.0477,0.0858,0.2246,3,White Rust
spinach_1_0086.jpg,128.1702,140.9017,56.2575,31.9923,23.7796,19.7016,4.2955,0.6952,0.5694,0.7815,0.6275,49688.7657,1144.5979,0.8683,0.892,1.0781,9.143,0.0212,3.5378,0.2119,0.1881,0.0472,0.2197,1,Downy Mildew
spinach_5_0148.jpg,93.885,102.1334,71.654,33.6025,20.8446,18.982,3.8857,0.7208,0.3964,0.7852,0.6997,52551.0149,715.7998,0.7724,0.9237,1.0469,5.4897,0.0305,4.3609,0.2631,0.1493,0.0831,0.4491,5,Spinach Blight (Cucumber Mosaic Virus)
spinach_4_0095.jpg,122.8282,116.0387,59.1463,35.0971,25.1321,22.7038,8.5287,0.7371,0.4047,0.7353,0.7663,57975.3901,715.8818,0.9113,0.9438,1.1065,21.3291,0.0337,7.1228,0.2395,0.188,0.1439,0.4236,4,Cladosporium Leaf Spot
spinach_2_0015.jpg,105.4397,115.3466,67.2953,24.4862,36.0235,17.6434,6.4129,0.604,0.555,0.6648,0.6399,48146.2563,889.5603,0.7803,0.8967,0.7977,14.2286,0.0271,7.9694,0.2955,0.1525,0.1304,0.2619,2,Anthracnose
spinach_3_0100.jpg,124.5864,147.4886,73.3062,18.6802,24.7499,24.0228,4.7657,0.7503,0.3343,0.8279,0.5709,46889.0804,872.416,0.7893,0.906,1.1102,1.0003,0.0278,4.0286,0.115,0.0216,0.0957,0.3246,3,White Rust
spinach_4_0110.jpg,124.7584,107.1223,57.4612,34.03,25.8677,21.7652,7.625,0.7173,0.4345,0.6085,0.8061,50467.9412,789.1765,0.7722,0.8584,1.163,24.2099,0.0307,6.3317,0.3227,0.2386,0.1021,0.3782,4,Cladosporium Leaf Spot
spinach_0_0135.jpg,107.2946,133.2535,68.2334,23.6966,11.1913,11.3785,2.2619,0.9776,0.6791,0.8334,0.5137,48079.2885,1102.6209,0.702,0.9632,1.0675,10.053,0.0107,0.0,0.0739,0.1112,0.0663,0.1943,0,No Disease
spinach_1_0098.jpg,139.2037,125.0452,64.0102,23.6966,24.7165,13.9036,6.6644,0.7659,0.4254,0.7327,0.5205,54638.5646,782.891,0.8207,0.9619,1.2188,3.9795,0.0157,5.5586,0.1865,0.074,0.0896,0.3092,1,Downy Mildew
spinach_0_0132.jpg,106.1866,149.8597,67.4663,16.8452,22.2859,16.5146,0.01,0.802,0.7001,0.9081,0.3438,51147.9517,921.3237,0.8141,0.896,1.0527,3.0918,0.0052,2.2293,0.0385,0.0943,0.0673,0.2389,0,No Disease
spinach_4_0155.jpg,120.9064,112.7541,54.6364,43.8248,31.4649,22.7354,7.8541,0.6645,0.3393,0.6842,0.9374,44860.1467,954.463,0.7856,0.8775,1.1558,12.1543,0.0151,7.9042,0.2631,0.1359,0.0872,0.5445,4,Cladosporium Leaf Spot
spinach_1_0074.jpg,121.4169,125.7907,52.3656,27.7312,22.9787,13.4385,6.363,0.8172,0.6323,0.7326,0.5561,45452.8948,920.8642,0.8021,0.8897,1.086,2.0853,0.0274,3.4128,0.1883,0.0729,0.0654,0.2876,1,Downy Mildew
spinach_0_0036.jpg,115.9998,137.5455,62.0464,18.4045,18.0862,14.1917,1.0176,0.9202,0.5397,0.836,0.4511,49990.0371,944.4104,0.7864,0.9015,1.0815,7.7511,0.0,0.0,0.0069,0.0812,0.0408,0.1906,0,No Disease
spinach_0_0093.jpg,105.627,140.1829,73.7208,23.8627,19.7757,15.1769,0.6245,0.9054,0.5778,0.8935,0.6407,49381.1361,962.2289,0.8341,0.9325,1.307,0.4878,0.0086,0.0,0.0824,0.09,0.0612,0.2255,0,No Disease
spinach_2_0047.jpg,106.9036,119.3509,49.0615,30.8212,25.9383,20.3577,6.2,0.6676,0.3186,0.7005,0.6622,46943.5873,1038.9842,0.8249,0.8904,1.0917,9.8927,0.0235,5.5239,0.1677,0.1755,0.0974,0.3216,2,Anthracnose
spinach_0_0137.jpg,97.7386,143.0668,77.3473,16.6516,17.2592,12.5056,1.1049,0.81,0.6813,0.9546,0.4737,61860.9798,901.0754,0.9519,0.9243,1.1404,0.4089,0.009,2.7041,0.0943,0.1511,0.046,0.2216,0,No Disease
spinach_3_0124.jpg,116.6924,138.4878,68.9824,25.4269,22.5743,20.1485,5.16,0.8293,0.5576,0.7271,0.5328,49386.9594,848.4328,0.683,0.9206,1.1483,7.3796,0.0169,4.7532,0.2406,0.1032,0.0407,0.2728,3,White Rust
spinach_5_0090.jpg,99.8079,108.8165,65.1341,35.9758,19.1433,28.6255,8.0323,0.7083,0.4946,0.7074,0.6786,46792.9275,966.6475,0.7676,0.8987,1.1443,16.1928,0.0174,6.7556,0.1609,0.064,0.0713,0.4068,5,Spinach Blight (Cucumber Mosaic Virus)
spinach_0_0110.jpg,108.588,148.9579,69.543,16.9927,25.5338,15.8648,3.3683,0.9099,0.5331,0.8808,0.5636,54776.2004,748.8527,0.7571,0.9746,1.1029,0.0,0.0211,2.4283,0.0965,0.0651,0.0671,0.1566,0,No Disease
spinach_1_0123.jpg,137.5549,138.3527,74.0602,30.8339,32.5495,28.4034,7.117,0.7965,0.4136,0.7571,0.5762,54106.2581,827.9652,0.7785,0.8511,1.2378,9.1181,0.0236,7.424,0.205,0.1878,0.049,0.5018,1,Downy Mildew
spinach_3_0024.jpg,128.7313,131.0796,63.6482,21.1579,24.6847,16.8007,2.9354,0.8605,0.4457,0.7697,0.6192,48162.0665,858.1847,0.7983,0.8815,1.1277,4.9772,0.0238,4.984,0.1907,0.0557,0.0674,0.1858,3,White Rust
spinach_4_0164.jpg,138.647,120.4413,49.7619,35.6902,24.0946,22.8033,7.131,0.59,0.3116,0.5681,0.6898,55599.7212,886.6443,0.7975,0.8342,1.1458,15.2579,0.043,7.7777,0.2419,0.1229,0.1844,0.4543,4,Cladosporium Leaf Spot
spinach_0_0024.jpg,120.6472,135.0205,64.471,17.7572,19.2617,8.737,3.0837,0.8569,0.6718,0.7124,0.3413,43567.6592,837.3771,0.7849,0.9255,1.0997,1.3633,0.0076,0.0,0.1353,0.1065,0.0496,0.2445,0,No Disease
spinach_1_0117.jpg,125.7793,125.7077,65.7965,24.69,24.2499,16.7012,5.9208,0.7435,0.3868,0.7561,0.6234,47918.2147,887.1241,0.7297,0.9686,1.1847,11.0924,0.0294,1.2373,0.0621,0.114,0.0455,0.2911,1,Downy Mildew
spinach_4_0113.jpg,103.9689,137.4372,58.9019,41.0269,30.3269,27.0272,7.4175,0.7426,0.3887,0.761,0.7778,50264.8067,949.513,0.8766,0.9154,1.0811,10.5711,0.0405,4.9103,0.2718,0.1854,0.0946,0.4198,4,Cladosporium Leaf Spot
spinach_1_0107.jpg,101.97,135.3859,47.4077,24.766,24.8105,22.6627,5.2591,0.7107,0.4976,0.78,0.5453,51188.6145,938.3169,0.8931,0.9297,1.1972,7.5576,0.0158,4.3763,0.1828,0.0897,0.1116,0.3807,1,Downy Mildew
spinach_3_0092.jpg,117.8932,128.0155,75.3513,28.8506,17.3382,15.2224,4.5326,0.9424,0.3778,0.7687,0.5589,50956.7891,859.179,0.8493,0.9314,1.1777,10.3575,0.0242,6.8519,0.2366,0.213,0.1004,0.2264,3,White Rust
spinach_2_0096.jpg,114.101,123.6746,60.3234,29.5045,25.706,24.177,7.886,0.7724,0.4047,0.6676,0.6573,43385.3153,1046.1214,0.7675,0.9242,1.1021,15.2149,0.0261,4.682,0.1816,0.2291,0.1128,0.44,2,Anthracnose
spinach_2_0038.jpg,102.8599,110.9616,63.0956,24.8937,26.1097,21.4565,6.8243,0.5993,0.2318,0.7365,0.7864,41039.1252,916.8926,0.865,0.9149,1.0467,10.226,0.0276,6.546,0.2348,0.1528,0.0829,0.3838,2,Anthracnose
spinach_0_0076.jpg,105.976,128.6542,67.7658,20.3664,17.1876,14.6365,1.9476,0.8828,0.4646,0.8438,0.5115,45158.3285,901.0444,0.7208,0.9328,1.0889,7.9096,0.0101,0.0,0.1336,0.049,0.0256,0.2251,0,No Disease
spinach_3_0180.jpg,114.5397,119.0871,55.269,20.1367,28.1675,18.7517,4.8533,0.6936,0.5107,0.9113,0.4612,60123.7419,941.4424,0.781,0.93,1.1412,15.4284,0.0212,4.974,0.1489,0.1536,0.0461,0.2887,3,White Rust
spinach_5_0132.jpg,112.025,126.2919,50.9445,18.1115,31.8105,26.8096,6.8362,0.7414,0.4714,0.7912,0.6196,54279.2512,835.3527,0.8246,0.905,1.0212,9.0281,0.0419,3.7946,0.2285,0.1732,0.0886,0.3937,5,Spinach Blight (Cucumber Mosaic Virus)
spinach_0_0081.jpg,99.1268,139.1208,79.0316,12.5131,10.4485,6.8491,2.0556,0.8105,0.5492,0.9263,0.3558,53156.4101,890.0662,0.8103,0.9419,1.0646,1.3254,0.0143,1.9081,0.0302,0.1062,0.0129,0.313,0,No Disease
spinach_0_0174.jpg,112.7523,142.6015,69.9549,18.2123,10.1612,11.7763,0.9426,0.8101,0.6152,0.9638,0.3292,53417.2072,816.5889,0.7517,0.9127,1.1682,0.0,0.0141,0.7577,0.0675,0.0299,0.0463,0.2716,0,No Disease
spinach_0_0145.jpg,103.2583,140.5205,80.6996,24.3158,16.1914,12.32,3.93,0.9619,0.4515,0.8581,0.4366,55894.1486,1011.0101,0.787,0.9446,1.1251,0.0,0.0039,1.2342,0.0983,0.0046,0.0301,0.2045,0,No Disease
spinach_0_0158.jpg,97.345,132.6262,68.2924,10.7364,21.3088,19.7664,0.8077,0.9279,0.5588,0.903,0.3572,47582.8742,1025.2075,0.7662,0.9806,1.1237,0.0,0.0158,2.3354,0.1363,0.1276,0.0237,0.1898,0,No Disease
spinach_3_0161.jpg,124.3456,147.6894,68.532,20.3409,22.2823,26.4049,5.646,0.7607,0.6405,0.8611,0.6317,53086.7123,978.0274,0.8258,0.8654,1.1416,7.3568,0.013,3.6482,0.0922,0.0478,0.1012,0.317,3,White Rust
spinach_1_0159.jpg,117.0797,117.8027,83.4131,21.607,23.6765,22.3868,5.9549,0.7248,0.4152,0.7436,0.4984,61751.0961,878.0009,0.8258,0.9016,1.0716,8.1782,0.0076,4.5109,0.1696,0.1769,0.0501,0.2638,1,Downy Mildew
spinach_0_0029.jpg,101.6267,137.438,76.9221,11.3466,17.822,13.4381,5.1413,0.8861,0.7134,0.8027,0.4787,53597.0013,833.0953,0.7806,0.9603,1.0941,0.0,0.0059,0.0,0.0829,0.0767,0.0,0.0707,0,No Disease
spinach_3_0109.jpg,114.6976,130.8554,80.9884,18.0589,18.3405,23.8103,5.168,0.7067,0.5372,0.8509,0.5831,48438.0171,859.1695,0.7971,0.8872,1.2162,14.8008,0.0151,4.641,0.2293,0.1982,0.1089,0.1412,3,White Rust
spinach_5_0029.jpg,77.687,116.5982,68.8993,27.8239,14.68,21.756,5.192,0.8442,0.43,0.6743,0.4447,52453.0884,939.6149,0.7971,0.9151,1.0621,16.2689,0.0319,2.4499,0.1402,0.2313,0.1133,0.239,5,Spinach Blight (Cucumber Mosaic Virus)
spinach_1_0090.jpg,118.6597,148.8582,61.1589,26.142,28.2748,15.6946,5.1245,0.7035,0.4189,0.8194,0.6654,47256.5885,913.6699,0.8794,0.8892,1.1116,9.2274,0.0195,1.8648,0.2605,0.099,0.1057,0.2603,1,Downy Mildew
spinach_0_0167.jpg,120.6035,135.6966,79.6705,26.1599,16.6812,14.1571,1.4406,0.8795,0.6483,0.8962,0.4435,46373.8824,823.251,0.8986,0.9256,1.058,7.7244,0.0083,2.2407,0.0931,0.0673,0.0358,0.0894,0,No Disease
spinach_3_0149.jpg,128.6307,137.9527,62.7699,25.3343,24.8163,21.8567,4.6313,0.7874,0.3547,0.7286,0.6208,55710.1648,914.3599,0.8687,0.9327,1.0913,3.121,0.0285,5.3866,0.2599,0.2067,0.0378,0.1773,3,White Rust
spinach_0_0052.jpg,95.0215,138.0666,59.1984,16.1901,17.7431,16.4648,2.7097,0.7944,0.6484,0.824,0.4833,51946.8066,782.3613,0.751,0.9391,1.169,1.436,0.0183,3.0135,0.0872,0.11,0.0883,0.3568,0,No Disease
spinach_0_0162.jpg,97.1881,144.746,70.143,19.1071,19.9847,14.4318,1.527,0.9376,0.6335,0.8697,0.4281,48091.0489,833.9317,0.8161,0.9411,1.1564,3.1234,0.0064,2.4535,0.1468,0.1164,0.0375,0.311,0,No Disease
spinach_1_0084.jpg,116.417,121.9425,59.792,21.0147,33.9468,20.6145,6.5957,0.6971,0.3458,0.7436,0.7201,48396.341,812.9468,0.7993,0.9225,1.2314,11.415,0.0252,6.0947,0.1323,0.0915,0.0529,0.2034,1,Downy Mildew
spinach_4_0105.jpg,109.3216,103.81,67.6258,34.0007,31.2802,30.8928,7.6629,0.6788,0.3453,0.654,0.8907,60909.3968,846.8533,0.84,0.898,1.0965,18.9887,0.0313,1.047,0.3467,0.1622,0.124,0.3724,4,Cladosporium Leaf Spot
spinach_0_0160.jpg,124.1543,129.0237,72.0345,20.0744,19.0122,13.2821,2.5351,0.8865,0.4534,0.8807,0.3099,43328.0712,933.6873,0.7993,0.9432,1.1654,0.0,0.0,4.7523,0.0476,0.1044,0.0228,0.2064,0,No Disease
spinach_5_0137.jpg,116.3729,129.9809,69.2688,29.1854,26.4742,22.0408,8.3266,0.6402,0.3871,0.7102,0.4774,53794.5745,976.2919,0.7719,0.9258,0.9633,12.0958,0.023,5.5579,0.2141,0.1469,0.0803,0.3313,5,Spinach Blight (Cucumber Mosaic Virus)
spinach_3_0078.jpg,136.5616,146.8298,67.2806,28.3895,26.1149,20.233,5.4845,0.8175,0.499,0.7255,0.4822,50057.0267,834.3336,0.6916,0.9369,1.1377,2.6425,0.0151,3.6683,0.1791,0.0767,0.0362,0.3216,3,White Rust
spinach_0_0109.jpg,103.997,137.7425,72.8568,24.2398,23.8887,14.991,3.386,0.8439,0.6413,0.8267,0.5291,63053.2044,907.7916,0.6384,0.9163,1.2186,4.2123,0.008,3.0156,0.1242,0.1287,0.063,0.3217,0,No Disease
spinach_1_0056.jpg,129.5575,112.5622,63.246,21.5738,26.5275,24.1089,7.6882,0.6972,0.5042,0.8553,0.4457,54061.7246,995.8511,0.7745,0.8797,1.1754,5.202,0.0186,4.7278,0.2258,0.1049,0.0629,0.3179,1,Downy Mildew
spinach_0_0079.jpg,86.4784,135.4173,69.3816,19.2596,14.1826,13.228,1.9325,0.9354,0.5556,0.8513,0.4292,42395.4204,967.7035,0.77,0.931,1.1969,0.0,0.0,1.6928,0.0996,0.0868,0.0284,0.2531,0,No Disease
spinach_3_0052.jpg,143.8622,133.081,67.9087,22.9911,24.1999,24.9398,7.6282,0.709,0.5481,0.8185,0.6475,51040.6036,886.2959,0.8361,0.9439,1.2353,8.7942,0.0161,0.0,0.0894,0.1042,0.0425,0.3451,3,White Rust
spinach_5_0119.jpg,110.3195,97.0979,74.5037,29.349,25.8386,23.1892,5.0384,0.721,0.3046,0.8244,0.5473,51694.4032,766.525,0.778,0.8907,1.3285,11.9422,0.0174,4.5998,0.1348,0.1435,0.1363,0.3669,5,Spinach Blight (Cucumber Mosaic Virus)
spinach_2_0086.jpg,102.8551,118.1484,67.6566,32.6495,30.7412,21.1498,6.656,0.6705,0.3759,0.7818,0.4553,50152.6915,872.0504,0.7177,0.9168,1.022,12.5719,0.0418,7.918,0.2587,0.1752,0.1059,0.51,2,Anthracnose
spinach_0_0058.jpg,113.0457,131.5737,75.2316,22.8273,26.1811,14.1882,2.6393,0.7812,0.6752,0.8268,0.3639,51888.761,763.7116,0.7837,0.9542,1.1434,0.0,0.005,2.5357,0.0061,0.037,0.0619,0.2216,0,No Disease
spinach_2_0145.jpg,116.2497,106.6775,65.9614,24.494,20.9471,17.9059,8.6587,0.6754,0.3881,0.6989,0.5774,46646.3455,817.9574,0.7157,0.8874,0.9935,16.3107,0.0323,3.7714,0.2152,0.2342,0.0855,0.3841,2,Anthracnose
spinach_3_0080.jpg,120.7102,137.1782,61.8606,22.5423,29.6749,19.1831,4.1886,0.756,0.4964,0.7076,0.5927,52779.101,726.1345,0.8877,0.9565,1.046,3.5103,0.0188,1.4334,0.2382,0.1013,0.1105,0.214,3,White Rust
spinach_4_0008.jpg,120.3007,112.9146,57.8963,25.3215,36.4351,26.8006,6.6426,0.6517,0.4327,0.7295,0.6672,34830.8059,929.5386,0.7368,0.9056,1.146,22.4545,0.048,9.7254,0.3575,0.2452,0.1667,0.3867,4,Cladosporium Leaf Spot
spinach_5_0076.jpg,112.458,105.0284,64.7615,25.8234,26.8149,18.8868,5.679,0.6765,0.4235,0.7302,0.7006,48965.0171,812.0247,0.8215,0.8771,1.1355,10.8581,0.0256,5.796,0.2901,0.1653,0.0918,0.2846,5,Spinach Blight (Cucumber Mosaic Virus)
spinach_2_0010.jpg,107.4986,108.639,43.4633,31.3789,37.27,24.8329,8.1675,0.647,0.3605,0.7689,0.8909,57439.7397,960.5245,0.8021,0.9052,1.0197,8.2073,0.018,6.1896,0.2154,0.1012,0.1091,0.3245,2,Anthracnose
spinach_1_0014.jpg,108.3753,133.6646,45.734,26.8142,18.8987,21.4052,3.6678,0.7739,0.4315,0.858,0.6107,47156.786,875.3114,0.7093,0.9202,1.1472,19.8768,0.015,4.318,0.1612,0.1385,0.0895,0.3057,1,Downy Mildew
spinach_2_0057.jpg,117.3551,113.2793,65.3801,20.1655,25.7877,21.098,8.6249,0.7338,0.4314,0.8079,0.6532,56675.4042,775.5794,0.7351,0.9188,0.9596,16.2911,0.0278,8.0293,0.227,0.1622,0.1227,0.297,2,Anthracnose
spinach_0_0126.jpg,82.5717,124.4558,67.7024,15.8436,18.982,16.2223,3.5195,0.9602,0.6713,0.8799,0.4503,54557.5685,934.1657,0.7462,0.9217,1.0546,3.6865,0.0052,0.0063,0.0669,0.0316,0.0645,0.2063,0,No Disease
spinach_0_0133.jpg,106.3911,137.9453,65.3212,19.64,23.2985,14.5239,0.4873,0.8606,0.5961,0.8539,0.4685,54614.2188,1008.8983,0.8554,0.9549,1.0453,0.0,0.0054,0.3879,0.0431,0.0623,0.0281,0.1463,0,No Disease
spinach_0_0098.jpg,94.2244,124.844,84.6626,15.3826,11.7803,14.8436,1.8467,0.8278,0.5556,0.9661,0.3394,45031.6376,1014.2594,0.7995,0.9145,0.9934,0.0,0.0056,3.2982,0.0482,0.0766,0.0569,0.0095,0,No Disease
spinach_0_0112.jpg,84.1497,143.2794,68.9597,9.504,21.1978,20.74,4.5332,0.9287,0.5837,0.973,0.5882,57667.8435,825.8462,0.7821,0.941,0.9752,3.8774,0.0242,2.3519,0.1737,0.0873,0.0382,0.2305,0,No Disease
spinach_5_0074.jpg,112.7925,114.6819,67.1072,33.4195,29.3435,23.1747,6.0794,0.8687,0.3413,0.7822,0.6416,51773.5681,993.3423,0.7913,0.915,1.1112,9.4348,0.0341,6.6801,0.1883,0.1941,0.0692,0.3377,5,Spinach Blight (Cucumber Mosaic Virus)
spinach_1_0177.jpg,124.6077,132.2006,67.8065,35.5343,26.8082,18.7653,7.3802,0.6895,0.4431,0.6695,0.5067,51256.9334,936.8087,0.6879,0.9224,1.0344,15.1188,0.0172,2.7775,0.1938,0.0934,0.1117,0.31,1,Downy Mildew
spinach_3_0005.jpg,115.3515,120.1669,65.3476,29.0588,20.8969,22.1679,4.4921,0.8274,0.3322,0.8923,0.4388,55468.6616,877.7816,0.7731,0.914,1.1304,9.8301,0.0255,6.5343,0.1866,0.1885,0.0723,0.3662,3,White Rust
spinach_2_0044.jpg,110.6124,115.189,56.4338,25.7879,29.1633,21.7307,8.8762,0.6656,0.3028,0.5819,0.6728,43653.9771,745.0038,0.8316,0.8556,1.193,14.6389,0.0266,4.2374,0.2682,0.1599,0.0928,0.366,2,Anthracnose
spinach_1_0151.jpg,108.4302,142.6072,63.9474,24.8994,23.7759,15.7956,5.4766,0.6534,0.3984,0.8248,0.6354,43589.1475,985.1488,0.7896,0.8964,1.1597,9.3312,0.0107,8.1261,0.1891,0.1267,0.0699,0.4044,1,Downy Mildew
spinach_4_0045.jpg,111.9026,118.3647,63.8452,31.0327,22.4151,29.6483,7.5125,0.7916,0.3643,0.7487,0.8231,57075.2814,947.0339,0.8041,0.9173,1.2689,16.9208,0.0404,7.4906,0.2953,0.1917,0.0761,0.374,4,Cladosporium Leaf Spot
spinach_3_0105.jpg,108.8094,146.5305,72.5097,22.3232,24.0456,25.0319,6.7358,0.7248,0.3409,0.6878,0.5188,58811.5857,832.1555,0.7442,0.9046,1.0675,7.9551,0.0068,5.9518,0.1628,0.2192,0.0407,0.4072,3,White Rust
spinach_3_0138.jpg,122.32,144.9674,63.452,22.9716,31.3669,13.5078,6.9836,0.9024,0.5213,0.7569,0.6927,49891.1932,834.4214,0.7567,0.9057,1.0343,12.44,0.0108,3.9466,0.0978,0.1212,0.0411,0.1856,3,White Rust
spinach_2_0014.jpg,127.7343,96.135,60.3873,25.0551,21.0343,22.5461,9.0881,0.728,0.3228,0.7494,0.4656,46235.271,797.6108,0.8047,0.8949,1.0687,13.3011,0.0272,7.0722,0.2375,0.1486,0.12,0.4161,2,Anthracnose
spinach_2_0118.jpg,87.444,127.3318,70.004,38.2961,32.1917,27.8061,7.09,0.5139,0.3822,0.7435,0.6765,49095.8194,783.5882,0.7399,0.946,1.2299,13.9894,0.0293,4.3345,0.2621,0.2304,0.0718,0.3871,2,Anthracnose
spinach_2_0097.jpg,124.8491,111.4807,61.388,30.2251,21.2139,22.2581,7.9988,0.6401,0.354,0.6879,0.9012,40829.7553,930.1643,0.7848,0.884,1.0578,16.6695,0.0328,6.4348,0.2846,0.2108,0.1304,0.3063,2,Anthracnose
spinach_4_0126.jpg,107.3067,91.5445,57.7501,40.8283,24.8607,24.1603,7.2572,0.66,0.4429,0.5523,0.6252,57933.1002,963.3067,0.7744,0.9327,0.9608,21.7249,0.0335,8.5918,0.1506,0.1796,0.1484,0.3849,4,Cladosporium Leaf Spot
spinach_4_0013.jpg,130.3254,121.9131,76.2136,24.5029,20.9655,28.9523,6.8081,0.7935,0.447,0.7711,0.8484,45892.0819,724.0658,0.8797,0.8525,1.1968,20.6785,0.0334,8.2957,0.2933,0.1819,0.1656,0.5013,4,Cladosporium Leaf Spot
spinach_3_0053.jpg,110.8998,130.4857,63.3038,31.0237,18.9588,21.8096,5.1327,0.8423,0.528,0.7777,0.3804,50341.2956,903.0044,0.7972,0.9016,1.2013,8.0545,0.0096,3.1752,0.2664,0.1466,0.0962,0.1967,3,White Rust
spinach_0_0147.jpg,94.8042,140.8217,71.5524,8.7039,18.0775,11.2867,2.8257,0.7975,0.5824,0.8602,0.4503,52623.4864,894.4836,0.6778,0.8931,1.0733,1.9669,0.0011,2.3254,0.086,0.0414,0.033,0.2181,0,No Disease
spinach_0_0092.jpg,113.1876,140.0405,78.2775,24.3541,12.9774,7.7674,4.6239,0.9205,0.4428,0.83,0.4972,50601.6158,868.7939,0.8541,0.9038,1.0561,2.8455,0.0091,2.0934,0.1456,0.0879,0.0522,0.1793,0,No Disease
spinach_0_0092.jpg,113.1876,140.0405,78.2775,24.3541,12.9774,7.7674,4.6239,0.9205,0.4428,0.83,0.4972,50601.6158,868.7939,0.8541,0.9038,1.0561,2.8455,0.0091,2.0934,0.1456,0.0879,0.0522,0.1793,0,No Disease
spinach_5_0077.jpg,109.0239,109.0277,52.7962,28.0246,26.9574,18.726,6.1991,0.7043,0.3955,0.8164,0.5188,59669.0123,866.7165,0.8448,0.9032,0.9519,7.7737,0.0198,7.1887,0.1408,0.1158,0.0941,0.3778,5,Spinach Blight (Cucumber Mosaic Virus)
spinach_4_0023.jpg,118.3761,120.8853,56.758,36.6986,26.4933,26.2313,8.5321,0.6005,0.2695,0.6301,0.9474,56062.2393,992.0389,0.7428,0.8541,1.1577,21.6191,0.0351,6.833,0.1968,0.2247,0.1597,0.3357,4,Cladosporium Leaf Spot
spinach_5_0047.jpg,112.2845,109.6778,62.7152,27.6733,26.5858,26.3443,7.9712,0.7109,0.4874,0.7539,0.7359,44358.1526,1043.8553,0.8232,0.8313,1.2228,12.0202,0.0208,4.3098,0.232,0.1145,0.0756,0.2958,5,Spinach Blight (Cucumber Mosaic Virus)
spinach_2_0004.jpg,96.733,118.6219,55.3296,34.1909,20.662,19.9707,2.941,0.5053,0.5239,0.8459,0.6993,45880.8562,850.1551,0.8524,0.8871,1.099,13.949,0.0224,5.1529,0.2447,0.1209,0.1213,0.3123,2,Anthracnose
spinach_0_0170.jpg,100.8639,136.1169,66.1931,13.9225,9.9324,5.641,0.2042,0.9502,0.4521,0.7842,0.5991,48817.5198,952.1046,0.8085,0.9466,0.9982,1.0758,0.0,5.6034,0.0203,0.0381,0.014,0.0803,0,No Disease
spinach_3_0118.jpg,136.5298,139.6901,54.6479,28.6176,22.8474,21.5249,6.4985,0.8044,0.3422,0.77,0.3882,54745.3094,1044.797,0.7055,0.9032,1.0394,6.1844,0.0203,3.2025,0.2026,0.1626,0.0975,0.1905,3,White Rust
spinach_1_0139.jpg,113.1677,129.8264,53.278,26.1509,19.315,19.8904,1.1481,0.6498,0.5471,0.8181,0.7419,57938.6063,967.2987,0.7628,0.8841,1.1917,10.2583,0.04,4.1428,0.2886,0.1237,0.1134,0.4457,1,Downy Mildew
spinach_1_0117.jpg,125.7793,125.7077,65.7965,24.69,24.2499,16.7012,5.9208,0.7435,0.3868,0.7561,0.6234,47918.2147,887.1241,0.7297,0.9686,1.1847,11.0924,0.0294,1.2373,0.0621,0.114,0.0455,0.2911,1,Downy Mildew
spinach_1_0155.jpg,116.8051,109.4919,57.031,19.403,25.2203,23.0133,5.9361,0.677,0.4497,0.7271,0.4962,54709.6496,981.8028,0.8469,0.8948,1.1943,8.0257,0.0252,3.8804,0.1788,0.0332,0.0725,0.3173,1,Downy Mildew
spinach_5_0108.jpg,98.1606,120.0064,69.1553,27.1326,28.3922,20.3496,7.1775,0.7477,0.5897,0.7065,0.6359,46263.842,766.7176,0.7826,0.9166,1.149,13.1827,0.0216,4.5119,0.1642,0.1277,0.0576,0.4486,5,Spinach Blight (Cucumber Mosaic Virus)
spinach_3_0057.jpg,134.6381,147.1729,56.3474,21.4332,23.5118,27.7161,3.5054,0.7305,0.4936,0.8234,0.618,47268.2207,851.7952,0.7929,0.9516,1.0909,7.9108,0.0088,7.3538,0.1777,0.1631,0.0707,0.2868,3,White Rust
spinach_5_0041.jpg,93.187,116.8207,76.6868,33.459,32.7353,19.1261,6.4621,0.6487,0.4192,0.7531,0.746,56067.4593,938.8977,0.7584,0.8662,1.1316,18.0021,0.0238,2.6507,0.3142,0.1696,0.0943,0.2466,5,Spinach Blight (Cucumber Mosaic Virus)
spinach_0_0081.jpg,99.1268,139.1208,79.0316,12.5131,10.4485,6.8491,2.0556,0.8105,0.5492,0.9263,0.3558,53156.4101,890.0662,0.8103,0.9419,1.0646,1.3254,0.0143,1.9081,0.0302,0.1062,0.0129,0.313,0,No Disease
spinach_5_0111.jpg,120.3149,115.4559,66.4477,24.7002,25.5427,24.8655,6.4252,0.6684,0.377,0.8134,0.7168,52170.2011,914.0882,0.739,0.9068,1.1754,10.9563,0.0318,6.3814,0.2514,0.152,0.1122,0.2228,5,Spinach Blight (Cucumber Mosaic Virus)
spinach_3_0101.jpg,126.1069,145.5001,73.8872,25.9722,20.7289,18.3314,5.5156,0.8818,0.4518,0.8834,0.5873,53403.4548,1145.5109,0.8792,0.962,1.0462,16.7687,0.0163,3.5905,0.062,0.1331,0.0429,0.3127,3,White Rust
spinach_2_0020.jpg,125.1996,131.4397,58.4481,22.5073,38.4475,24.5491,6.4494,0.7565,0.4362,0.7918,0.6238,51592.3671,761.413,0.84,0.8994,1.1025,13.4146,0.025,4.5372,0.2695,0.2196,0.0961,0.3943,2,Anthracnose
spinach_5_0042.jpg,101.1622,119.5557,69.0242,25.6006,25.7147,19.536,9.2291,0.7816,0.3581,0.6482,0.6778,47035.9131,828.1693,0.7419,0.8747,1.103,10.9325,0.044,6.4697,0.1524,0.0886,0.1,0.3083,5,Spinach Blight (Cucumber Mosaic Virus)
spinach_1_0163.jpg,116.3451,121.3483,69.9901,26.7025,29.3132,20.2198,5.4589,0.695,0.4294,0.8099,0.5689,53592.0598,818.7253,0.8355,0.8955,1.1681,10.2439,0.0322,2.7227,0.1162,0.1054,0.0454,0.1994,1,Downy Mildew
spinach_1_0159.jpg,117.0797,117.8027,83.4131,21.607,23.6765,22.3868,5.9549,0.7248,0.4152,0.7436,0.4984,61751.0961,878.0009,0.8258,0.9016,1.0716,8.1782,0.0076,4.5109,0.1696,0.1769,0.0501,0.2638,1,Downy Mildew
spinach_0_0179.jpg,110.5195,119.5892,76.4028,24.0886,19.1814,14.1214,2.9604,0.9137,0.5178,1.0,0.3848,55878.7615,678.1386,0.8466,0.9667,1.1224,4.2351,0.0105,0.043,0.1274,0.0477,0.0248,0.2902,0,No Disease
spinach_3_0009.jpg,120.621,137.9614,69.2079,18.2669,16.8434,20.6892,4.969,0.7133,0.3964,0.7737,0.6386,51117.5711,1067.2731,0.7383,0.9248,1.0817,10.3518,0.0107,7.4693,0.0855,0.1886,0.0722,0.3242,3,White Rust
spinach_5_0125.jpg,118.3817,119.5477,67.5495,36.2526,29.8512,21.8083,4.7397,0.6705,0.4964,0.7777,0.6313,58332.816,854.2779,0.8693,0.9055,1.2446,15.0122,0.0244,5.0782,0.2092,0.121,0.0558,0.3647,5,Spinach Blight (Cucumber Mosaic Virus)
spinach_2_0145.jpg,116.2497,106.6775,65.9614,24.494,20.9471,17.9059,8.6587,0.6754,0.3881,0.6989,0.5774,46646.3455,817.9574,0.7157,0.8874,0.9935,16.3107,0.0323,3.7714,0.2152,0.2342,0.0855,0.3841,2,Anthracnose
spinach_1_0027.jpg,126.1326,129.4747,60.8346,26.4402,23.4761,20.6865,5.1804,0.7602,0.4903,0.6739,0.5049,42257.4099,986.6397,0.805,0.9226,0.9856,17.1398,0.0151,5.1028,0.2327,0.0905,0.0663,0.3243,1,Downy Mildew
spinach_2_0135.jpg,100.2237,117.0664,46.1886,28.8306,21.2648,22.6881,6.1482,0.5848,0.3273,0.6346,0.5586,55413.7291,843.9825,0.6679,0.8844,1.1532,10.9546,0.039,4.558,0.2552,0.2015,0.1213,0.24,2,Anthracnose
spinach_5_0122.jpg,115.127,101.5503,81.1139,25.1268,30.5014,22.0264,6.3134,0.6058,0.4726,0.6398,0.5057,55298.5151,1048.9606,0.77,0.9251,1.1537,11.6339,0.0347,5.1055,0.2359,0.0998,0.0597,0.4335,5,Spinach Blight (Cucumber Mosaic Virus)
spinach_4_0113.jpg,103.9689,137.4372,58.9019,41.0269,30.3269,27.0272,7.4175,0.7426,0.3887,0.761,0.7778,50264.8067,949.513,0.8766,0.9154,1.0811,10.5711,0.0405,4.9103,0.2718,0.1854,0.0946,0.4198,4,Cladosporium Leaf Spot
spinach_5_0176.jpg,114.3757,111.2706,57.4449,24.8645,27.5137,22.6311,6.8385,0.6672,0.515,0.6269,0.591,44114.4645,849.1027,0.8848,0.8928,1.0981,14.657,0.0213,6.0887,0.2225,0.1048,0.0784,0.3684,5,Spinach Blight (Cucumber Mosaic Virus)
spinach_1_0098.jpg,139.2037,125.0452,64.0102,23.6966,24.7165,13.9036,6.6644,0.7659,0.4254,0.7327,0.5205,54638.5646,782.891,0.8207,0.9619,1.2188,3.9795,0.0157,5.5586,0.1865,0.074,0.0896,0.3092,1,Downy Mildew
spinach_2_0023.jpg,127.4028,134.551,47.0948,28.2514,19.1694,29.0795,8.7219,0.708,0.3933,0.7966,0.8111,55790.2235,925.668,0.779,0.9192,1.1453,13.2375,0.0242,8.14,0.3132,0.13,0.1034,0.3781,2,Anthracnose
spinach_1_0145.jpg,125.6333,112.9472,60.3865,28.6924,31.3479,18.6999,4.4061,0.7358,0.4581,0.7492,0.7149,47004.2808,912.0161,0.8167,0.9,1.1672,10.5958,0.0263,5.1494,0.2088,0.1047,0.0642,0.408,1,Downy Mildew
spinach_0_0053.jpg,92.72,128.8081,83.8794,14.7086,10.3873,13.0552,2.7144,0.8918,0.528,0.8328,0.3488,47602.4519,1148.1633,0.7879,0.9522,1.0809,1.2562,0.0003,0.0,0.0311,0.0076,0.0,0.1044,0,No Disease
spinach_0_0011.jpg,90.3656,132.5022,74.5248,26.0293,13.3546,12.3834,0.01,0.887,0.495,0.8429,0.3323,51528.6872,744.2272,0.682,0.9832,1.017,0.0,0.0207,6.4291,0.0414,0.0653,0.0485,0.3383,0,No Disease
spinach_0_0115.jpg,120.3736,141.3261,67.5838,19.2243,23.7654,20.8648,0.6115,0.8966,0.5872,0.811,0.4144,52026.6143,1034.0209,0.8424,0.9218,1.1029,4.6572,0.0013,2.2596,0.0956,0.0412,0.0161,0.3158,0,No Disease
spinach_4_0176.jpg,118.3122,116.3817,61.7691,39.6541,34.2443,29.223,5.9187,0.5356,0.3574,0.714,0.7081,47012.0757,1029.3843,0.8312,0.9164,1.0347,15.9199,0.0416,7.0271,0.2395,0.1535,0.1172,0.46,4,Cladosporium Leaf Spot
spinach_5_0174.jpg,87.3963,114.8424,66.5306,29.9747,26.735,19.3904,7.4057,0.655,0.314,0.7772,0.7436,52530.9905,849.2805,0.6936,0.937,0.9336,14.3442,0.0409,5.669,0.2246,0.1652,0.095,0.528,5,Spinach Blight (Cucumber Mosaic Virus)
spinach_4_0169.jpg,112.7433,111.2137,53.6168,23.6907,34.9061,26.8498,8.3402,0.6536,0.3672,0.6086,0.7275,48128.9566,1141.1424,0.8512,0.8942,1.1793,22.9588,0.023,7.0989,0.2692,0.2145,0.1244,0.3821,4,Cladosporium Leaf Spot
spinach_1_0045.jpg,118.4663,144.8973,68.2918,22.6219,20.7636,22.9797,4.439,0.5706,0.4257,0.6564,0.7716,51883.9382,809.4825,0.7481,0.8628,1.012,14.0653,0.0379,6.1075,0.1854,0.1127,0.0561,0.4748,1,Downy Mildew
spinach_5_0150.jpg,98.6502,113.7688,55.8803,30.7534,27.0301,33.044,6.621,0.8179,0.2801,0.8014,0.6726,50848.6934,898.3569,0.9124,0.9064,1.0273,9.5362,0.0305,6.2054,0.1335,0.1706,0.0629,0.3751,5,Spinach Blight (Cucumber Mosaic Virus)
spinach_3_0091.jpg,109.3774,154.2549,69.5511,14.6327,29.9594,23.8889,4.072,0.6928,0.3345,0.9491,0.4577,45182.0572,931.7919,0.6817,0.8955,1.1896,9.8568,0.0139,4.033,0.1479,0.1175,0.051,0.2336,3,White Rust
spinach_4_0102.jpg,123.6503,131.871,75.4293,33.9493,34.4961,26.9754,4.9699,0.6176,0.2706,0.6762,0.6809,53528.4045,988.1028,0.8622,0.9305,0.9359,13.204,0.0574,9.3171,0.2812,0.1913,0.1286,0.2353,4,Cladosporium Leaf Spot
spinach_2_0109.jpg,116.5404,110.6522,60.7956,34.5999,30.344,24.3949,8.0916,0.7351,0.4996,0.6976,0.7064,54660.334,830.9612,0.7199,0.9123,1.0635,9.1699,0.031,8.676,0.1485,0.2009,0.0466,0.318,2,Anthracnose
spinach_1_0063.jpg,131.4112,116.6582,62.0053,27.9797,28.3229,19.6256,2.8415,0.7897,0.52,0.7542,0.6505,48627.5439,815.4227,0.8516,0.9197,1.1392,16.0085,0.0116,3.8064,0.1979,0.1074,0.0996,0.295,1,Downy Mildew
spinach_1_0043.jpg,126.9003,125.8211,60.9194,30.0439,23.06,20.0601,5.518,0.8036,0.5617,0.801,0.6903,50000.7297,829.2202,0.8292,0.9143,0.9862,8.6877,0.0193,3.8812,0.2641,0.1492,0.1143,0.3311,1,Downy Mildew
spinach_2_0080.jpg,107.4281,149.4986,53.4841,25.4834,21.8685,22.1562,4.0768,0.7036,0.2276,0.7113,0.5549,48093.533,940.454,0.9382,0.873,1.068,11.105,0.02,4.813,0.2712,0.1405,0.1662,0.3833,2,Anthracnose
spinach_3_0006.jpg,128.2872,129.9587,68.4499,27.5159,21.839,21.6514,6.2711,0.7681,0.2245,0.8975,0.5202,47383.5989,792.589,0.7598,0.9059,1.051,5.2715,0.0212,7.6547,0.211,0.1649,0.0606,0.2884,3,White Rust
spinach_1_0141.jpg,112.3627,125.5298,59.2994,33.1774,23.7954,21.3164,4.7509,0.777,0.5379,0.8054,0.6787,54031.151,761.9757,0.7374,0.9049,1.0419,5.7419,0.005,2.3762,0.1772,0.1272,0.0602,0.3163,1,Downy Mildew
spinach_1_0044.jpg,118.8139,119.6974,63.0954,27.0653,17.1644,18.8419,4.9504,0.7731,0.4669,0.7193,0.6569,50089.6054,613.038,0.7609,0.937,0.9655,10.4508,0.0327,3.4309,0.1901,0.0778,0.1207,0.3033,1,Downy Mildew
spinach_3_0143.jpg,121.5786,149.7814,49.6661,30.8494,17.4426,21.0581,3.6508,0.9294,0.47,0.7304,0.5199,51948.1854,922.7677,0.8063,0.92,0.9998,6.6389,0.0219,2.7942,0.2036,0.1213,0.0646,0.3755,3,White Rust
spinach_3_0053.jpg,110.8998,130.4857,63.3038,31.0237,18.9588,21.8096,5.1327,0.8423,0.528,0.7777,0.3804,50341.2956,903.0044,0.7972,0.9016,1.2013,8.0545,0.0096,3.1752,0.2664,0.1466,0.0962,0.1967,3,White Rust
spinach_3_0158.jpg,124.2667,140.0262,83.1667,23.6068,22.0963,16.3871,6.3104,0.7251,0.5418,0.6645,0.6049,48281.5335,978.0518,0.7792,0.9066,1.0791,4.5984,0.0237,2.1125,0.1566,0.1338,0.1103,0.2793,3,White Rust
spinach_0_0045.jpg,99.9926,120.794,63.6397,14.8948,17.2609,13.9046,1.4274,0.9496,0.6072,0.9021,0.461,55080.6733,709.2047,0.7481,0.8755,1.1229,1.9815,0.0144,3.3377,0.1101,0.06,0.0521,0.1578,0,No Disease
spinach_4_0162.jpg,120.5713,94.0673,58.3956,31.9817,26.764,33.6855,11.3014,0.7126,0.266,0.7945,0.8219,45790.1017,893.2717,0.8475,0.875,1.0812,19.2659,0.0252,7.0138,0.2187,0.2247,0.1073,0.4133,4,Cladosporium Leaf Spot
spinach_1_0007.jpg,114.2171,119.4569,74.2676,14.304,27.9893,19.145,4.8024,0.8754,0.3729,0.7124,0.597,53069.2369,855.8144,0.6956,0.8884,1.2025,10.2991,0.0236,4.3294,0.157,0.1971,0.0753,0.2745,1,Downy Mildew
spinach_5_0087.jpg,101.7465,117.8795,67.9125,26.0053,30.9597,18.01,5.3366,0.6991,0.4236,0.7073,0.7729,50976.4311,877.5658,0.8256,0.9183,1.1093,4.7619,0.0327,5.6154,0.2442,0.1338,0.0443,0.1577,5,Spinach Blight (Cucumber Mosaic Virus)
spinach_4_0131.jpg,111.7889,112.655,58.0805,35.9905,28.8301,24.9668,8.3,0.445,0.2188,0.633,0.6757,49341.0626,1030.4128,0.7855,0.8569,1.0066,24.8423,0.0463,8.5726,0.1919,0.2023,0.1396,0.392,4,Cladosporium Leaf Spot
spinach_5_0051.jpg,110.6398,97.1764,67.4524,28.5455,30.1367,16.5025,3.7977,0.77,0.3687,0.7236,0.584,54064.0519,899.9216,0.8244,0.8708,1.1301,8.0311,0.0187,2.9424,0.2022,0.1926,0.0957,0.3047,5,Spinach Blight (Cucumber Mosaic Virus)
spinach_1_0022.jpg,126.4613,150.2345,66.1084,24.3011,27.9354,18.207,3.7433,0.5992,0.3048,0.6972,0.4922,52566.1826,780.0598,0.6014,0.8839,1.0623,7.5782,0.0322,3.6956,0.234,0.1292,0.0789,0.2432,1,Downy Mildew
spinach_0_0065.jpg,104.8658,114.1354,70.4739,19.186,27.48,9.1714,1.3358,1.0,0.616,0.9194,0.4315,53649.7177,997.761,0.7214,0.952,1.0102,3.3135,0.0074,0.0907,0.0989,0.0551,0.0132,0.1717,0,No Disease
spinach_0_0087.jpg,120.7508,144.3754,73.365,17.1978,17.1552,13.9917,0.6638,0.8768,0.5959,0.8263,0.3394,45198.7828,959.0725,0.8027,0.9358,1.1972,2.3515,0.0091,1.7469,0.0954,0.0588,0.0954,0.1638,0,No Disease
spinach_1_0154.jpg,120.3077,121.3192,70.2116,23.893,19.6514,18.8304,7.3272,0.7294,0.3744,0.8248,0.8243,52048.4132,1023.3842,0.8522,0.8949,1.1021,4.8698,0.0184,3.6729,0.1699,0.1,0.0728,0.3526,1,Downy Mildew
spinach_3_0046.jpg,122.1168,129.9855,71.6206,25.4565,16.8899,25.884,6.6532,0.8969,0.479,0.7775,0.6204,48612.6249,918.006,0.7695,0.8835,1.1202,6.2361,0.0151,4.6548,0.2336,0.086,0.0616,0.2188,3,White Rust
spinach_0_0124.jpg,129.9393,128.9325,79.8454,24.8525,12.0215,16.9731,1.8172,0.9443,0.5985,0.9637,0.4275,51160.6297,1029.6064,0.8048,0.9483,1.0668,0.0,0.0015,0.0825,0.1393,0.119,0.0361,0.3145,0,No Disease
spinach_2_0044.jpg,110.6124,115.189,56.4338,25.7879,29.1633,21.7307,8.8762,0.6656,0.3028,0.5819,0.6728,43653.9771,745.0038,0.8316,0.8556,1.193,14.6389,0.0266,4.2374,0.2682,0.1599,0.0928,0.366,2,Anthracnose
spinach_0_0103.jpg,103.2363,131.3905,84.0162,23.7473,20.2577,17.4864,1.9367,0.9158,0.4852,0.7269,0.435,53619.9513,1040.9265,0.8643,0.9692,1.0402,0.5909,0.0098,5.7574,0.174,0.1248,0.0303,0.1293,0,No Disease
spinach_0_0036.jpg,115.9998,137.5455,62.0464,18.4045,18.0862,14.1917,1.0176,0.9202,0.5397,0.836,0.4511,49990.0371,944.4104,0.7864,0.9015,1.0815,7.7511,0.0,0.0,0.0069,0.0812,0.0408,0.1906,0,No Disease
spinach_4_0156.jpg,120.6301,121.2161,78.562,37.1103,37.8464,20.2802,6.1304,0.6794,0.3732,0.7475,0.5969,54017.9871,988.9269,0.8462,0.8798,1.1115,14.8974,0.0317,5.6227,0.2321,0.1804,0.1177,0.3293,4,Cladosporium Leaf Spot
spinach_0_0097.jpg,111.1084,134.2238,78.3231,24.8979,23.4584,22.1133,0.5271,0.9011,0.5809,0.8731,0.3551,44572.19,929.2679,0.7239,0.9321,1.0565,0.0,0.0079,1.4717,0.129,0.1674,0.0469,0.2388,0,No Disease
spinach_1_0097.jpg,124.4143,130.0983,66.0641,22.9158,34.352,18.6815,8.1452,0.7249,0.4946,0.8114,0.7247,46796.8815,1007.5635,0.9008,0.9035,1.1028,7.9062,0.0172,7.8806,0.1398,0.0923,0.1203,0.36,1,Downy Mildew
spinach_4_0164.jpg,138.647,120.4413,49.7619,35.6902,24.0946,22.8033,7.131,0.59,0.3116,0.5681,0.6898,55599.7212,886.6443,0.7975,0.8342,1.1458,15.2579,0.043,7.7777,0.2419,0.1229,0.1844,0.4543,4,Cladosporium Leaf Spot
spinach_4_0034.jpg,128.8774,119.3613,46.3663,29.8833,29.2906,25.1588,9.1453,0.668,0.3289,0.5765,0.7159,47386.1172,861.4896,0.8315,0.9001,1.1359,16.4637,0.0461,8.7111,0.2756,0.2141,0.1131,0.2213,4,Cladosporium Leaf Spot
spinach_3_0070.jpg,131.6498,140.8529,63.6362,29.5103,22.0949,16.1198,5.3977,0.789,0.5368,0.8382,0.5391,49139.5653,905.1744,0.8018,0.9321,1.1341,7.637,0.025,2.7863,0.294,0.1505,0.0418,0.2948,3,White Rust
spinach_3_0152.jpg,143.7193,125.5005,57.9592,24.0651,18.1572,20.0255,5.0642,0.7888,0.4501,0.7308,0.6143,50941.5362,855.4383,0.8688,0.917,1.1974,12.9074,0.0273,5.2441,0.17,0.1174,0.0639,0.1066,3,White Rust
spinach_3_0037.jpg,122.6642,149.4167,74.271,19.3061,18.5967,21.8992,5.4007,0.686,0.5199,0.7176,0.6804,54147.2458,791.8076,0.7483,0.9063,1.1228,7.1841,0.0078,1.4903,0.1975,0.1314,0.0726,0.3017,3,White Rust
spinach_2_0158.jpg,106.4504,128.1803,67.3895,25.7605,25.6926,20.9924,7.1185,0.7683,0.3157,0.7763,0.7002,61630.9607,911.8831,0.7942,0.9144,1.053,6.8189,0.0251,5.6387,0.1504,0.1571,0.0583,0.3222,2,Anthracnose
spinach_2_0179.jpg,101.7161,125.9739,65.5817,33.6104,31.2435,22.0737,6.6522,0.6282,0.3934,0.663,0.6467,52999.5022,998.4539,0.8239,0.9449,1.0236,6.6481,0.0327,4.7107,0.2163,0.0892,0.0875,0.2298,2,Anthracnose
spinach_0_0006.jpg,99.7051,141.5594,72.1748,28.0089,15.8032,10.906,2.3048,0.9176,0.6887,0.9385,0.4557,59316.5145,801.1237,0.7316,0.9068,1.0888,0.0,0.0111,0.8,0.0265,0.0394,0.0478,0.2671,0,No Disease
spinach_3_0157.jpg,126.937,129.6414,54.4151,22.8631,25.2039,21.5762,4.8526,0.8419,0.4437,0.7839,0.502,56283.0899,934.1529,0.7466,0.8828,1.1984,5.0237,0.0176,8.2347,0.2101,0.1844,0.0565,0.3657,3,White Rust
spinach_1_0094.jpg,96.4439,136.1974,83.5754,30.1122,18.227,22.1273,3.3228,0.8386,0.3535,0.7652,0.5242,48267.7597,1048.6151,0.7962,0.896,1.0084,2.5132,0.01,5.0015,0.239,0.1076,0.1193,0.2526,1,Downy Mildew
spinach_3_0170.jpg,136.8125,140.5068,75.1186,22.8533,16.9014,15.7937,5.2512,0.9148,0.493,0.7538,0.5311,51343.4983,1107.6643,0.854,0.9265,1.1188,9.1974,0.021,3.2562,0.1278,0.1613,0.0705,0.3559,3,White Rust
spinach_0_0036.jpg,115.9998,137.5455,62.0464,18.4045,18.0862,14.1917,1.0176,0.9202,0.5397,0.836,0.4511,49990.0371,944.4104,0.7864,0.9015,1.0815,7.7511,0.0,0.0,0.0069,0.0812,0.0408,0.1906,0,No Disease
spinach_2_0005.jpg,112.2737,131.2236,56.6545,34.599,18.0398,21.1185,7.0471,0.8339,0.2232,0.6933,0.8357,46074.898,858.7161,0.8199,0.9046,1.2053,15.7939,0.0376,5.452,0.193,0.151,0.081,0.3887,2,Anthracnose
spinach_3_0110.jpg,120.8445,141.5076,63.0463,33.9138,30.1469,16.7363,4.5239,0.71,0.4444,0.7642,0.6454,47057.6767,643.325,0.6837,0.8943,1.0575,8.7487,0.0084,1.82,0.1235,0.0754,0.0561,0.2322,3,White Rust
spinach_3_0104.jpg,139.9127,133.4451,70.7884,31.2037,21.7054,19.4544,3.7335,0.5812,0.4656,0.7303,0.4425,53610.9583,759.8688,0.8284,0.9321,1.078,7.7468,0.0075,5.3506,0.1794,0.1305,0.0825,0.2286,3,White Rust
spinach_4_0111.jpg,115.4106,112.5215,64.0879,28.5003,26.2987,24.5946,5.6686,0.4655,0.4135,0.6082,0.9735,60359.1896,839.3521,0.9303,0.9134,1.0184,7.6726,0.0395,7.5563,0.2916,0.1808,0.1014,0.3558,4,Cladosporium Leaf Spot
spinach_3_0027.jpg,124.8255,136.7321,60.4385,27.8399,18.1792,29.1519,4.6139,0.6763,0.3813,0.8603,0.5091,44681.181,990.3713,0.7551,0.9363,1.1848,9.0979,0.0362,0.8955,0.1291,0.1098,0.1265,0.4238,3,White Rust
spinach_0_0044.jpg,100.1721,148.5761,83.8342,28.9719,23.574,14.5611,2.5996,0.9613,0.5897,0.8892,0.5024,51703.5868,847.0713,0.7451,0.9458,1.1202,3.3608,0.0114,0.5253,0.1378,0.0952,0.0091,0.3154,0,No Disease
spinach_3_0082.jpg,111.7318,130.3274,64.4766,35.2457,21.0587,15.2418,4.7004,0.7911,0.3576,0.8082,0.6709,52193.3564,825.2935,0.7483,0.8785,1.0993,9.2431,0.0098,7.4915,0.2096,0.0483,0.0257,0.2013,3,White Rust
spinach_5_0177.jpg,113.8219,126.0939,81.7639,31.4273,23.9334,21.7442,6.2066,0.6774,0.4306,0.7601,0.5326,54940.8502,686.3196,0.7967,0.9287,1.1386,10.5721,0.0398,4.6079,0.1099,0.1681,0.0455,0.2735,5,Spinach Blight (Cucumber Mosaic Virus)
spinach_5_0131.jpg,100.5943,105.9465,70.2568,34.1528,22.4279,14.0096,3.2953,0.7309,0.5232,0.6389,0.6228,47757.7522,1062.0532,0.9455,0.9106,1.1618,15.4808,0.0138,6.6573,0.159,0.1431,0.1185,0.3465,5,Spinach Blight (Cucumber Mosaic Virus)
spinach_4_0105.jpg,109.3216,103.81,67.6258,34.0007,31.2802,30.8928,7.6629,0.6788,0.3453,0.654,0.8907,60909.3968,846.8533,0.84,0.898,1.0965,18.9887,0.0313,1.047,0.3467,0.1622,0.124,0.3724,4,Cladosporium Leaf Spot
spinach_1_0031.jpg,104.8434,108.5796,54.3,22.942,15.9276,18.0634,2.075,0.6586,0.526,0.7883,0.6287,45986.1072,746.3915,0.7217,0.9089,1.1695,13.6095,0.025,3.4724,0.1912,0.1171,0.075,0.473,1,Downy Mildew
spinach_2_0064.jpg,134.36,106.7833,58.6961,23.9043,27.2081,22.465,4.4679,0.9061,0.3404,0.6654,0.7869,59071.2744,992.6437,0.7279,0.9053,0.9295,17.6068,0.0139,4.6542,0.2298,0.1778,0.1035,0.4715,2,Anthracnose
spinach_0_0131.jpg,111.4073,156.9014,71.5277,31.9511,14.573,11.9342,0.01,1.0,0.6456,0.8566,0.5449,55438.4609,1116.6127,0.6771,0.9234,1.083,0.0,0.0145,0.7133,0.137,0.1744,0.0312,0.1663,0,No Disease
spinach_2_0023.jpg,127.4028,134.551,47.0948,28.2514,19.1694,29.0795,8.7219,0.708,0.3933,0.7966,0.8111,55790.2235,925.668,0.779,0.9192,1.1453,13.2375,0.0242,8.14,0.3132,0.13,0.1034,0.3781,2,Anthracnose
spinach_2_0071.jpg,111.1319,119.1146,53.0,30.3848,30.0397,30.8458,6.7854,0.6767,0.5022,0.6616,0.5576,51251.2449,987.6175,0.8217,0.8976,0.9641,13.7665,0.0369,3.8786,0.2178,0.1445,0.0926,0.3698,2,Anthracnose
spinach_1_0018.jpg,120.9013,149.7365,51.0088,26.9614,25.8317,17.3418,6.0112,0.6515,0.4852,0.834,0.6372,41736.0109,803.3206,0.8239,0.9105,0.8845,14.9713,0.0211,3.3257,0.2397,0.1029,0.0628,0.3387,1,Downy Mildew
spinach_1_0057.jpg,128.0639,155.162,50.9402,28.5767,18.5673,25.0752,3.9045,0.686,0.3829,0.7547,0.6423,53418.507,899.4232,0.7102,0.9282,1.0958,14.6469,0.0143,1.9159,0.1883,0.1818,0.084,0.294,1,Downy Mildew
spinach_0_0048.jpg,103.4875,143.7585,72.4953,20.552,14.9583,9.4076,0.01,0.9523,0.5579,0.8383,0.4209,55974.6613,938.0364,0.7306,0.9607,1.2463,3.9782,0.0138,3.4355,0.1565,0.1046,0.055,0.2416,0,No Disease
spinach_3_0138.jpg,122.32,144.9674,63.452,22.9716,31.3669,13.5078,6.9836,0.9024,0.5213,0.7569,0.6927,49891.1932,834.4214,0.7567,0.9057,1.0343,12.44,0.0108,3.9466,0.0978,0.1212,0.0411,0.1856,3,White Rust
spinach_5_0017.jpg,118.9058,126.7855,76.9152,32.427,15.4375,17.8435,6.9217,0.6559,0.3748,0.7729,0.633,43404.897,958.5659,0.8409,0.8938,1.1469,12.3802,0.0347,5.6722,0.2762,0.0751,0.1015,0.3082,5,Spinach Blight (Cucumber Mosaic Virus)
spinach_0_0092.jpg,113.1876,140.0405,78.2775,24.3541,12.9774,7.7674,4.6239,0.9205,0.4428,0.83,0.4972,50601.6158,868.7939,0.8541,0.9038,1.0561,2.8455,0.0091,2.0934,0.1456,0.0879,0.0522,0.1793,0,No Disease
spinach_5_0093.jpg,114.9719,118.9191,79.7793,31.7765,28.5965,24.7172,8.9299,0.809,0.3132,0.786,0.6765,48529.8249,692.7071,0.7176,0.8909,0.9728,10.625,0.0297,4.3543,0.2142,0.1072,0.0975,0.3807,5,Spinach Blight (Cucumber Mosaic Virus)
spinach_5_0170.jpg,106.2727,113.4286,57.6055,23.4687,27.3833,24.8028,6.7553,0.8468,0.3454,0.7426,0.4807,50555.2276,1016.9373,0.7475,0.9211,1.2053,9.2411,0.0277,8.2433,0.2215,0.1815,0.0457,0.3878,5,Spinach Blight (Cucumber Mosaic Virus)
spinach_1_0085.jpg,125.9546,133.1906,63.636,14.0364,34.2774,17.4229,8.9881,0.6241,0.365,0.6058,0.6462,45493.7159,792.7,0.7076,0.9294,1.1569,17.2481,0.0145,5.1939,0.1255,0.1166,0.067,0.3472,1,Downy Mildew
spinach_1_0103.jpg,117.3165,129.6886,56.8564,23.1543,29.0526,19.3209,3.639,0.7365,0.4394,0.6219,0.6059,55339.8997,945.1229,0.9238,0.9413,1.2159,21.2003,0.0261,5.0935,0.2387,0.1076,0.0827,0.2582,1,Downy Mildew
spinach_5_0031.jpg,98.979,115.2925,66.6152,28.2129,33.4386,22.5449,6.2218,0.6478,0.2603,0.753,0.6745,44203.3473,865.5628,0.8014,0.8844,1.0265,13.6203,0.0222,4.3362,0.1669,0.1448,0.1131,0.3565,5,Spinach Blight (Cucumber Mosaic Virus)
spinach_2_0176.jpg,127.942,102.5252,59.4772,28.0316,27.6974,27.8895,7.644,0.7776,0.3264,0.6424,0.6916,49806.7391,861.4141,0.7425,0.93,1.051,19.7043,0.0271,7.2672,0.2579,0.127,0.1192,0.5043,2,Anthracnose
spinach_1_0062.jpg,105.9598,129.2832,76.3622,35.5716,28.9366,22.35,3.7913,0.7975,0.4174,0.7992,0.5467,50135.3344,916.4147,0.8048,0.9223,1.0537,4.6269,0.033,9.2807,0.2124,0.077,0.0607,0.3507,1,Downy Mildew
spinach_4_0111.jpg,115.4106,112.5215,64.0879,28.5003,26.2987,24.5946,5.6686,0.4655,0.4135,0.6082,0.9735,60359.1896,839.3521,0.9303,0.9134,1.0184,7.6726,0.0395,7.5563,0.2916,0.1808,0.1014,0.3558,4,Cladosporium Leaf Spot
spinach_3_0082.jpg,111.7318,130.3274,64.4766,35.2457,21.0587,15.2418,4.7004,0.7911,0.3576,0.8082,0.6709,52193.3564,825.2935,0.7483,0.8785,1.0993,9.2431,0.0098,7.4915,0.2096,0.0483,0.0257,0.2013,3,White Rust
spinach_2_0048.jpg,105.3128,148.55,52.6991,19.6566,19.0003,26.0372,9.272,0.6255,0.4823,0.7519,0.6711,48697.7686,898.087,0.8526,0.9099,1.0259,13.3032,0.0429,6.5522,0.2735,0.1816,0.1168,0.3587,2,Anthracnose
spinach_5_0071.jpg,97.464,94.3754,52.8113,32.1055,19.0243,17.7003,6.2271,0.677,0.4709,0.7342,0.5702,54358.165,942.8791,0.7253,0.9063,1.0328,9.0342,0.039,5.6237,0.1991,0.1534,0.1119,0.2839,5,Spinach Blight (Cucumber Mosaic Virus)
spinach_1_0048.jpg,98.2272,144.8922,66.1365,32.0539,25.9358,21.1957,5.032,0.7694,0.4051,0.8208,0.4514,48292.1207,1104.4823,0.7524,0.904,1.0294,11.3434,0.0141,4.4659,0.2324,0.102,0.0997,0.3758,1,Downy Mildew
spinach_2_0153.jpg,116.2918,114.5138,58.4385,36.3732,33.6604,16.4151,8.1013,0.6981,0.3431,0.7229,0.5174,57313.2117,931.4944,0.7481,0.8854,0.9437,12.7442,0.0231,3.7148,0.2688,0.2111,0.1093,0.3255,2,Anthracnose
spinach_5_0125.jpg,118.3817,119.5477,67.5495,36.2526,29.8512,21.8083,4.7397,0.6705,0.4964,0.7777,0.6313,58332.816,854.2779,0.8693,0.9055,1.2446,15.0122,0.0244,5.0782,0.2092,0.121,0.0558,0.3647,5,Spinach Blight (Cucumber Mosaic Virus)
spinach_0_0088.jpg,98.3412,143.7741,74.0148,12.976,22.6134,14.6232,0.1114,0.9951,0.6301,0.7915,0.5977,55293.9868,918.9804,0.8654,0.934,1.1178,0.0,0.0107,2.0579,0.1007,0.0484,0.0432,0.1944,0,No Disease
spinach_0_0122.jpg,115.6598,143.2325,72.7558,20.054,16.7178,12.6932,1.2359,1.0,0.5713,0.825,0.3684,57501.8534,987.5607,0.8036,0.9236,1.1659,0.0,0.0039,2.9456,0.1437,0.0407,0.0186,0.2087,0,No Disease
spinach_3_0122.jpg,140.3775,114.9825,62.3237,29.8593,22.0017,14.7341,5.5249,0.7754,0.4427,0.7363,0.5465,48590.3919,1148.4533,0.7656,0.9107,1.0667,15.1078,0.0039,4.647,0.158,0.0631,0.0495,0.3054,3,White Rust
spinach_0_0156.jpg,121.7659,146.8908,62.4773,22.453,21.2543,17.9028,3.3344,0.9291,0.5742,0.8374,0.2302,53698.2088,938.6053,0.8035,0.8966,1.1716,10.2182,0.0066,1.089,0.1155,0.1613,0.0144,0.2163,0,No Disease
spinach_2_0148.jpg,103.6962,111.6586,74.5216,23.2558,24.9051,23.3931,6.4843,0.7659,0.3553,0.6836,0.7715,59053.5583,1020.7498,0.7918,0.8988,1.0837,14.588,0.0202,7.7859,0.2403,0.1582,0.0782,0.355,2,Anthracnose
spinach_4_0055.jpg,124.1649,113.7806,52.2435,29.3883,26.0435,16.7948,7.2725,0.7184,0.4041,0.6968,0.7732,57744.4926,783.9832,0.7321,0.9181,1.0722,15.3153,0.0384,6.7108,0.2281,0.1554,0.138,0.4065,4,Cladosporium Leaf Spot
spinach_1_0041.jpg,107.5157,138.8198,55.1889,25.9088,22.5236,22.4324,1.8975,0.8113,0.3758,0.8454,0.5622,50755.7821,1091.3786,0.7734,0.941,1.1031,11.6617,0.0206,6.3261,0.1557,0.0906,0.064,0.318,1,Downy Mildew
spinach_5_0159.jpg,107.7386,107.6728,61.0817,34.6325,24.3921,22.4434,6.0624,0.7506,0.4834,0.7885,0.6033,55545.2348,778.3649,0.7655,0.8968,1.1737,7.3194,0.0311,5.3015,0.1883,0.1939,0.0699,0.5229,5,Spinach Blight (Cucumber Mosaic Virus)
spinach_1_0007.jpg,114.2171,119.4569,74.2676,14.304,27.9893,19.145,4.8024,0.8754,0.3729,0.7124,0.597,53069.2369,855.8144,0.6956,0.8884,1.2025,10.2991,0.0236,4.3294,0.157,0.1971,0.0753,0.2745,1,Downy Mildew
spinach_2_0155.jpg,96.7607,130.7744,55.7776,23.9246,33.2635,20.9835,7.5688,0.7473,0.4179,0.5462,0.7595,49496.9312,847.0971,0.7935,0.8597,1.0954,8.5424,0.0247,6.3813,0.2837,0.1272,0.1463,0.4257,2,Anthracnose
spinach_4_0132.jpg,110.2999,117.0111,55.8823,26.2746,35.8299,28.5293,7.7156,0.6582,0.3712,0.824,0.8473,54673.8481,893.7981,0.7639,0.9246,1.1222,14.6818,0.0376,9.0073,0.1652,0.1531,0.1391,0.236,4,Cladosporium Leaf Spot
spinach_0_0139.jpg,112.7681,119.6258,78.9047,20.8856,20.1355,16.5201,0.322,0.7802,0.523,0.9195,0.489,45160.2886,821.8901,0.7266,0.9211,1.011,0.0,0.0,1.3553,0.041,0.0754,0.0665,0.0959,0,No Disease
spinach_5_0007.jpg,108.3789,94.9354,78.6135,40.3298,30.7364,25.2235,7.4009,0.6841,0.3912,0.7975,0.5527,44196.4154,830.2671,0.8494,0.8784,1.072,11.5733,0.0159,1.0084,0.1587,0.1604,0.1022,0.3795,5,Spinach Blight (Cucumber Mosaic Virus)
spinach_5_0100.jpg,86.9346,115.2731,67.287,31.58,25.5516,21.683,6.6353,0.7484,0.3999,0.7252,0.5179,59568.4123,923.5699,0.8225,0.8844,1.0097,15.4399,0.0227,6.5179,0.1424,0.2119,0.1125,0.3335,5,Spinach Blight (Cucumber Mosaic Virus)
spinach_2_0132.jpg,104.7918,130.3849,59.8046,28.7809,23.0369,17.4963,8.9255,0.7439,0.4882,0.7278,0.4258,43777.0853,926.4871,0.7778,0.886,0.9917,17.7904,0.0306,7.0021,0.1983,0.1671,0.0766,0.3396,2,Anthracnose
spinach_1_0093.jpg,106.3971,130.1358,54.0849,22.0821,21.1845,22.9085,4.9526,0.6881,0.4341,0.6797,0.6529,56656.9338,892.0796,0.7778,0.9193,0.9377,12.1473,0.0448,4.5792,0.184,0.1597,0.1211,0.388,1,Downy Mildew
spinach_4_0112.jpg,123.0664,117.1019,58.1167,24.4031,29.456,20.5523,9.7615,0.5713,0.3163,0.8115,0.7293,48297.1259,948.5622,0.6829,0.9213,1.1495,20.0978,0.007,7.0331,0.2064,0.235,0.1563,0.421,4,Cladosporium Leaf Spot
spinach_5_0083.jpg,114.3086,111.5674,52.4735,35.1615,27.0964,26.46,7.3733,0.9013,0.3752,0.7311,0.722,47981.0386,950.2638,0.6332,0.8982,1.0818,11.4431,0.017,7.031,0.1848,0.158,0.0891,0.38,5,Spinach Blight (Cucumber Mosaic Virus)
spinach_4_0141.jpg,123.095,125.8926,78.6567,34.1753,27.3628,20.4666,10.2067,0.6295,0.2195,0.6616,0.6604,48371.8124,890.6192,0.7357,0.8778,1.0105,15.1308,0.0259,6.631,0.2253,0.2135,0.135,0.4856,4,Cladosporium Leaf Spot
spinach_5_0001.jpg,83.6325,107.55,60.4181,33.7179,25.7037,22.49,6.3618,0.5397,0.2402,0.7077,0.6779,48325.674,783.5941,0.7956,0.8918,1.1523,14.8921,0.0196,5.3101,0.2238,0.167,0.1313,0.3377,5,Spinach Blight (Cucumber Mosaic Virus)
spinach_3_0096.jpg,117.3753,138.7009,75.0177,26.6605,19.3533,18.8838,6.5266,0.6827,0.3845,0.8221,0.5061,44234.709,1040.0819,0.714,0.915,1.0604,6.8093,0.0099,5.2857,0.1755,0.1593,0.0548,0.4506,3,White Rust
spinach_0_0038.jpg,100.1025,148.9946,72.2487,21.3929,17.0699,16.3463,2.7224,0.745,0.6333,0.8113,0.2758,51707.9438,928.3981,0.7284,0.9508,1.0126,0.3722,0.0013,1.1161,0.1139,0.0397,0.0581,0.205,0,No Disease
spinach_1_0080.jpg,125.8054,114.0681,72.9331,24.9537,16.9865,27.3797,5.3855,0.8926,0.5277,0.7041,0.6015,51605.1897,1052.6303,0.8163,0.9144,1.084,9.7978,0.0304,4.8067,0.1703,0.1074,0.0662,0.1978,1,Downy Mildew
spinach_3_0096.jpg,117.3753,138.7009,75.0177,26.6605,19.3533,18.8838,6.5266,0.6827,0.3845,0.8221,0.5061,44234.709,1040.0819,0.714,0.915,1.0604,6.8093,0.0099,5.2857,0.1755,0.1593,0.0548,0.4506,3,White Rust
spinach_0_0149.jpg,89.8431,125.2761,77.6773,28.3556,19.4672,14.8386,0.01,0.7382,0.5904,0.8549,0.3094,52327.6629,931.5131,0.8267,0.9334,1.2183,2.032,0.0051,3.1158,0.0511,0.1926,0.0494,0.2305,0,No Disease
spinach_4_0110.jpg,124.7584,107.1223,57.4612,34.03,25.8677,21.7652,7.625,0.7173,0.4345,0.6085,0.8061,50467.9412,789.1765,0.7722,0.8584,1.163,24.2099,0.0307,6.3317,0.3227,0.2386,0.1021,0.3782,4,Cladosporium Leaf Spot
spinach_0_0179.jpg,110.5195,119.5892,76.4028,24.0886,19.1814,14.1214,2.9604,0.9137,0.5178,1.0,0.3848,55878.7615,678.1386,0.8466,0.9667,1.1224,4.2351,0.0105,0.043,0.1274,0.0477,0.0248,0.2902,0,No Disease
spinach_5_0034.jpg,107.4364,109.4665,50.9721,34.1247,28.0836,16.4675,5.7789,0.6466,0.4542,0.704,0.6427,48554.0279,721.9865,0.8943,0.9166,1.0302,12.7674,0.0318,5.5003,0.2878,0.2667,0.0868,0.2934,5,Spinach Blight (Cucumber Mosaic Virus)
spinach_2_0104.jpg,94.2359,90.4693,64.6507,28.1263,25.6929,26.3238,9.3749,0.7228,0.5342,0.7352,0.7202,51201.9441,751.4504,0.8574,0.8389,1.0331,14.0917,0.0207,5.2868,0.322,0.2042,0.0929,0.3124,2,Anthracnose
spinach_0_0108.jpg,91.8683,137.2993,62.489,16.4862,13.1296,13.238,4.2483,0.953,0.5813,0.8477,0.3767,53638.7323,978.4169,0.7155,0.9309,0.9575,2.8469,0.0121,0.6959,0.1908,0.0448,0.0454,0.1971,0,No Disease
spinach_2_0168.jpg,113.1635,120.4498,62.2361,28.6266,27.4145,29.973,7.2415,0.6834,0.3882,0.6847,0.6465,51043.3926,829.4285,0.7913,0.8802,1.0886,16.3368,0.0253,2.4849,0.2595,0.1648,0.0852,0.4119,2,Anthracnose
spinach_0_0097.jpg,111.1084,134.2238,78.3231,24.8979,23.4584,22.1133,0.5271,0.9011,0.5809,0.8731,0.3551,44572.19,929.2679,0.7239,0.9321,1.0565,0.0,0.0079,1.4717,0.129,0.1674,0.0469,0.2388,0,No Disease
spinach_4_0050.jpg,128.985,124.6898,63.8463,35.7509,26.0261,22.4569,7.9878,0.528,0.3726,0.7334,0.689,52675.7459,827.0869,0.729,0.9414,0.9898,12.8827,0.0357,7.9833,0.3034,0.27,0.1106,0.3437,4,Cladosporium Leaf Spot
spinach_1_0160.jpg,109.0156,145.8678,56.0447,29.8115,28.8508,20.4155,3.1594,0.6309,0.4988,0.6718,0.6492,51571.7455,937.7132,0.8183,0.8867,1.022,12.8597,0.015,0.0,0.2224,0.0885,0.0917,0.4214,1,Downy Mildew
spinach_4_0110.jpg,124.7584,107.1223,57.4612,34.03,25.8677,21.7652,7.625,0.7173,0.4345,0.6085,0.8061,50467.9412,789.1765,0.7722,0.8584,1.163,24.2099,0.0307,6.3317,0.3227,0.2386,0.1021,0.3782,4,Cladosporium Leaf Spot
spinach_3_0037.jpg,122.6642,149.4167,74.271,19.3061,18.5967,21.8992,5.4007,0.686,0.5199,0.7176,0.6804,54147.2458,791.8076,0.7483,0.9063,1.1228,7.1841,0.0078,1.4903,0.1975,0.1314,0.0726,0.3017,3,White Rust
spinach_1_0119.jpg,113.8042,130.1257,54.9437,35.2429,35.1975,22.9131,5.4815,0.6364,0.5537,0.7653,0.5811,53405.8704,841.4288,0.7988,0.8739,1.187,9.5824,0.0293,4.438,0.1832,0.0815,0.099,0.2399,1,Downy Mildew
spinach_5_0024.jpg,103.1285,119.0799,64.7926,30.2225,19.8074,18.3529,6.2965,0.7508,0.4185,0.6706,0.6263,57059.1917,924.4258,0.8002,0.8744,1.0329,12.0264,0.0262,6.418,0.2294,0.1352,0.0772,0.5038,5,Spinach Blight (Cucumber Mosaic Virus)
spinach_2_0055.jpg,115.6316,123.0303,56.1517,34.7447,26.6051,20.9831,7.3373,0.5712,0.3986,0.592,0.5872,39906.543,862.4883,0.8966,0.8971,1.1315,23.4093,0.0302,4.7226,0.1986,0.16,0.0942,0.3054,2,Anthracnose
spinach_0_0021.jpg,108.1391,129.8329,59.2835,9.6351,11.4131,13.1653,1.5016,1.0,0.6685,0.8127,0.4548,49964.6088,891.5636,0.7811,0.9455,1.0929,6.2554,0.0,1.2114,0.2299,0.0889,0.0758,0.2073,0,No Disease
spinach_0_0067.jpg,101.8483,117.7202,61.8559,6.2516,15.8294,14.2465,1.2784,0.9863,0.6759,0.8681,0.2065,55086.4079,975.536,0.7886,0.9545,1.0268,10.035,0.0,2.5486,0.0156,0.0428,0.0779,0.1791,0,No Disease
spinach_0_0089.jpg,91.6653,122.8101,76.5212,6.9906,18.0271,13.0877,4.224,0.8605,0.6328,0.8522,0.4314,55684.1827,873.7444,0.8298,0.9052,1.1436,5.6906,0.0113,4.6496,0.0618,0.0248,0.0151,0.2528,0,No Disease
spinach_3_0041.jpg,119.1082,133.6174,70.0606,17.5734,15.7057,20.0052,6.8379,0.768,0.3967,0.6296,0.6453,47820.3418,790.2563,0.6771,0.884,1.0331,7.0446,0.0073,4.3343,0.1577,0.2089,0.0274,0.2929,3,White Rust
spinach_2_0106.jpg,120.9377,121.8419,58.9315,33.7516,36.1997,20.4509,5.3694,0.5986,0.4596,0.7791,0.6363,39319.9323,812.5243,0.8329,0.8983,1.0944,11.9066,0.0351,6.7177,0.2593,0.1664,0.1231,0.3867,2,Anthracnose
spinach_2_0100.jpg,105.4655,118.052,45.6006,27.1509,32.047,20.1349,8.3847,0.4935,0.3352,0.688,0.8643,44154.6856,947.0993,0.8634,0.882,1.0501,14.5665,0.0151,5.2808,0.2938,0.1809,0.1061,0.359,2,Anthracnose
spinach_2_0025.jpg,99.3661,131.7437,48.743,21.7491,27.6668,21.3452,4.4422,0.7221,0.2207,0.6275,0.6325,54011.112,1009.5468,0.8662,0.8962,0.8858,15.5634,0.0388,8.3208,0.2531,0.1124,0.0969,0.5047,2,Anthracnose
spinach_1_0041.jpg,107.5157,138.8198,55.1889,25.9088,22.5236,22.4324,1.8975,0.8113,0.3758,0.8454,0.5622,50755.7821,1091.3786,0.7734,0.941,1.1031,11.6617,0.0206,6.3261,0.1557,0.0906,0.064,0.318,1,Downy Mildew
spinach_0_0112.jpg,84.1497,143.2794,68.9597,9.504,21.1978,20.74,4.5332,0.9287,0.5837,0.973,0.5882,57667.8435,825.8462,0.7821,0.941,0.9752,3.8774,0.0242,2.3519,0.1737,0.0873,0.0382,0.2305,0,No Disease
spinach_1_0158.jpg,119.8622,107.6487,62.8942,28.5571,22.5848,23.1013,5.8803,0.6967,0.2751,0.7693,0.5147,48108.2869,947.9124,0.875,0.909,1.1443,4.2221,0.022,4.6922,0.2515,0.1084,0.074,0.3947,1,Downy Mildew
spinach_0_0089.jpg,91.6653,122.8101,76.5212,6.9906,18.0271,13.0877,4.224,0.8605,0.6328,0.8522,0.4314,55684.1827,873.7444,0.8298,0.9052,1.1436,5.6906,0.0113,4.6496,0.0618,0.0248,0.0151,0.2528,0,No Disease
spinach_0_0039.jpg,86.0805,117.4555,71.9014,18.8952,16.4829,14.8881,2.3835,0.9758,0.4911,0.798,0.3107,53444.5833,1044.4947,0.7441,0.8675,0.9837,0.0,0.0015,0.4649,0.1019,0.0675,0.0662,0.1459,0,No Disease
spinach_5_0028.jpg,116.4275,134.7612,78.8397,30.7033,24.9579,14.6816,6.4185,0.7515,0.4035,0.5978,0.6213,52726.6602,767.4085,0.8199,0.9108,1.1794,18.8504,0.021,5.7308,0.2208,0.176,0.1034,0.454,5,Spinach Blight (Cucumber Mosaic Virus)
spinach_5_0003.jpg,115.3488,126.1766,70.7199,17.2792,22.8208,19.6616,6.4763,0.8451,0.3136,0.887,0.6118,45665.4934,954.5205,0.8655,0.9162,1.0284,14.0081,0.0157,3.965,0.2053,0.1172,0.1163,0.2937,5,Spinach Blight (Cucumber Mosaic Virus)
spinach_0_0055.jpg,121.8359,133.1593,80.359,20.3399,14.9393,7.7692,1.7083,0.7752,0.6574,0.9862,0.3403,53509.8537,847.4608,0.7323,0.9494,1.1169,8.9586,0.0021,2.9988,0.1049,0.1118,0.0288,0.196,0,No Disease
spinach_2_0030.jpg,107.3195,111.4107,67.2187,36.4915,31.7711,17.5978,8.4665,0.7207,0.2463,0.5553,0.7938,49099.5035,751.4818,0.7875,0.9091,1.0734,7.7921,0.0421,7.9076,0.2132,0.1482,0.119,0.2596,2,Anthracnose
spinach_3_0110.jpg,120.8445,141.5076,63.0463,33.9138,30.1469,16.7363,4.5239,0.71,0.4444,0.7642,0.6454,47057.6767,643.325,0.6837,0.8943,1.0575,8.7487,0.0084,1.82,0.1235,0.0754,0.0561,0.2322,3,White Rust
spinach_1_0061.jpg,124.784,137.0433,56.5515,31.2443,23.1981,15.3602,6.2738,0.7574,0.4118,0.7574,0.5381,54050.6525,895.6549,0.8,0.9189,1.0076,6.4229,0.0023,5.8165,0.1294,0.1353,0.0893,0.3582,1,Downy Mildew
spinach_0_0114.jpg,115.3829,133.0184,83.2905,19.5608,18.0235,19.7158,0.4743,0.8206,0.5643,0.9379,0.2869,43659.827,1002.3721,0.7338,0.9202,0.9715,0.0,0.0059,2.8747,0.0614,0.1463,0.0229,0.1454,0,No Disease
spinach_0_0180.jpg,114.7466,131.2299,66.1314,16.772,20.6632,11.0001,2.6064,0.9597,0.5729,0.9507,0.3896,50930.722,822.2754,0.831,0.9108,1.148,1.7147,0.0,0.1036,0.1691,0.0881,0.0148,0.2244,0,No Disease
spinach_0_0007.jpg,124.9673,171.0525,75.3153,15.0523,6.3398,16.0708,0.618,0.8668,0.531,0.8701,0.5266,52785.2428,904.1365,0.7079,0.8881,1.0811,1.7849,0.0201,1.4345,0.1491,0.06,0.0104,0.1228,0,No Disease
spinach_3_0145.jpg,121.4309,125.9336,74.0166,24.4909,19.8311,19.2542,3.5543,0.7275,0.415,0.7599,0.6156,53535.5603,1059.6737,0.8527,0.9689,1.1547,10.1724,0.0131,5.4868,0.1372,0.0612,0.1082,0.1801,3,White Rust
spinach_2_0075.jpg,101.3034,116.0036,65.6361,34.5715,30.9742,24.2115,8.2308,0.7898,0.414,0.5714,0.6371,53481.8504,817.2904,0.8972,0.8984,1.0868,18.499,0.0255,6.4173,0.275,0.1011,0.1029,0.4163,2,Anthracnose
spinach_0_0071.jpg,107.8822,136.2239,71.6594,20.393,13.6096,17.1285,6.9542,0.7578,0.6059,0.8268,0.4777,52232.7874,996.1855,0.8405,0.9348,1.2106,0.0,0.0187,1.8751,0.1539,0.0312,0.0192,0.2117,0,No Disease
spinach_0_0152.jpg,110.5043,124.6,76.8859,9.3125,15.8859,19.5518,2.0313,0.8601,0.6511,0.9482,0.551,56371.7121,1028.1375,0.814,0.9366,1.1272,1.051,0.0,0.0,0.0859,0.0897,0.076,0.1967,0,No Disease
spinach_3_0089.jpg,128.9966,127.7773,60.3436,34.4798,29.057,19.5222,5.0288,0.7183,0.4708,0.7328,0.5421,60551.6469,895.4386,0.7171,0.8858,1.1202,4.9564,0.019,1.0849,0.2045,0.0776,0.0712,0.2529,3,White Rust
spinach_2_0122.jpg,114.0355,106.4981,61.2623,27.4146,22.1963,31.4126,8.8136,0.7076,0.3487,0.6782,0.8442,51532.8877,571.7195,0.9453,0.9046,1.1075,18.3468,0.0307,7.4444,0.2088,0.1108,0.117,0.4645,2,Anthracnose
spinach_3_0163.jpg,105.267,140.2097,64.8801,17.8151,16.7269,16.3024,6.317,0.867,0.5912,0.6688,0.4133,44321.8676,1033.8857,0.805,0.922,1.1284,7.7729,0.008,4.9237,0.1607,0.072,0.0844,0.2459,3,White Rust
spinach_1_0116.jpg,106.948,110.6167,57.8323,19.7268,20.8859,23.9776,4.8618,0.7685,0.3721,0.7646,0.8021,49257.5696,938.4429,0.6961,0.948,1.0618,14.2021,0.019,5.9008,0.2236,0.1119,0.1073,0.2493,1,Downy Mildew
spinach_1_0165.jpg,116.3785,111.3941,54.2152,24.6102,20.6384,21.4713,6.4919,0.9216,0.4284,0.8381,0.527,42625.2684,864.7698,0.6941,0.9104,1.0376,2.1829,0.0339,3.8324,0.1081,0.1659,0.0618,0.3972,1,Downy Mildew
spinach_5_0062.jpg,83.6941,131.1287,57.458,29.4194,20.7379,16.652,6.0516,0.6625,0.3065,0.7275,0.5018,50127.369,857.2673,0.6612,0.8869,1.1275,7.7458,0.0281,6.1788,0.1591,0.1495,0.1106,0.2699,5,Spinach Blight (Cucumber Mosaic Virus)
spinach_4_0134.jpg,121.9438,134.7147,68.2857,36.0631,33.197,27.7988,9.2445,0.6843,0.2875,0.646,0.767,48821.4743,733.369,0.7159,0.8957,1.1425,18.0374,0.0561,5.8444,0.2922,0.2416,0.1566,0.4424,4,Cladosporium Leaf Spot
spinach_0_0094.jpg,117.5911,137.9554,69.3427,33.5199,18.9712,12.1221,0.8198,0.8246,0.6549,0.8545,0.4327,51682.4566,993.1492,0.7192,0.9031,1.1379,4.4038,0.0087,0.0,0.1339,0.0502,0.027,0.1245,0,No Disease
spinach_4_0056.jpg,131.1675,117.809,58.5428,39.1982,33.9282,25.5796,5.5463,0.5651,0.2557,0.6626,0.7092,58514.5245,732.8563,0.7203,0.8961,1.1117,7.6515,0.0201,7.0255,0.3378,0.2655,0.1196,0.3763,4,Cladosporium Leaf Spot
spinach_5_0012.jpg,122.8605,96.4438,68.9745,16.4275,19.2439,25.5477,6.4611,0.6799,0.3349,0.5902,0.7193,48084.2632,717.8135,0.8118,0.9145,1.0739,12.464,0.0243,4.1278,0.2127,0.1794,0.1159,0.4033,5,Spinach Blight (Cucumber Mosaic Virus)
spinach_1_0128.jpg,111.1152,136.8832,60.9745,34.895,26.1933,24.7438,1.8211,0.7332,0.4628,0.7757,0.7061,49170.4788,904.8787,0.8609,0.853,1.1471,8.6645,0.0127,5.4058,0.2514,0.1716,0.0766,0.3801,1,Downy Mildew
spinach_2_0024.jpg,115.866,110.254,73.0682,32.1105,29.6569,30.0355,6.2366,0.6729,0.2797,0.6879,0.5411,53739.2468,921.9997,0.7834,0.8975,1.1409,9.4568,0.0286,7.3591,0.1409,0.1874,0.0681,0.3406,2,Anthracnose
spinach_3_0085.jpg,132.12,130.5017,58.4486,30.7529,23.9965,24.0314,6.0909,0.9444,0.5492,0.7293,0.597,48712.5564,859.5874,0.6952,0.9128,1.1536,7.7359,0.0082,1.2586,0.2756,0.133,0.0494,0.3169,3,White Rust
spinach_5_0061.jpg,91.2098,138.644,66.9962,35.1301,30.2765,25.933,6.0616,0.8385,0.4677,0.7329,0.6763,48816.3379,875.2239,0.8074,0.9095,1.2292,7.1791,0.0331,4.7372,0.2735,0.1367,0.1003,0.3273,5,Spinach Blight (Cucumber Mosaic Virus)
spinach_1_0105.jpg,129.5268,147.2853,51.3986,34.0558,18.1428,16.4351,5.1017,0.7145,0.3053,0.8055,0.6779,56270.208,856.6545,0.7876,0.9092,1.235,0.0,0.0123,4.81,0.1357,0.1197,0.0768,0.2574,1,Downy Mildew
spinach_3_0066.jpg,117.9393,125.6289,79.5013,29.0104,19.2792,16.5445,7.1543,0.7989,0.5728,0.7758,0.6012,53001.1383,842.5889,0.7714,0.8904,1.1495,11.045,0.0249,5.1998,0.1636,0.1821,0.0923,0.3911,3,White Rust
spinach_0_0095.jpg,118.0116,145.9676,76.8399,26.2361,31.0632,8.1631,0.7448,0.8507,0.5119,0.8046,0.39,45916.9814,953.5042,0.7731,0.942,1.1606,4.412,0.003,5.0181,0.1117,0.0055,0.0149,0.0608,0,No Disease
spinach_1_0103.jpg,117.3165,129.6886,56.8564,23.1543,29.0526,19.3209,3.639,0.7365,0.4394,0.6219,0.6059,55339.8997,945.1229,0.9238,0.9413,1.2159,21.2003,0.0261,5.0935,0.2387,0.1076,0.0827,0.2582,1,Downy Mildew
spinach_0_0025.jpg,107.9642,161.3858,71.3032,18.4646,13.2324,10.8709,0.01,0.8289,0.5743,0.9034,0.4251,48172.3236,1010.0185,0.8144,0.926,1.0678,4.1937,0.0075,0.0,0.0966,0.0905,0.0175,0.2152,0,No Disease
spinach_0_0145.jpg,103.2583,140.5205,80.6996,24.3158,16.1914,12.32,3.93,0.9619,0.4515,0.8581,0.4366,55894.1486,1011.0101,0.787,0.9446,1.1251,0.0,0.0039,1.2342,0.0983,0.0046,0.0301,0.2045,0,No Disease
spinach_4_0074.jpg,123.5791,126.2715,62.2018,30.4903,18.8116,23.1672,6.9055,0.6498,0.3896,0.6827,0.8863,47658.4288,829.0224,0.8523,0.8942,1.0502,25.3861,0.0386,7.157,0.2357,0.2431,0.1352,0.392,4,Cladosporium Leaf Spot
spinach_0_0042.jpg,117.0031,142.183,69.1544,21.6792,2.347,16.5315,0.01,0.7621,0.6161,0.9134,0.3038,48439.4898,1057.0541,0.741,0.9861,1.1198,3.6321,0.0189,1.4358,0.0499,0.0756,0.0391,0.0908,0,No Disease
spinach_1_0070.jpg,112.5655,142.6212,52.3163,16.2122,24.1616,26.483,5.572,0.7131,0.2813,0.7917,0.6761,42091.3375,1013.4532,0.8359,0.9383,1.1467,12.6147,0.0242,6.3633,0.0991,0.07,0.0616,0.2996,1,Downy Mildew
spinach_2_0014.jpg,127.7343,96.135,60.3873,25.0551,21.0343,22.5461,9.0881,0.728,0.3228,0.7494,0.4656,46235.271,797.6108,0.8047,0.8949,1.0687,13.3011,0.0272,7.0722,0.2375,0.1486,0.12,0.4161,2,Anthracnose
spinach_1_0032.jpg,100.38,127.4186,72.694,19.6705,20.7813,18.8838,5.1204,0.6123,0.4776,0.8066,0.6608,46648.1316,908.6511,0.736,0.9017,1.2723,10.3828,0.0105,5.1246,0.1224,0.082,0.054,0.2745,1,Downy Mildew
spinach_2_0083.jpg,106.2851,113.6539,58.3143,28.2817,26.6631,22.7615,6.24,0.6181,0.4665,0.5527,0.6694,47655.5026,921.8791,0.7127,0.8875,1.0718,18.2803,0.0297,3.9697,0.2056,0.1954,0.08,0.3437,2,Anthracnose
spinach_1_0069.jpg,108.0507,132.4956,71.1025,29.1536,24.8337,17.8122,6.9742,0.4894,0.4606,0.9399,0.4592,49793.1527,899.2089,0.7622,0.9359,1.1378,10.6092,0.0264,4.8302,0.349,0.1361,0.0849,0.1732,1,Downy Mildew
spinach_0_0154.jpg,111.5682,130.999,72.3227,18.4387,9.072,11.3182,4.666,0.9308,0.4741,0.7722,0.4088,59805.9327,901.3242,0.8484,0.9388,1.1577,0.0,0.0135,0.5971,0.1432,0.0474,0.0444,0.2282,0,No Disease
spinach_3_0048.jpg,134.2299,138.2533,68.3091,24.3094,30.4178,17.1469,4.2515,0.671,0.5181,0.7392,0.503,48915.3168,911.2722,0.705,0.8639,1.1466,0.0,0.0238,6.8053,0.1618,0.172,0.0694,0.4079,3,White Rust
spinach_2_0033.jpg,106.9533,116.7878,52.9789,27.1309,29.0594,23.7412,10.6237,0.7151,0.4721,0.625,0.7425,46385.0933,919.5453,0.8413,0.9012,1.2726,19.7119,0.0364,7.4757,0.3182,0.1025,0.1443,0.2707,2,Anthracnose
spinach_0_0012.jpg,95.1314,136.3019,78.2187,22.1738,15.1192,14.4647,0.01,0.8809,0.5587,0.8963,0.3645,54357.6926,1021.2716,0.7793,0.9388,1.1243,2.0003,0.0002,1.7697,0.0951,0.1637,0.0793,0.2309,0,No Disease
spinach_3_0051.jpg,125.7267,130.3411,51.728,17.8303,19.6649,19.5665,3.8554,0.7981,0.4145,0.716,0.6113,58346.9725,794.2832,0.7946,0.8724,0.992,5.6449,0.0261,2.5983,0.1292,0.1214,0.0709,0.2172,3,White Rust
spinach_5_0004.jpg,98.7954,102.3178,73.3009,25.6694,31.7101,26.2742,5.6419,0.7124,0.3621,0.7682,0.6306,47412.5967,874.6179,0.7151,0.8981,1.142,12.5522,0.0316,4.7209,0.187,0.1053,0.0799,0.4973,5,Spinach Blight (Cucumber Mosaic Virus)
spinach_2_0099.jpg,112.348,131.7233,50.8776,29.204,24.9848,20.2649,7.4159,0.5764,0.3711,0.7361,0.6685,44998.979,983.0185,0.8438,0.874,0.9765,10.1923,0.0314,6.596,0.2695,0.147,0.0869,0.4235,2,Anthracnose
spinach_3_0098.jpg,115.8431,134.0852,60.8437,24.0046,21.4062,27.3772,4.359,0.6,0.5716,0.8114,0.5369,49313.9232,810.3074,0.8963,0.9213,0.971,9.311,0.0266,4.2816,0.1249,0.0804,0.0471,0.4017,3,White Rust
spinach_0_0084.jpg,109.3546,130.4152,76.0786,22.7593,2.4142,19.7612,0.01,0.8507,0.662,0.8578,0.2734,46531.3147,1022.6906,0.6547,0.9582,1.1156,0.0,0.0013,0.0,0.1433,0.1093,0.0,0.1677,0,No Disease
spinach_1_0019.jpg,135.8104,147.8595,65.8777,29.3119,27.9575,15.9721,6.5951,0.6813,0.4555,0.7441,0.6601,51590.5173,592.697,0.8007,0.9261,1.1357,9.5897,0.0331,5.3605,0.2119,0.1718,0.0891,0.2382,1,Downy Mildew
spinach_5_0027.jpg,111.2851,123.7223,60.8185,24.3844,13.5044,20.6154,4.5413,0.7435,0.3731,0.7141,0.7312,51486.2734,858.331,0.9112,0.9185,1.0567,10.515,0.0303,5.7651,0.1539,0.1858,0.1214,0.4345,5,Spinach Blight (Cucumber Mosaic Virus)
spinach_0_0128.jpg,107.2429,124.9975,66.8444,16.6188,21.4928,18.2029,2.4706,0.792,0.5551,0.8278,0.507,57890.9243,1025.6386,0.7247,0.8615,0.9786,7.6865,0.0028,0.0,0.1821,0.1306,0.0406,0.1765,0,No Disease
spinach_0_0099.jpg,115.3379,125.993,74.656,21.2334,22.4229,17.2037,0.01,0.8372,0.5911,0.8664,0.4678,55946.8328,980.8452,0.7571,0.8838,1.0836,3.6655,0.0,2.3363,0.1454,0.0851,0.0,0.0978,0,No Disease
spinach_1_0092.jpg,136.083,128.2781,61.0985,26.1448,17.4168,16.8531,4.5979,0.8309,0.4273,0.7261,0.7327,58755.8857,1025.5382,0.7388,0.8976,1.2451,10.9646,0.0179,6.093,0.2404,0.1071,0.0855,0.3841,1,Downy Mildew
spinach_0_0153.jpg,115.0348,150.8725,70.1484,22.9735,15.7824,20.2885,3.0809,0.8048,0.5929,0.9954,0.4019,54238.5752,974.5879,0.7078,0.9428,1.0085,0.0,0.0146,1.8422,0.0848,0.0979,0.0385,0.201,0,No Disease
spinach_0_0040.jpg,96.3768,144.2676,59.7149,21.9485,17.5128,14.4102,4.7001,0.8502,0.7448,0.8642,0.2923,52349.5979,812.3755,0.7249,0.9399,1.1644,0.0,0.0139,3.2835,0.1718,0.1012,0.0741,0.0495,0,No Disease
spinach_5_0093.jpg,114.9719,118.9191,79.7793,31.7765,28.5965,24.7172,8.9299,0.809,0.3132,0.786,0.6765,48529.8249,692.7071,0.7176,0.8909,0.9728,10.625,0.0297,4.3543,0.2142,0.1072,0.0975,0.3807,5,Spinach Blight (Cucumber Mosaic Virus)
spinach_0_0141.jpg,119.2698,139.9391,58.708,10.7794,18.2754,12.6321,0.4452,0.895,0.6292,0.7783,0.3751,59549.3534,812.4712,0.8222,0.9179,1.1637,6.3893,0.0119,2.8365,0.0424,0.1245,0.0187,0.2208,0,No Disease
spinach_2_0088.jpg,102.3381,109.5241,54.6815,36.486,27.7996,28.1344,7.8402,0.6553,0.3488,0.7393,0.772,54983.9634,853.8461,0.8105,0.9146,1.0493,9.4602,0.0205,5.6661,0.2631,0.2104,0.0761,0.3022,2,Anthracnose
spinach_4_0155.jpg,120.9064,112.7541,54.6364,43.8248,31.4649,22.7354,7.8541,0.6645,0.3393,0.6842,0.9374,44860.1467,954.463,0.7856,0.8775,1.1558,12.1543,0.0151,7.9042,0.2631,0.1359,0.0872,0.5445,4,Cladosporium Leaf Spot
spinach_4_0058.jpg,116.9018,114.8462,71.3331,29.9962,19.5315,24.1038,9.0165,0.6574,0.3667,0.7646,0.6485,48381.4583,1044.5054,0.672,0.8887,1.1683,22.8561,0.0393,8.7338,0.2179,0.2449,0.1,0.2988,4,Cladosporium Leaf Spot
spinach_3_0179.jpg,124.1988,123.2427,69.118,22.3524,17.0701,25.067,8.4885,0.9254,0.512,0.7614,0.543,53528.0113,862.9752,0.8591,0.8691,1.0863,11.2043,0.0102,3.5677,0.1997,0.1807,0.0377,0.1706,3,White Rust
spinach_5_0008.jpg,107.0957,105.1097,58.2751,30.8753,24.9412,25.6283,7.0483,0.8127,0.3628,0.8047,0.8535,49768.7128,919.9307,0.7542,0.9224,1.1803,10.0222,0.0287,5.9049,0.2295,0.1825,0.103,0.3289,5,Spinach Blight (Cucumber Mosaic Virus)
spinach_3_0010.jpg,137.3452,145.4343,61.1598,28.0004,31.3374,16.4508,8.4013,0.8009,0.4253,0.7175,0.5277,41723.6083,863.4756,0.7642,0.8931,1.1698,7.1249,0.0119,3.4144,0.1878,0.1229,0.0525,0.2901,3,White Rust
spinach_4_0108.jpg,114.6413,118.1648,67.4004,27.606,30.7484,26.2003,6.7569,0.757,0.3164,0.5905,0.8453,50772.4779,930.8428,0.7189,0.9103,1.2438,12.9487,0.0368,6.0864,0.4045,0.2396,0.1371,0.2918,4,Cladosporium Leaf Spot
spinach_1_0126.jpg,111.3842,146.2562,66.9056,22.9644,24.4726,21.4961,7.565,0.692,0.4914,0.7629,0.7592,57454.4573,919.6979,0.7743,0.9227,1.0856,16.7212,0.0206,4.0698,0.167,0.0815,0.0939,0.2444,1,Downy Mildew
spinach_3_0117.jpg,116.3575,136.9874,74.3533,24.7481,18.4903,15.2039,5.1471,0.7257,0.4543,0.7633,0.5056,52969.0178,960.4504,0.8979,0.9389,1.2375,4.7256,0.0042,3.974,0.2129,0.148,0.1003,0.0771,3,White Rust
spinach_5_0138.jpg,114.6322,105.6341,83.0427,25.8242,27.2003,24.2848,5.904,0.8206,0.4436,0.7157,0.7871,44422.5411,813.4516,0.8438,0.92,1.1158,11.4912,0.022,7.4365,0.222,0.1151,0.0668,0.4611,5,Spinach Blight (Cucumber Mosaic Virus)
spinach_3_0012.jpg,128.6425,130.9193,62.3786,30.1278,13.6208,15.4285,4.3796,0.8781,0.43,0.8091,0.5528,57981.2921,746.5277,0.8242,0.915,1.184,4.7229,0.0172,3.8155,0.1199,0.0688,0.0555,0.2904,3,White Rust
spinach_4_0029.jpg,120.0158,139.663,68.4661,30.3879,34.0701,26.3866,8.1308,0.6218,0.324,0.7056,0.774,46857.886,812.3148,0.8084,0.9007,1.0449,13.472,0.044,9.3695,0.1706,0.2436,0.1248,0.4052,4,Cladosporium Leaf Spot
spinach_4_0136.jpg,114.6779,111.7869,57.3837,37.3641,19.1205,26.0186,12.3858,0.7925,0.3859,0.7522,0.8907,49870.74,982.4794,0.8973,0.8584,1.1161,19.4459,0.0348,7.5263,0.2816,0.2026,0.158,0.4281,4,Cladosporium Leaf Spot
spinach_5_0130.jpg,92.7273,113.522,70.6523,28.9068,24.3766,17.0289,5.1639,0.5863,0.4589,0.7864,0.646,51707.2549,957.6233,0.8161,0.9348,1.0081,10.6053,0.0203,6.565,0.1383,0.2079,0.104,0.48,5,Spinach Blight (Cucumber Mosaic Virus)
spinach_2_0084.jpg,110.9088,111.7564,79.566,27.9363,29.2488,19.9348,7.8972,0.7497,0.333,0.6962,0.6005,44277.9809,983.6795,0.7668,0.8397,1.2212,10.7916,0.025,9.0536,0.2229,0.1535,0.0793,0.2192,2,Anthracnose
spinach_0_0161.jpg,98.6675,145.177,73.0942,17.7586,11.7491,16.0711,0.01,0.9342,0.7901,0.9745,0.4918,51571.9635,726.1247,0.6907,0.9621,1.0568,0.0,0.0047,0.0,0.0387,0.078,0.0177,0.1407,0,No Disease
spinach_1_0036.jpg,136.8938,145.2357,65.8358,26.8735,28.221,25.5199,4.0893,0.7338,0.2842,0.8386,0.8165,51400.4131,687.499,0.8265,0.8874,1.0469,12.5063,0.022,3.9214,0.1575,0.135,0.0698,0.2213,1,Downy Mildew
spinach_3_0173.jpg,131.3207,139.9379,60.4376,31.7281,25.6625,19.7032,4.004,0.7991,0.5128,0.6684,0.5876,54762.7735,669.7551,0.7918,0.9374,1.1565,11.2098,0.0144,2.1282,0.08,0.1637,0.0876,0.3735,3,White Rust
spinach_2_0062.jpg,122.4454,107.693,44.3442,31.6148,16.7817,21.7956,9.0177,0.7263,0.4634,0.7434,0.931,47058.8019,919.8132,0.7737,0.9239,1.0751,20.8754,0.0228,8.6328,0.2597,0.1587,0.1236,0.3709,2,Anthracnose
spinach_0_0135.jpg,107.2946,133.2535,68.2334,23.6966,11.1913,11.3785,2.2619,0.9776,0.6791,0.8334,0.5137,48079.2885,1102.6209,0.702,0.9632,1.0675,10.053,0.0107,0.0,0.0739,0.1112,0.0663,0.1943,0,No Disease
spinach_2_0119.jpg,116.3902,121.8037,71.1425,40.1801,25.8326,25.6927,7.1432,0.6294,0.4017,0.747,0.7117,45594.094,833.6439,0.7726,0.8789,1.1051,15.6724,0.0348,4.5563,0.2011,0.2222,0.1059,0.3524,2,Anthracnose
spinach_0_0075.jpg,106.4142,113.4209,73.8946,29.5145,14.7328,16.0392,3.7424,0.8869,0.5335,0.7207,0.4841,51434.158,818.7316,0.7776,0.9154,1.0777,4.4252,0.0,3.0852,0.0301,0.0535,0.0881,0.2902,0,No Disease
spinach_0_0050.jpg,104.0155,136.3171,55.2204,15.529,15.6846,12.2566,4.3489,0.8868,0.6831,0.8843,0.4237,51556.0178,920.3796,0.8731,0.872,0.9599,0.0,0.0061,2.4422,0.1237,0.0646,0.0655,0.2824,0,No Disease
spinach_3_0131.jpg,125.7179,144.7999,60.4528,20.044,22.1174,22.157,7.2867,0.6843,0.4346,0.8623,0.7473,46534.545,831.1188,0.8029,0.9056,1.0493,8.9779,0.0294,1.6429,0.2449,0.097,0.0786,0.4073,3,White Rust
spinach_4_0167.jpg,119.575,125.8982,68.5712,29.7704,29.4378,23.8258,10.4143,0.798,0.2445,0.5178,0.8169,55851.8644,1085.6977,0.8343,0.9249,1.2028,23.8591,0.041,5.192,0.2696,0.202,0.1275,0.387,4,Cladosporium Leaf Spot
spinach_5_0022.jpg,106.1019,111.5917,68.6087,28.5678,29.5698,30.7411,4.1199,0.4549,0.3667,0.6961,0.6122,44867.8052,957.2434,0.7271,0.9113,1.1411,13.2659,0.0279,7.1087,0.2127,0.1361,0.1022,0.388,5,Spinach Blight (Cucumber Mosaic Virus)
spinach_4_0054.jpg,114.8329,112.106,57.3734,25.3095,31.0809,32.0471,8.6505,0.4572,0.3628,0.6464,0.6499,52268.1192,977.9765,0.7499,0.8489,0.9091,15.3373,0.0328,6.5712,0.2358,0.2127,0.1416,0.406,4,Cladosporium Leaf Spot
spinach_3_0043.jpg,118.0208,152.527,74.5156,20.8604,21.2398,22.0677,4.1808,0.7432,0.4629,0.7054,0.3267,52695.6743,706.11,0.7204,0.8757,0.9781,9.7054,0.0152,3.5349,0.1042,0.0938,0.0794,0.2758,3,White Rust
spinach_1_0125.jpg,115.2265,130.3763,68.5697,32.4121,22.4495,16.8231,5.6294,0.7777,0.3131,0.6977,0.5381,49960.8891,823.8966,0.8324,0.8699,0.9736,8.6644,0.0186,2.1816,0.1597,0.114,0.0702,0.3222,1,Downy Mildew
spinach_0_0132.jpg,106.1866,149.8597,67.4663,16.8452,22.2859,16.5146,0.01,0.802,0.7001,0.9081,0.3438,51147.9517,921.3237,0.8141,0.896,1.0527,3.0918,0.0052,2.2293,0.0385,0.0943,0.0673,0.2389,0,No Disease
spinach_3_0058.jpg,108.9969,112.3416,77.0152,25.3903,23.0321,15.0038,3.2648,0.855,0.5992,0.7365,0.6171,52450.1247,892.9471,0.8911,0.9087,1.2093,9.5257,0.0169,6.4696,0.1845,0.1161,0.1045,0.3799,3,White Rust
spinach_5_0070.jpg,78.1851,108.0041,70.8729,23.3086,28.1169,23.508,3.9276,0.717,0.3506,0.7591,0.717,51494.6947,877.2592,0.8273,0.8706,1.0875,8.8141,0.0323,6.6298,0.244,0.2185,0.0818,0.2961,5,Spinach Blight (Cucumber Mosaic Virus)
spinach_3_0020.jpg,119.5705,128.9461,66.602,21.1995,16.739,11.4878,2.1663,0.9288,0.4075,0.9132,0.5903,51251.2099,754.9395,0.7803,0.9673,1.2346,9.097,0.0078,2.2771,0.1274,0.1711,0.1108,0.2957,3,White Rust
spinach_5_0133.jpg,104.2898,102.4272,69.2945,26.2765,34.7033,23.7165,5.2097,0.7374,0.326,0.748,0.6274,45365.6442,786.0559,0.9561,0.9023,1.0555,9.5803,0.0278,4.2507,0.1553,0.1487,0.089,0.3066,5,Spinach Blight (Cucumber Mosaic Virus)
spinach_2_0059.jpg,123.8129,137.4002,62.9588,31.1441,20.0751,24.2324,6.0607,0.6969,0.3844,0.733,0.6803,54675.101,607.6846,0.8114,0.9301,1.2296,16.9278,0.0405,6.4041,0.2301,0.1812,0.1099,0.2874,2,Anthracnose
spinach_0_0025.jpg,107.9642,161.3858,71.3032,18.4646,13.2324,10.8709,0.01,0.8289,0.5743,0.9034,0.4251,48172.3236,1010.0185,0.8144,0.926,1.0678,4.1937,0.0075,0.0,0.0966,0.0905,0.0175,0.2152,0,No Disease
spinach_2_0096.jpg,114.101,123.6746,60.3234,29.5045,25.706,24.177,7.886,0.7724,0.4047,0.6676,0.6573,43385.3153,1046.1214,0.7675,0.9242,1.1021,15.2149,0.0261,4.682,0.1816,0.2291,0.1128,0.44,2,Anthracnose
spinach_1_0069.jpg,108.0507,132.4956,71.1025,29.1536,24.8337,17.8122,6.9742,0.4894,0.4606,0.9399,0.4592,49793.1527,899.2089,0.7622,0.9359,1.1378,10.6092,0.0264,4.8302,0.349,0.1361,0.0849,0.1732,1,Downy Mildew
spinach_1_0126.jpg,111.3842,146.2562,66.9056,22.9644,24.4726,21.4961,7.565,0.692,0.4914,0.7629,0.7592,57454.4573,919.6979,0.7743,0.9227,1.0856,16.7212,0.0206,4.0698,0.167,0.0815,0.0939,0.2444,1,Downy Mildew
spinach_0_0074.jpg,102.194,122.4926,63.7967,17.3109,23.1421,12.442,3.0884,0.8569,0.5998,0.8701,0.5073,49325.9433,762.7472,0.6871,0.9167,1.0201,3.6408,0.0023,5.4743,0.0131,0.0881,0.0118,0.1605,0,No Disease
spinach_0_0060.jpg,99.9289,134.4863,69.9683,18.111,21.5816,8.0672,3.4654,0.8696,0.6102,0.8011,0.5529,58228.1748,1015.9591,0.6791,0.9507,1.1524,0.0,0.0058,1.8562,0.1278,0.0871,0.0473,0.3179,0,No Disease
spinach_2_0083.jpg,106.2851,113.6539,58.3143,28.2817,26.6631,22.7615,6.24,0.6181,0.4665,0.5527,0.6694,47655.5026,921.8791,0.7127,0.8875,1.0718,18.2803,0.0297,3.9697,0.2056,0.1954,0.08,0.3437,2,Anthracnose
spinach_1_0151.jpg,108.4302,142.6072,63.9474,24.8994,23.7759,15.7956,5.4766,0.6534,0.3984,0.8248,0.6354,43589.1475,985.1488,0.7896,0.8964,1.1597,9.3312,0.0107,8.1261,0.1891,0.1267,0.0699,0.4044,1,Downy Mildew
spinach_5_0076.jpg,112.458,105.0284,64.7615,25.8234,26.8149,18.8868,5.679,0.6765,0.4235,0.7302,0.7006,48965.0171,812.0247,0.8215,0.8771,1.1355,10.8581,0.0256,5.796,0.2901,0.1653,0.0918,0.2846,5,Spinach Blight (Cucumber Mosaic Virus)
spinach_0_0140.jpg,102.9355,150.2723,68.6539,17.1317,22.8175,13.7752,3.8776,0.9343,0.5526,0.9136,0.452,57104.4141,865.1654,0.7725,0.9285,1.1763,0.0,0.0141,2.0394,0.0342,0.1283,0.0959,0.2801,0,No Disease
spinach_3_0041.jpg,119.1082,133.6174,70.0606,17.5734,15.7057,20.0052,6.8379,0.768,0.3967,0.6296,0.6453,47820.3418,790.2563,0.6771,0.884,1.0331,7.0446,0.0073,4.3343,0.1577,0.2089,0.0274,0.2929,3,White Rust
spinach_3_0005.jpg,115.3515,120.1669,65.3476,29.0588,20.8969,22.1679,4.4921,0.8274,0.3322,0.8923,0.4388,55468.6616,877.7816,0.7731,0.914,1.1304,9.8301,0.0255,6.5343,0.1866,0.1885,0.0723,0.3662,3,White Rust
spinach_0_0147.jpg,94.8042,140.8217,71.5524,8.7039,18.0775,11.2867,2.8257,0.7975,0.5824,0.8602,0.4503,52623.4864,894.4836,0.6778,0.8931,1.0733,1.9669,0.0011,2.3254,0.086,0.0414,0.033,0.2181,0,No Disease
spinach_2_0107.jpg,101.7193,120.1037,64.3321,35.7757,29.0805,19.139,5.6208,0.6452,0.3952,0.6914,0.5776,44351.3998,670.1478,0.6128,0.8967,1.2656,21.1871,0.0192,6.3698,0.1568,0.1075,0.0801,0.332,2,Anthracnose
spinach_0_0167.jpg,120.6035,135.6966,79.6705,26.1599,16.6812,14.1571,1.4406,0.8795,0.6483,0.8962,0.4435,46373.8824,823.251,0.8986,0.9256,1.058,7.7244,0.0083,2.2407,0.0931,0.0673,0.0358,0.0894,0,No Disease
spinach_4_0084.jpg,115.8507,110.4777,71.2573,37.6519,24.2474,24.8161,8.6225,0.7021,0.206,0.5053,0.7638,37842.9159,905.8572,0.8255,0.9209,1.0202,18.6447,0.0392,5.3837,0.3158,0.201,0.1149,0.4013,4,Cladosporium Leaf Spot
spinach_0_0077.jpg,100.0825,148.8214,65.8039,16.9053,13.7181,12.7374,3.8686,0.9503,0.7168,1.0,0.3169,52352.0956,802.38,0.7233,0.9142,1.0354,0.0,0.0048,0.0,0.1421,0.0433,0.1102,0.1639,0,No Disease
spinach_4_0021.jpg,122.9431,142.2004,72.3082,36.8111,24.5664,21.9728,4.1431,0.6807,0.4287,0.7433,0.8275,49729.6657,833.5723,0.7405,0.8859,0.9918,25.0238,0.0236,7.1453,0.1732,0.2019,0.1299,0.3615,4,Cladosporium Leaf Spot
spinach_3_0180.jpg,114.5397,119.0871,55.269,20.1367,28.1675,18.7517,4.8533,0.6936,0.5107,0.9113,0.4612,60123.7419,941.4424,0.781,0.93,1.1412,15.4284,0.0212,4.974,0.1489,0.1536,0.0461,0.2887,3,White Rust
spinach_1_0097.jpg,124.4143,130.0983,66.0641,22.9158,34.352,18.6815,8.1452,0.7249,0.4946,0.8114,0.7247,46796.8815,1007.5635,0.9008,0.9035,1.1028,7.9062,0.0172,7.8806,0.1398,0.0923,0.1203,0.36,1,Downy Mildew
spinach_2_0162.jpg,112.0046,111.605,55.9134,31.5277,20.5356,18.5711,6.4879,0.6684,0.2899,0.7553,0.6482,47890.912,908.2659,0.7923,0.9209,1.0053,8.4105,0.0245,6.2084,0.168,0.1045,0.1146,0.2894,2,Anthracnose
spinach_2_0145.jpg,116.2497,106.6775,65.9614,24.494,20.9471,17.9059,8.6587,0.6754,0.3881,0.6989,0.5774,46646.3455,817.9574,0.7157,0.8874,0.9935,16.3107,0.0323,3.7714,0.2152,0.2342,0.0855,0.3841,2,Anthracnose
spinach_2_0130.jpg,98.6695,116.696,51.5339,28.0564,32.7615,25.1265,8.9211,0.7064,0.4117,0.5753,0.6582,48875.4553,1002.3665,0.7696,0.9066,1.0981,18.6307,0.0259,7.59,0.1448,0.0954,0.0529,0.4129,2,Anthracnose
spinach_3_0164.jpg,126.2748,134.6252,74.131,26.1008,17.5815,21.288,5.403,0.8109,0.5429,0.7369,0.6168,42875.9138,893.0015,0.7635,0.9562,1.0975,10.432,0.0029,3.3668,0.1277,0.219,0.0533,0.2859,3,White Rust
spinach_0_0179.jpg,110.5195,119.5892,76.4028,24.0886,19.1814,14.1214,2.9604,0.9137,0.5178,1.0,0.3848,55878.7615,678.1386,0.8466,0.9667,1.1224,4.2351,0.0105,0.043,0.1274,0.0477,0.0248,0.2902,0,No Disease
spinach_5_0002.jpg,112.6874,99.2391,59.8986,18.3209,26.7565,24.5901,2.0558,0.7251,0.4483,0.7683,0.5304,53365.5999,870.9304,0.8455,0.8969,1.1205,16.4369,0.0224,5.9114,0.2725,0.1447,0.0619,0.3941,5,Spinach Blight (Cucumber Mosaic Virus)
spinach_3_0149.jpg,128.6307,137.9527,62.7699,25.3343,24.8163,21.8567,4.6313,0.7874,0.3547,0.7286,0.6208,55710.1648,914.3599,0.8687,0.9327,1.0913,3.121,0.0285,5.3866,0.2599,0.2067,0.0378,0.1773,3,White Rust
spinach_3_0122.jpg,140.3775,114.9825,62.3237,29.8593,22.0017,14.7341,5.5249,0.7754,0.4427,0.7363,0.5465,48590.3919,1148.4533,0.7656,0.9107,1.0667,15.1078,0.0039,4.647,0.158,0.0631,0.0495,0.3054,3,White Rust
spinach_0_0034.jpg,109.4255,152.7463,77.083,23.7001,20.1845,16.3632,0.01,0.9067,0.5355,0.7904,0.5882,60644.9767,1055.9221,0.7853,0.9638,1.121,2.8112,0.0,1.9146,0.103,0.0279,0.0387,0.1936,0,No Disease
spinach_4_0146.jpg,129.7828,131.9046,62.261,29.8244,43.1106,21.0335,9.6981,0.6566,0.335,0.673,0.709,52635.2777,921.6824,0.9507,0.9168,1.1113,20.3022,0.0487,5.7532,0.2609,0.1137,0.144,0.4579,4,Cladosporium Leaf Spot
spinach_0_0163.jpg,107.2846,145.9561,74.2567,21.235,13.3212,17.8054,6.837,0.87,0.5857,0.8488,0.3712,59722.2474,852.7029,0.7416,0.8903,1.0594,0.0,0.0111,6.2395,0.0817,0.0133,0.0625,0.1418,0,No Disease
spinach_1_0098.jpg,139.2037,125.0452,64.0102,23.6966,24.7165,13.9036,6.6644,0.7659,0.4254,0.7327,0.5205,54638.5646,782.891,0.8207,0.9619,1.2188,3.9795,0.0157,5.5586,0.1865,0.074,0.0896,0.3092,1,Downy Mildew
spinach_2_0044.jpg,110.6124,115.189,56.4338,25.7879,29.1633,21.7307,8.8762,0.6656,0.3028,0.5819,0.6728,43653.9771,745.0038,0.8316,0.8556,1.193,14.6389,0.0266,4.2374,0.2682,0.1599,0.0928,0.366,2,Anthracnose
spinach_3_0174.jpg,116.7486,144.8422,54.9786,20.6525,22.6299,22.6528,7.6543,0.7508,0.3907,0.7158,0.4812,62605.134,980.6874,0.8468,0.914,1.1099,10.7971,0.013,3.4756,0.1363,0.1021,0.0712,0.2143,3,White Rust
spinach_0_0040.jpg,96.3768,144.2676,59.7149,21.9485,17.5128,14.4102,4.7001,0.8502,0.7448,0.8642,0.2923,52349.5979,812.3755,0.7249,0.9399,1.1644,0.0,0.0139,3.2835,0.1718,0.1012,0.0741,0.0495,0,No Disease
spinach_5_0152.jpg,106.2924,117.1222,58.8546,26.9459,30.6389,19.8273,5.7283,0.5897,0.3977,0.7542,0.4525,44148.7481,727.8272,0.8573,0.8522,1.0837,14.8714,0.0255,4.6081,0.2273,0.1915,0.0873,0.1609,5,Spinach Blight (Cucumber Mosaic Virus)
spinach_0_0176.jpg,95.3526,131.9179,77.0777,19.1554,17.982,10.1028,1.2152,0.947,0.6276,0.8293,0.4362,62994.2393,918.2402,0.7284,0.9257,1.1274,1.3953,0.0057,0.0,0.0519,0.074,0.0359,0.1547,0,No Disease
spinach_4_0053.jpg,121.3261,119.2631,52.1919,26.5478,32.2772,27.4143,8.6114,0.5987,0.3248,0.6372,0.5853,50806.2663,942.2455,0.7941,0.9342,0.9896,15.3556,0.0351,7.9388,0.1749,0.2141,0.1362,0.2204,4,Cladosporium Leaf Spot
spinach_3_0048.jpg,134.2299,138.2533,68.3091,24.3094,30.4178,17.1469,4.2515,0.671,0.5181,0.7392,0.503,48915.3168,911.2722,0.705,0.8639,1.1466,0.0,0.0238,6.8053,0.1618,0.172,0.0694,0.4079,3,White Rust
spinach_1_0040.jpg,110.2884,111.8346,54.0069,27.0277,19.8785,22.5043,2.426,0.5698,0.5398,0.8233,0.5051,50985.0018,1001.9507,0.8152,0.9137,1.1876,7.0772,0.0202,4.7679,0.1764,0.1144,0.0818,0.3128,1,Downy Mildew
spinach_0_0115.jpg,120.3736,141.3261,67.5838,19.2243,23.7654,20.8648,0.6115,0.8966,0.5872,0.811,0.4144,52026.6143,1034.0209,0.8424,0.9218,1.1029,4.6572,0.0013,2.2596,0.0956,0.0412,0.0161,0.3158,0,No Disease
spinach_2_0004.jpg,96.733,118.6219,55.3296,34.1909,20.662,19.9707,2.941,0.5053,0.5239,0.8459,0.6993,45880.8562,850.1551,0.8524,0.8871,1.099,13.949,0.0224,5.1529,0.2447,0.1209,0.1213,0.3123,2,Anthracnose
spinach_0_0152.jpg,110.5043,124.6,76.8859,9.3125,15.8859,19.5518,2.0313,0.8601,0.6511,0.9482,0.551,56371.7121,1028.1375,0.814,0.9366,1.1272,1.051,0.0,0.0,0.0859,0.0897,0.076,0.1967,0,No Disease
spinach_1_0025.jpg,120.6532,121.8257,62.0318,28.805,27.581,20.6244,7.3345,0.7406,0.4934,0.7257,0.4287,52341.7949,972.5324,0.8245,0.9206,1.0721,6.773,0.0244,5.5676,0.162,0.1744,0.0579,0.2633,1,Downy Mildew
spinach_2_0020.jpg,125.1996,131.4397,58.4481,22.5073,38.4475,24.5491,6.4494,0.7565,0.4362,0.7918,0.6238,51592.3671,761.413,0.84,0.8994,1.1025,13.4146,0.025,4.5372,0.2695,0.2196,0.0961,0.3943,2,Anthracnose
spinach_1_0080.jpg,125.8054,114.0681,72.9331,24.9537,16.9865,27.3797,5.3855,0.8926,0.5277,0.7041,0.6015,51605.1897,1052.6303,0.8163,0.9144,1.084,9.7978,0.0304,4.8067,0.1703,0.1074,0.0662,0.1978,1,Downy Mildew
spinach_5_0032.jpg,98.6288,115.3934,75.9151,31.4521,27.301,24.5541,6.1314,0.7247,0.3609,0.6215,0.6843,51233.4004,841.2287,0.8721,0.882,0.9483,9.2115,0.0117,6.0085,0.1724,0.1894,0.1141,0.266,5,Spinach Blight (Cucumber Mosaic Virus)
spinach_3_0096.jpg,117.3753,138.7009,75.0177,26.6605,19.3533,18.8838,6.5266,0.6827,0.3845,0.8221,0.5061,44234.709,1040.0819,0.714,0.915,1.0604,6.8093,0.0099,5.2857,0.1755,0.1593,0.0548,0.4506,3,White Rust
spinach_2_0011.jpg,99.2715,111.928,55.4324,26.9168,31.6334,15.3884,3.6241,0.6803,0.3877,0.7283,0.6361,45410.381,879.2684,0.7735,0.9388,1.0541,13.7873,0.0468,5.7494,0.2578,0.1859,0.1283,0.3732,2,Anthracnose
spinach_3_0076.jpg,120.604,137.764,52.5225,10.8449,17.1227,21.129,0.01,0.7025,0.3062,0.763,0.7458,50414.12,894.2497,0.8304,0.9205,1.0928,11.7066,0.0208,4.5195,0.1631,0.1062,0.0929,0.2531,3,White Rust
spinach_0_0165.jpg,109.2036,145.007,80.7238,15.3184,12.4678,16.8396,1.879,0.7491,0.61,0.7503,0.3255,58758.4069,1102.4879,0.6971,0.9218,1.1234,9.1249,0.0021,0.3416,0.1774,0.065,0.0581,0.0818,0,No Disease
spinach_5_0044.jpg,95.4899,115.925,58.3999,21.4103,27.766,21.5692,6.1809,0.7517,0.4529,0.7187,0.5377,46307.066,928.4964,0.8182,0.8863,1.0272,14.4713,0.0222,6.7549,0.254,0.1375,0.1137,0.3511,5,Spinach Blight (Cucumber Mosaic Virus)
spinach_0_0120.jpg,102.6485,166.0407,83.1366,15.7353,20.2379,11.6739,0.01,0.9816,0.6728,0.9532,0.373,51166.1213,994.9766,0.7935,0.9202,0.9905,2.4555,0.0146,0.0,0.1319,0.0933,0.0588,0.2698,0,No Disease
spinach_3_0109.jpg,114.6976,130.8554,80.9884,18.0589,18.3405,23.8103,5.168,0.7067,0.5372,0.8509,0.5831,48438.0171,859.1695,0.7971,0.8872,1.2162,14.8008,0.0151,4.641,0.2293,0.1982,0.1089,0.1412,3,White Rust
spinach_0_0056.jpg,103.845,129.8034,77.2967,23.2512,19.9678,21.1479,4.4639,0.87,0.6098,0.8363,0.4223,49001.2528,1082.007,0.7918,0.9245,1.2155,0.0,0.0,2.6325,0.103,0.09,0.0068,0.1981,0,No Disease
spinach_0_0174.jpg,112.7523,142.6015,69.9549,18.2123,10.1612,11.7763,0.9426,0.8101,0.6152,0.9638,0.3292,53417.2072,816.5889,0.7517,0.9127,1.1682,0.0,0.0141,0.7577,0.0675,0.0299,0.0463,0.2716,0,No Disease
spinach_2_0143.jpg,116.3986,124.0962,52.0672,33.6598,34.2931,22.1745,6.4675,0.7181,0.328,0.6078,0.8048,47745.2437,881.8449,0.7634,0.9319,1.1483,13.037,0.0176,5.4755,0.2585,0.1675,0.1127,0.3669,2,Anthracnose
spinach_4_0090.jpg,116.982,112.3309,55.5116,28.4925,21.0038,25.5714,8.131,0.691,0.4409,0.7527,0.9018,46714.5949,746.8041,0.8458,0.9246,1.1945,19.94,0.018,8.1581,0.2978,0.2401,0.1657,0.4628,4,Cladosporium Leaf Spot
spinach_3_0139.jpg,122.9071,147.6267,70.5233,27.5456,21.3504,18.6574,6.1449,0.7249,0.5268,0.8665,0.4659,48027.7725,850.4304,0.692,0.9083,1.2141,3.8177,0.0276,3.2198,0.2757,0.0927,0.0664,0.2072,3,White Rust
spinach_4_0067.jpg,139.2845,128.7322,57.3097,34.5591,31.3441,27.454,10.7415,0.4953,0.4611,0.7895,0.8168,53460.6754,865.8355,0.7904,0.9074,1.1207,20.8828,0.039,9.1171,0.3093,0.149,0.1508,0.5387,4,Cladosporium Leaf Spot
spinach_5_0177.jpg,113.8219,126.0939,81.7639,31.4273,23.9334,21.7442,6.2066,0.6774,0.4306,0.7601,0.5326,54940.8502,686.3196,0.7967,0.9287,1.1386,10.5721,0.0398,4.6079,0.1099,0.1681,0.0455,0.2735,5,Spinach Blight (Cucumber Mosaic Virus)
spinach_0_0075.jpg,106.4142,113.4209,73.8946,29.5145,14.7328,16.0392,3.7424,0.8869,0.5335,0.7207,0.4841,51434.158,818.7316,0.7776,0.9154,1.0777,4.4252,0.0,3.0852,0.0301,0.0535,0.0881,0.2902,0,No Disease
spinach_0_0146.jpg,102.1863,136.2849,75.9039,14.6052,8.8598,13.6073,3.299,1.0,0.6426,0.7772,0.3968,53283.1719,937.7591,0.8024,0.9071,1.1252,3.6813,0.0126,0.0,0.0827,0.0,0.0245,0.158,0,No Disease
spinach_2_0090.jpg,107.4206,107.6947,56.6454,34.1556,29.7023,21.9785,8.424,0.6912,0.3342,0.6504,0.731,49587.4113,742.4495,0.8508,0.888,1.2074,8.388,0.0256,4.84,0.1812,0.1405,0.1543,0.3615,2,Anthracnose
spinach_1_0076.jpg,101.5093,126.8378,73.5979,29.3037,34.089,21.7089,9.6613,0.7542,0.4318,0.6704,0.7211,48489.3744,835.2952,0.8669,0.939,1.1906,8.5512,0.0196,4.6923,0.2291,0.1921,0.0892,0.468,1,Downy Mildew
spinach_3_0044.jpg,132.2267,146.616,64.9822,15.7388,18.2168,19.6092,3.48,0.6856,0.4656,0.9501,0.5012,51485.9707,773.7964,0.8546,0.9419,1.1745,13.4392,0.0136,3.4556,0.2555,0.1453,0.0145,0.3164,3,White Rust
spinach_2_0087.jpg,119.0217,107.755,46.7992,32.8342,26.7207,17.2842,7.7286,0.6585,0.4225,0.7309,0.6292,53164.2238,830.2095,0.774,0.8867,1.1705,12.8777,0.038,9.3103,0.1931,0.0432,0.1361,0.3226,2,Anthracnose
spinach_5_0112.jpg,101.3315,119.8432,67.3704,34.4781,25.2145,19.8102,3.6136,0.6882,0.4413,0.7833,0.5101,55376.6256,772.5579,0.8027,0.8858,1.1234,12.3763,0.0294,8.7188,0.2299,0.1269,0.1015,0.4956,5,Spinach Blight (Cucumber Mosaic Virus)
spinach_5_0111.jpg,120.3149,115.4559,66.4477,24.7002,25.5427,24.8655,6.4252,0.6684,0.377,0.8134,0.7168,52170.2011,914.0882,0.739,0.9068,1.1754,10.9563,0.0318,6.3814,0.2514,0.152,0.1122,0.2228,5,Spinach Blight (Cucumber Mosaic Virus)
spinach_0_0169.jpg,87.8424,126.9819,75.339,28.3212,18.5752,17.2514,2.0298,0.8179,0.5408,0.7952,0.2921,54008.7446,807.6822,0.7892,0.8975,1.1437,0.0453,0.0173,1.7827,0.1618,0.0498,0.0414,0.1215,0,No Disease
spinach_2_0134.jpg,113.784,106.3251,57.7676,23.1392,27.4994,24.4826,7.545,0.6077,0.3526,0.7376,0.6689,48563.4731,1070.3468,0.7429,0.927,0.9876,16.6191,0.0327,5.1813,0.1691,0.0812,0.0946,0.3921,2,Anthracnose
spinach_3_0091.jpg,109.3774,154.2549,69.5511,14.6327,29.9594,23.8889,4.072,0.6928,0.3345,0.9491,0.4577,45182.0572,931.7919,0.6817,0.8955,1.1896,9.8568,0.0139,4.033,0.1479,0.1175,0.051,0.2336,3,White Rust
spinach_3_0119.jpg,137.8593,152.1268,79.4214,24.2109,18.2408,16.063,2.927,0.7709,0.5278,0.8715,0.5014,51306.5587,894.5812,0.7419,0.9384,1.139,8.5673,0.0199,5.1078,0.2003,0.0865,0.0924,0.3004,3,White Rust
spinach_0_0076.jpg,105.976,128.6542,67.7658,20.3664,17.1876,14.6365,1.9476,0.8828,0.4646,0.8438,0.5115,45158.3285,901.0444,0.7208,0.9328,1.0889,7.9096,0.0101,0.0,0.1336,0.049,0.0256,0.2251,0,No Disease
spinach_4_0164.jpg,138.647,120.4413,49.7619,35.6902,24.0946,22.8033,7.131,0.59,0.3116,0.5681,0.6898,55599.7212,886.6443,0.7975,0.8342,1.1458,15.2579,0.043,7.7777,0.2419,0.1229,0.1844,0.4543,4,Cladosporium Leaf Spot
spinach_5_0075.jpg,96.7078,120.2644,61.1625,32.7924,28.9723,20.499,9.5105,0.6504,0.2873,0.7899,0.4351,56959.0841,880.1754,0.7244,0.8763,0.9593,13.5315,0.0134,6.3038,0.1948,0.131,0.1027,0.3899,5,Spinach Blight (Cucumber Mosaic Virus)
spinach_2_0043.jpg,108.6747,114.2488,68.3784,46.1675,33.0994,20.7387,8.0706,0.7339,0.306,0.6117,0.6837,54038.538,718.8192,0.7567,0.9143,1.0833,19.6651,0.0157,10.3339,0.1531,0.0788,0.1085,0.2592,2,Anthracnose
spinach_0_0151.jpg,89.1869,146.7461,87.5269,23.6061,24.309,11.6156,2.4018,0.8245,0.5618,0.9341,0.4302,44936.7949,788.4971,0.6871,0.9423,1.2851,7.4498,0.0,3.7579,0.1468,0.0182,0.0324,0.2876,0,No Disease
spinach_1_0083.jpg,118.8901,122.9187,69.8374,15.9887,25.7334,27.4777,7.9479,0.7712,0.4059,0.7155,0.5797,53719.0362,819.2756,0.8354,0.9633,1.095,4.6224,0.0092,6.1978,0.187,0.1651,0.0667,0.3764,1,Downy Mildew
spinach_4_0099.jpg,112.5268,114.6976,75.5067,32.1469,25.6215,19.0389,11.3715,0.5858,0.5049,0.6879,0.7743,51349.2191,1111.5951,0.6585,0.8954,1.0488,17.1476,0.0352,7.0207,0.2794,0.1891,0.0972,0.4205,4,Cladosporium Leaf Spot
spinach_1_0160.jpg,109.0156,145.8678,56.0447,29.8115,28.8508,20.4155,3.1594,0.6309,0.4988,0.6718,0.6492,51571.7455,937.7132,0.8183,0.8867,1.022,12.8597,0.015,0.0,0.2224,0.0885,0.0917,0.4214,1,Downy Mildew
spinach_0_0045.jpg,99.9926,120.794,63.6397,14.8948,17.2609,13.9046,1.4274,0.9496,0.6072,0.9021,0.461,55080.6733,709.2047,0.7481,0.8755,1.1229,1.9815,0.0144,3.3377,0.1101,0.06,0.0521,0.1578,0,No Disease
spinach_3_0053.jpg,110.8998,130.4857,63.3038,31.0237,18.9588,21.8096,5.1327,0.8423,0.528,0.7777,0.3804,50341.2956,903.0044,0.7972,0.9016,1.2013,8.0545,0.0096,3.1752,0.2664,0.1466,0.0962,0.1967,3,White Rust
spinach_4_0009.jpg,103.1067,148.305,61.5036,38.1435,26.2486,28.8557,4.0436,0.5972,0.3321,0.6924,0.8672,45029.2854,955.9968,0.8636,0.9486,1.1265,16.162,0.0238,10.7926,0.3069,0.1891,0.0895,0.3155,4,Cladosporium Leaf Spot
spinach_4_0016.jpg,98.7848,102.4345,57.6895,30.8399,32.413,24.8856,9.6337,0.6336,0.3411,0.6196,0.9023,42842.5785,920.131,0.7791,0.9095,1.0683,18.0346,0.0319,10.0079,0.2701,0.2688,0.1368,0.3917,4,Cladosporium Leaf Spot
spinach_0_0169.jpg,87.8424,126.9819,75.339,28.3212,18.5752,17.2514,2.0298,0.8179,0.5408,0.7952,0.2921,54008.7446,807.6822,0.7892,0.8975,1.1437,0.0453,0.0173,1.7827,0.1618,0.0498,0.0414,0.1215,0,No Disease
spinach_0_0024.jpg,120.6472,135.0205,64.471,17.7572,19.2617,8.737,3.0837,0.8569,0.6718,0.7124,0.3413,43567.6592,837.3771,0.7849,0.9255,1.0997,1.3633,0.0076,0.0,0.1353,0.1065,0.0496,0.2445,0,No Disease
spinach_3_0177.jpg,137.5115,145.2585,75.1969,18.1013,20.7846,21.8697,6.281,0.9103,0.5455,0.8428,0.8134,51981.5454,876.0942,0.7906,0.8971,1.1154,1.0926,0.0128,3.7924,0.2175,0.1644,0.0459,0.4461,3,White Rust
spinach_5_0138.jpg,114.6322,105.6341,83.0427,25.8242,27.2003,24.2848,5.904,0.8206,0.4436,0.7157,0.7871,44422.5411,813.4516,0.8438,0.92,1.1158,11.4912,0.022,7.4365,0.222,0.1151,0.0668,0.4611,5,Spinach Blight (Cucumber Mosaic Virus)
spinach_4_0149.jpg,119.6583,124.9879,63.706,32.9291,25.8594,19.0586,8.6814,0.5274,0.2298,0.6334,0.8031,60438.7962,987.9259,0.876,0.9063,1.0993,28.0232,0.0234,6.7562,0.2532,0.2257,0.1055,0.4511,4,Cladosporium Leaf Spot
spinach_2_0005.jpg,112.2737,131.2236,56.6545,34.599,18.0398,21.1185,7.0471,0.8339,0.2232,0.6933,0.8357,46074.898,858.7161,0.8199,0.9046,1.2053,15.7939,0.0376,5.452,0.193,0.151,0.081,0.3887,2,Anthracnose
spinach_3_0054.jpg,117.1117,128.5044,68.4751,24.13,19.5525,18.5437,3.4501,0.7556,0.5491,0.6741,0.5846,58400.4635,886.6813,0.7483,0.9431,1.0313,7.9092,0.0087,0.6338,0.1624,0.0695,0.0697,0.3692,3,White Rust
spinach_2_0062.jpg,122.4454,107.693,44.3442,31.6148,16.7817,21.7956,9.0177,0.7263,0.4634,0.7434,0.931,47058.8019,919.8132,0.7737,0.9239,1.0751,20.8754,0.0228,8.6328,0.2597,0.1587,0.1236,0.3709,2,Anthracnose
spinach_5_0163.jpg,92.9098,113.3404,66.6728,25.4505,23.406,22.8665,4.6642,0.6617,0.4427,0.7283,0.6023,44984.6534,768.6789,0.8021,0.9506,1.1353,6.6685,0.0297,4.034,0.2098,0.1264,0.1406,0.2493,5,Spinach Blight (Cucumber Mosaic Virus)
spinach_0_0037.jpg,117.1419,109.5988,75.1675,27.8072,11.3611,13.4808,0.7201,0.8285,0.5539,0.9799,0.6037,50320.3039,1110.506,0.7721,0.9738,1.1125,2.5242,0.0089,6.9219,0.1426,0.0517,0.0642,0.1711,0,No Disease
spinach_5_0122.jpg,115.127,101.5503,81.1139,25.1268,30.5014,22.0264,6.3134,0.6058,0.4726,0.6398,0.5057,55298.5151,1048.9606,0.77,0.9251,1.1537,11.6339,0.0347,5.1055,0.2359,0.0998,0.0597,0.4335,5,Spinach Blight (Cucumber Mosaic Virus)
spinach_2_0019.jpg,119.1142,123.0545,67.3325,28.3449,33.0126,17.544,4.6397,0.5829,0.3807,0.7842,0.6298,47616.533,858.3982,0.8344,0.8881,1.0373,8.6184,0.0224,8.2194,0.2345,0.1304,0.1409,0.3032,2,Anthracnose
spinach_2_0113.jpg,112.1853,123.1639,48.887,31.758,28.026,23.5561,5.8384,0.7751,0.544,0.6223,0.762,35610.7492,946.861,0.6878,0.8869,0.975,13.1376,0.0337,2.7568,0.212,0.1395,0.1495,0.3845,2,Anthracnose
spinach_3_0043.jpg,118.0208,152.527,74.5156,20.8604,21.2398,22.0677,4.1808,0.7432,0.4629,0.7054,0.3267,52695.6743,706.11,0.7204,0.8757,0.9781,9.7054,0.0152,3.5349,0.1042,0.0938,0.0794,0.2758,3,White Rust
spinach_3_0141.jpg,117.8282,128.4606,56.4182,29.3729,21.5397,28.3993,5.868,0.8364,0.4406,0.7036,0.4626,44653.7653,996.0395,0.7569,0.9438,1.1209,6.8287,0.0076,4.5429,0.1591,0.1561,0.0521,0.3293,3,White Rust
spinach_0_0154.jpg,111.5682,130.999,72.3227,18.4387,9.072,11.3182,4.666,0.9308,0.4741,0.7722,0.4088,59805.9327,901.3242,0.8484,0.9388,1.1577,0.0,0.0135,0.5971,0.1432,0.0474,0.0444,0.2282,0,No Disease
spinach_5_0161.jpg,86.5338,102.3169,68.3444,23.8629,23.2848,22.3273,6.8805,0.6262,0.4113,0.7579,0.5227,50574.2149,798.3417,0.8174,0.9181,1.0759,15.6537,0.0303,7.0341,0.2302,0.194,0.0996,0.2066,5,Spinach Blight (Cucumber Mosaic Virus)
spinach_2_0062.jpg,122.4454,107.693,44.3442,31.6148,16.7817,21.7956,9.0177,0.7263,0.4634,0.7434,0.931,47058.8019,919.8132,0.7737,0.9239,1.0751,20.8754,0.0228,8.6328,0.2597,0.1587,0.1236,0.3709,2,Anthracnose
spinach_0_0160.jpg,124.1543,129.0237,72.0345,20.0744,19.0122,13.2821,2.5351,0.8865,0.4534,0.8807,0.3099,43328.0712,933.6873,0.7993,0.9432,1.1654,0.0,0.0,4.7523,0.0476,0.1044,0.0228,0.2064,0,No Disease
spinach_1_0006.jpg,127.8107,110.8884,71.9406,34.5557,22.1527,22.1673,7.4024,0.7027,0.4994,0.713,0.5622,47003.3177,934.2647,0.8595,0.9054,0.9983,5.6692,0.0232,8.1194,0.2097,0.1145,0.0992,0.2908,1,Downy Mildew
spinach_0_0111.jpg,116.4826,144.9641,73.9575,20.7276,16.1252,19.1826,0.5289,0.7702,0.6292,0.9242,0.468,54038.6418,887.946,0.8172,0.9289,1.081,0.7524,0.0222,0.0,0.125,0.0128,0.0373,0.1653,0,No Disease
spinach_0_0158.jpg,97.345,132.6262,68.2924,10.7364,21.3088,19.7664,0.8077,0.9279,0.5588,0.903,0.3572,47582.8742,1025.2075,0.7662,0.9806,1.1237,0.0,0.0158,2.3354,0.1363,0.1276,0.0237,0.1898,0,No Disease
spinach_5_0108.jpg,98.1606,120.0064,69.1553,27.1326,28.3922,20.3496,7.1775,0.7477,0.5897,0.7065,0.6359,46263.842,766.7176,0.7826,0.9166,1.149,13.1827,0.0216,4.5119,0.1642,0.1277,0.0576,0.4486,5,Spinach Blight (Cucumber Mosaic Virus)
spinach_3_0052.jpg,143.8622,133.081,67.9087,22.9911,24.1999,24.9398,7.6282,0.709,0.5481,0.8185,0.6475,51040.6036,886.2959,0.8361,0.9439,1.2353,8.7942,0.0161,0.0,0.0894,0.1042,0.0425,0.3451,3,White Rust
spinach_2_0084.jpg,110.9088,111.7564,79.566,27.9363,29.2488,19.9348,7.8972,0.7497,0.333,0.6962,0.6005,44277.9809,983.6795,0.7668,0.8397,1.2212,10.7916,0.025,9.0536,0.2229,0.1535,0.0793,0.2192,2,Anthracnose
spinach_2_0015.jpg,105.4397,115.3466,67.2953,24.4862,36.0235,17.6434,6.4129,0.604,0.555,0.6648,0.6399,48146.2563,889.5603,0.7803,0.8967,0.7977,14.2286,0.0271,7.9694,0.2955,0.1525,0.1304,0.2619,2,Anthracnose
spinach_3_0028.jpg,136.8869,127.2646,61.5799,20.8572,18.0829,25.9708,4.3856,0.7611,0.522,0.6636,0.5553,46015.6414,875.5585,0.7448,0.9041,1.128,8.8849,0.0152,4.6672,0.1266,0.1473,0.0648,0.2413,3,White Rust
spinach_5_0030.jpg,85.2962,114.2855,55.8615,27.4165,25.7636,21.6382,8.3151,0.8568,0.3617,0.6509,0.6889,57657.4006,829.6785,0.861,0.8791,1.0917,7.3522,0.0241,5.1904,0.2404,0.2211,0.0803,0.18,5,Spinach Blight (Cucumber Mosaic Virus)
spinach_3_0021.jpg,120.9692,153.0358,59.1714,25.2591,24.3148,16.5488,3.7189,0.7129,0.5733,0.914,0.5615,50158.9071,845.0159,0.7801,0.9062,1.1022,9.6529,0.0138,3.6587,0.1607,0.1073,0.059,0.341,3,White Rust
spinach_3_0107.jpg,127.2262,134.2612,65.4967,24.4538,22.1522,19.7746,3.85,0.8312,0.5262,0.9049,0.4896,54832.1936,714.0863,0.8297,0.8836,1.0313,9.3289,0.012,2.635,0.1458,0.1492,0.0467,0.2757,3,White Rust
spinach_5_0057.jpg,101.8845,117.7001,52.7385,27.4398,30.3405,21.5837,5.8803,0.8625,0.3144,0.8163,0.7521,48374.1677,866.7109,0.8078,0.9045,1.0424,10.2874,0.0212,4.8181,0.1945,0.0604,0.0924,0.2978,5,Spinach Blight (Cucumber Mosaic Virus)
spinach_5_0117.jpg,102.6768,91.773,68.1038,34.4348,24.9085,22.2392,7.3714,0.7451,0.2665,0.6666,0.6104,45195.8647,1016.6968,0.8481,0.8723,1.0729,16.5216,0.0188,6.9329,0.2792,0.1986,0.0945,0.4401,5,Spinach Blight (Cucumber Mosaic Virus)
spinach_0_0077.jpg,100.0825,148.8214,65.8039,16.9053,13.7181,12.7374,3.8686,0.9503,0.7168,1.0,0.3169,52352.0956,802.38,0.7233,0.9142,1.0354,0.0,0.0048,0.0,0.1421,0.0433,0.1102,0.1639,0,No Disease
spinach_5_0031.jpg,98.979,115.2925,66.6152,28.2129,33.4386,22.5449,6.2218,0.6478,0.2603,0.753,0.6745,44203.3473,865.5628,0.8014,0.8844,1.0265,13.6203,0.0222,4.3362,0.1669,0.1448,0.1131,0.3565,5,Spinach Blight (Cucumber Mosaic Virus)
spinach_0_0007.jpg,124.9673,171.0525,75.3153,15.0523,6.3398,16.0708,0.618,0.8668,0.531,0.8701,0.5266,52785.2428,904.1365,0.7079,0.8881,1.0811,1.7849,0.0201,1.4345,0.1491,0.06,0.0104,0.1228,0,No Disease
spinach_3_0155.jpg,127.7623,137.0873,58.1958,24.4767,20.7108,27.0572,2.9961,0.7965,0.3727,0.7409,0.5777,50443.185,904.4009,0.8,0.9077,1.1807,6.7781,0.0162,4.6504,0.1814,0.1458,0.0779,0.3175,3,White Rust
spinach_4_0035.jpg,109.933,129.222,61.6417,31.3158,24.7608,17.1767,10.6222,0.6134,0.3056,0.613,0.8855,54906.7541,793.2761,0.8599,0.8864,1.0212,16.8256,0.0277,5.1224,0.3088,0.1812,0.1454,0.413,4,Cladosporium Leaf Spot
spinach_1_0016.jpg,111.5898,148.6314,54.5966,29.1382,22.3988,28.0382,3.9641,0.6812,0.3524,0.7826,0.4727,48607.3575,684.7634,0.8044,0.8975,0.981,14.3424,0.0095,6.2345,0.1549,0.1941,0.0987,0.2294,1,Downy Mildew
spinach_0_0093.jpg,105.627,140.1829,73.7208,23.8627,19.7757,15.1769,0.6245,0.9054,0.5778,0.8935,0.6407,49381.1361,962.2289,0.8341,0.9325,1.307,0.4878,0.0086,0.0,0.0824,0.09,0.0612,0.2255,0,No Disease
spinach_0_0156.jpg,121.7659,146.8908,62.4773,22.453,21.2543,17.9028,3.3344,0.9291,0.5742,0.8374,0.2302,53698.2088,938.6053,0.8035,0.8966,1.1716,10.2182,0.0066,1.089,0.1155,0.1613,0.0144,0.2163,0,No Disease
spinach_3_0026.jpg,134.8435,129.2931,65.3446,23.9861,24.7314,23.1697,5.0126,0.8401,0.4149,0.842,0.6516,54887.4817,918.417,0.8228,0.8976,1.1259,9.202,0.0064,4.8543,0.1076,0.1029,0.071,0.2215,3,White Rust
spinach_1_0118.jpg,120.0566,140.1246,53.8939,28.9982,24.0719,22.39,4.6164,0.8507,0.4217,0.8842,0.531,54714.1367,894.0332,0.7703,0.9258,1.0761,0.0,0.0,7.0904,0.2515,0.2055,0.0796,0.2066,1,Downy Mildew
spinach_4_0179.jpg,124.3213,138.9446,58.7092,36.1524,32.5508,27.1667,8.1587,0.598,0.2548,0.5808,0.7947,50227.8874,848.4493,0.8299,0.885,0.9969,16.934,0.0406,5.6577,0.2805,0.1878,0.111,0.3665,4,Cladosporium Leaf Spot
spinach_3_0176.jpg,119.3913,141.063,72.2981,28.9852,21.9927,21.5342,4.5136,0.6306,0.4427,0.7537,0.4461,48663.0291,918.5091,0.712,0.9022,1.2338,1.5892,0.0155,1.9006,0.1324,0.1121,0.0453,0.3259,3,White Rust
spinach_0_0051.jpg,106.8406,149.5892,74.1812,17.1926,20.4891,15.4425,2.0023,1.0,0.3839,0.7808,0.3013,50183.6968,894.5392,0.6796,0.9054,1.0511,11.8297,0.0204,0.4589,0.0818,0.034,0.0,0.1906,0,No Disease
spinach_3_0126.jpg,129.0593,125.4151,64.5854,13.9265,27.8612,19.2956,5.9392,0.8081,0.504,0.7795,0.5888,46693.5779,787.8821,0.7739,0.903,1.224,9.5006,0.0113,3.5112,0.1767,0.1173,0.0768,0.2855,3,White Rust
spinach_2_0002.jpg,114.146,100.6332,62.1534,22.9324,30.1405,20.9712,7.0142,0.5765,0.3898,0.7649,0.6093,46964.1646,925.4621,0.8288,0.8391,1.2412,16.1142,0.0326,5.8416,0.1372,0.187,0.0959,0.3935,2,Anthracnose
spinach_0_0041.jpg,101.8209,129.4629,72.9538,17.1428,16.1692,22.5287,1.7115,0.9331,0.5614,0.8853,0.4206,54241.6203,1036.5308,0.8688,0.9377,1.1672,0.0,0.0053,2.8925,0.1433,0.0885,0.0622,0.2393,0,No Disease
spinach_1_0009.jpg,108.6677,125.1328,71.3605,29.36,26.842,13.9152,8.6227,0.6446,0.5523,0.8315,0.6677,46725.0761,915.159,0.7617,0.9107,1.08,1.8456,0.029,4.654,0.1658,0.1076,0.089,0.2385,1,Downy Mildew
spinach_0_0125.jpg,118.6847,141.6774,65.4249,27.8769,16.6949,15.5047,1.4227,0.8288,0.4625,0.9243,0.3417,67297.6561,811.3926,0.6946,0.9428,1.2423,2.2584,0.0106,0.0,0.0661,0.0371,0.0,0.2094,0,No Disease
spinach_3_0179.jpg,124.1988,123.2427,69.118,22.3524,17.0701,25.067,8.4885,0.9254,0.512,0.7614,0.543,53528.0113,862.9752,0.8591,0.8691,1.0863,11.2043,0.0102,3.5677,0.1997,0.1807,0.0377,0.1706,3,White Rust
spinach_5_0179.jpg,100.4367,127.5759,60.881,26.1919,22.5068,29.5874,5.3074,0.8137,0.3175,0.7655,0.6763,55666.8423,978.8379,0.8149,0.8866,1.22,9.4522,0.0059,2.0546,0.1292,0.1738,0.1454,0.1768,5,Spinach Blight (Cucumber Mosaic Virus)
spinach_5_0085.jpg,96.8382,115.7503,44.7678,33.1178,31.9213,17.7919,5.5298,0.7461,0.4016,0.7626,0.6213,58816.3269,803.026,0.9715,0.931,1.1566,7.8381,0.0313,6.4871,0.104,0.0938,0.0989,0.3293,5,Spinach Blight (Cucumber Mosaic Virus)
spinach_2_0056.jpg,120.8525,127.2877,44.8249,25.9092,24.68,25.3964,8.9432,0.8962,0.3427,0.6709,0.7489,46588.9164,865.9038,0.7751,0.8345,1.0899,13.2706,0.0372,6.1099,0.1673,0.1497,0.0577,0.2531,2,Anthracnose
spinach_3_0127.jpg,110.0934,112.34,64.0111,27.8025,20.1882,24.9463,4.7203,0.8786,0.5522,0.8536,0.4296,51585.7033,1027.2773,0.7963,0.9339,0.999,15.6752,0.0107,0.41,0.1524,0.0221,0.0429,0.4847,3,White Rust
spinach_1_0154.jpg,120.3077,121.3192,70.2116,23.893,19.6514,18.8304,7.3272,0.7294,0.3744,0.8248,0.8243,52048.4132,1023.3842,0.8522,0.8949,1.1021,4.8698,0.0184,3.6729,0.1699,0.1,0.0728,0.3526,1,Downy Mildew
spinach_3_0069.jpg,147.6763,122.2081,65.0566,19.8131,16.82,18.1914,5.8815,0.8732,0.4291,0.7093,0.5979,54039.8179,929.0376,0.7965,0.9172,1.1179,7.2734,0.0256,8.0112,0.179,0.1197,0.0764,0.2274,3,White Rust
spinach_1_0028.jpg,146.5747,133.3124,75.8509,33.0284,25.8401,17.0432,7.3016,0.6202,0.5581,0.774,0.345,49297.4695,965.3948,0.7758,0.9279,1.032,4.7761,0.0194,4.8568,0.1726,0.1791,0.0587,0.3351,1,Downy Mildew
spinach_3_0056.jpg,124.3711,138.7384,76.5898,29.889,18.2513,19.7656,4.0375,0.6355,0.4513,0.9091,0.3788,51379.691,899.3862,0.7973,0.8959,0.996,2.4856,0.0276,2.2312,0.145,0.2042,0.0516,0.3074,3,White Rust
spinach_0_0004.jpg,103.087,124.9675,62.9337,15.4027,19.4858,15.5697,3.1738,0.8658,0.5927,0.9238,0.3891,54283.8762,853.8074,0.7482,0.9205,1.0243,3.9479,0.0022,1.2225,0.124,0.0979,0.0566,0.1921,0,No Disease
spinach_5_0032.jpg,98.6288,115.3934,75.9151,31.4521,27.301,24.5541,6.1314,0.7247,0.3609,0.6215,0.6843,51233.4004,841.2287,0.8721,0.882,0.9483,9.2115,0.0117,6.0085,0.1724,0.1894,0.1141,0.266,5,Spinach Blight (Cucumber Mosaic Virus)
spinach_0_0149.jpg,89.8431,125.2761,77.6773,28.3556,19.4672,14.8386,0.01,0.7382,0.5904,0.8549,0.3094,52327.6629,931.5131,0.8267,0.9334,1.2183,2.032,0.0051,3.1158,0.0511,0.1926,0.0494,0.2305,0,No Disease
spinach_2_0098.jpg,115.9444,121.4912,51.4749,22.1528,16.8861,23.2794,7.5067,0.5855,0.4637,0.7107,0.8249,51852.6793,773.3666,0.8275,0.9168,1.0362,8.2316,0.0278,4.2985,0.286,0.1437,0.1531,0.1801,2,Anthracnose
spinach_3_0123.jpg,115.3561,138.8552,80.8332,25.853,14.7324,16.6128,4.3148,0.7418,0.4722,0.8019,0.7231,51481.4017,789.7806,0.8492,0.9516,1.1286,7.0144,0.022,3.6201,0.0672,0.1425,0.0923,0.3953,3,White Rust
spinach_3_0064.jpg,120.1578,131.0706,68.3759,21.4536,24.561,20.2272,3.7506,0.8771,0.4764,0.8242,0.6917,58500.8927,962.9785,0.7618,0.8843,1.1265,12.3783,0.0198,0.0,0.2135,0.1573,0.0625,0.3591,3,White Rust
spinach_2_0032.jpg,125.258,116.0793,65.1705,21.791,18.9901,28.749,7.1721,0.6883,0.2905,0.7071,0.5754,55934.3522,1152.7831,0.829,0.8841,0.8773,7.2621,0.0394,4.2475,0.2115,0.1862,0.1471,0.334,2,Anthracnose
spinach_3_0063.jpg,132.0501,132.6956,62.6119,28.5819,16.3524,21.8307,5.4333,0.748,0.4918,0.7871,0.5997,44829.4885,966.4502,0.8416,0.928,1.1581,7.5603,0.0241,4.1174,0.1126,0.1528,0.0291,0.3026,3,White Rust
spinach_0_0073.jpg,108.8847,119.642,78.0144,20.6431,28.9348,10.5995,1.8255,1.0,0.6753,0.8313,0.4424,52009.9968,948.1956,0.7281,0.9278,0.9922,2.5405,0.0096,0.7906,0.0192,0.1195,0.0491,0.1419,0,No Disease
spinach_1_0149.jpg,104.0672,147.5175,65.3908,25.8726,27.7882,22.8843,5.9687,0.7948,0.4407,0.8069,0.6853,51813.5937,877.9606,0.8818,0.8981,1.1313,11.6556,0.0151,3.3459,0.1723,0.1103,0.0435,0.2579,1,Downy Mildew
spinach_1_0140.jpg,107.7705,124.665,54.7362,20.8503,27.3353,20.2135,5.589,0.7845,0.2814,0.8501,0.5751,53662.0065,962.0713,0.8722,0.9074,0.9301,10.2285,0.0216,2.9383,0.1974,0.1156,0.0464,0.3637,1,Downy Mildew
spinach_3_0130.jpg,137.7472,136.0935,72.5226,30.0223,27.0952,23.664,5.873,0.9266,0.4168,0.7691,0.5285,49659.6643,706.1228,0.8625,0.8943,1.1236,2.3126,0.022,2.5863,0.1132,0.1278,0.0525,0.2341,3,White Rust
spinach_4_0100.jpg,123.1605,115.0373,75.9432,38.6779,33.2198,28.3273,8.2512,0.7213,0.4657,0.7166,0.703,50301.5928,947.367,0.8403,0.8881,1.0247,24.3368,0.0254,5.8056,0.2036,0.1523,0.1612,0.4925,4,Cladosporium Leaf Spot
spinach_0_0113.jpg,96.8417,128.3985,82.1304,26.8617,12.0445,18.872,1.8522,0.9272,0.6168,0.9496,0.4283,59050.81,950.9413,0.8075,0.9092,1.2927,3.8793,0.0117,0.0,0.0589,0.1295,0.0472,0.0469,0,No Disease
spinach_3_0052.jpg,143.8622,133.081,67.9087,22.9911,24.1999,24.9398,7.6282,0.709,0.5481,0.8185,0.6475,51040.6036,886.2959,0.8361,0.9439,1.2353,8.7942,0.0161,0.0,0.0894,0.1042,0.0425,0.3451,3,White Rust
spinach_0_0162.jpg,97.1881,144.746,70.143,19.1071,19.9847,14.4318,1.527,0.9376,0.6335,0.8697,0.4281,48091.0489,833.9317,0.8161,0.9411,1.1564,3.1234,0.0064,2.4535,0.1468,0.1164,0.0375,0.311,0,No Disease
spinach_5_0131.jpg,100.5943,105.9465,70.2568,34.1528,22.4279,14.0096,3.2953,0.7309,0.5232,0.6389,0.6228,47757.7522,1062.0532,0.9455,0.9106,1.1618,15.4808,0.0138,6.6573,0.159,0.1431,0.1185,0.3465,5,Spinach Blight (Cucumber Mosaic Virus)
spinach_0_0075.jpg,106.4142,113.4209,73.8946,29.5145,14.7328,16.0392,3.7424,0.8869,0.5335,0.7207,0.4841,51434.158,818.7316,0.7776,0.9154,1.0777,4.4252,0.0,3.0852,0.0301,0.0535,0.0881,0.2902,0,No Disease
spinach_3_0059.jpg,136.0196,93.2342,70.5214,26.0606,21.8257,22.4391,5.2429,0.8242,0.4386,0.8849,0.6279,54212.633,954.3705,0.8494,0.9455,1.101,11.9612,0.0184,7.4505,0.2249,0.095,0.1283,0.1118,3,White Rust
spinach_5_0029.jpg,77.687,116.5982,68.8993,27.8239,14.68,21.756,5.192,0.8442,0.43,0.6743,0.4447,52453.0884,939.6149,0.7971,0.9151,1.0621,16.2689,0.0319,2.4499,0.1402,0.2313,0.1133,0.239,5,Spinach Blight (Cucumber Mosaic Virus)
spinach_0_0090.jpg,109.9792,140.1248,63.0163,23.8343,10.8765,19.6358,6.8576,0.9293,0.6266,0.8455,0.239,48986.4032,810.7105,0.6832,0.9731,1.1418,3.5188,0.0035,0.8888,0.1482,0.0787,0.0533,0.1843,0,No Disease
spinach_2_0105.jpg,98.23,123.7549,56.0021,20.1677,27.5039,24.7559,8.6373,0.6741,0.3502,0.839,0.6907,53597.8092,826.046,0.8414,0.8636,1.043,9.1669,0.0222,8.3508,0.1994,0.1887,0.1479,0.3478,2,Anthracnose
spinach_3_0067.jpg,138.5129,134.6184,70.103,28.8728,16.2543,15.4921,2.5912,0.7614,0.4333,0.6795,0.5649,51021.9054,1023.224,0.9008,0.9314,1.0543,10.5869,0.0171,3.5678,0.1269,0.1014,0.0656,0.3443,3,White Rust
spinach_0_0150.jpg,110.251,159.6485,78.3401,11.9747,24.0174,13.6364,2.1822,0.7977,0.6221,0.8344,0.43,50579.505,1112.5013,0.8889,0.9312,1.1251,0.5062,0.0148,0.6079,0.0789,0.1191,0.0265,0.197,0,No Disease
spinach_5_0014.jpg,101.9119,109.837,58.9824,31.3974,26.9418,23.5716,7.5986,0.6964,0.3865,0.8338,0.5556,40131.8413,925.5539,0.7722,0.8731,1.1608,11.4209,0.0139,8.8829,0.1295,0.1465,0.0428,0.3617,5,Spinach Blight (Cucumber Mosaic Virus)
spinach_3_0016.jpg,127.3143,141.0318,84.3817,26.391,12.4388,24.6521,4.4534,0.931,0.5777,0.7446,0.6222,48530.2243,905.2691,0.8206,0.9478,1.1816,8.3,0.0369,3.343,0.0896,0.0634,0.1069,0.2739,3,White Rust
spinach_0_0154.jpg,111.5682,130.999,72.3227,18.4387,9.072,11.3182,4.666,0.9308,0.4741,0.7722,0.4088,59805.9327,901.3242,0.8484,0.9388,1.1577,0.0,0.0135,0.5971,0.1432,0.0474,0.0444,0.2282,0,No Disease
spinach_2_0130.jpg,98.6695,116.696,51.5339,28.0564,32.7615,25.1265,8.9211,0.7064,0.4117,0.5753,0.6582,48875.4553,1002.3665,0.7696,0.9066,1.0981,18.6307,0.0259,7.59,0.1448,0.0954,0.0529,0.4129,2,Anthracnose
spinach_0_0016.jpg,84.3676,132.4979,76.7273,12.092,24.3797,16.4734,3.4392,0.8543,0.6451,0.9548,0.4433,53172.0045,947.0343,0.7182,0.9263,1.1078,3.5336,0.014,0.0,0.0937,0.1393,0.0214,0.1342,0,No Disease
spinach_2_0087.jpg,119.0217,107.755,46.7992,32.8342,26.7207,17.2842,7.7286,0.6585,0.4225,0.7309,0.6292,53164.2238,830.2095,0.774,0.8867,1.1705,12.8777,0.038,9.3103,0.1931,0.0432,0.1361,0.3226,2,Anthracnose
spinach_3_0072.jpg,124.1276,141.2852,67.7821,33.1903,25.5239,19.5709,6.0551,0.7739,0.4636,0.8707,0.4602,51616.5482,1023.971,0.7985,0.9108,0.9735,0.0,0.0336,4.5553,0.1408,0.134,0.0463,0.2535,3,White Rust
spinach_3_0092.jpg,117.8932,128.0155,75.3513,28.8506,17.3382,15.2224,4.5326,0.9424,0.3778,0.7687,0.5589,50956.7891,859.179,0.8493,0.9314,1.1777,10.3575,0.0242,6.8519,0.2366,0.213,0.1004,0.2264,3,White Rust
spinach_2_0177.jpg,113.5161,125.914,63.5462,31.5352,27.9324,25.1893,8.2976,0.5718,0.3998,0.6871,0.6508,56479.8219,806.6854,0.7163,0.9199,0.9664,6.2882,0.0343,6.3857,0.2536,0.1423,0.0754,0.2551,2,Anthracnose
spinach_5_0168.jpg,114.1678,113.8894,54.5203,27.3307,28.7838,29.1825,3.0742,0.7389,0.3254,0.7655,0.7088,48334.2639,933.1599,0.8784,0.8959,0.983,17.7023,0.0306,6.4148,0.1755,0.1894,0.1411,0.3303,5,Spinach Blight (Cucumber Mosaic Virus)
spinach_5_0134.jpg,92.0871,107.6993,61.2429,25.9582,27.3825,30.9049,8.664,0.8654,0.3546,0.8472,0.6727,54431.8175,915.7704,0.7894,0.918,1.1288,4.9273,0.023,6.9703,0.2239,0.1688,0.0712,0.3605,5,Spinach Blight (Cucumber Mosaic Virus)
spinach_0_0015.jpg,116.7125,147.2596,86.5652,23.6539,9.1398,14.7322,0.01,0.8585,0.7009,0.9246,0.3501,46931.4132,923.2782,0.697,0.9132,1.145,6.6212,0.0109,0.0,0.1152,0.0829,0.0503,0.3293,0,No Disease
spinach_3_0039.jpg,142.8053,134.1934,62.1074,15.2252,26.3178,17.7992,9.8292,0.7108,0.6284,0.8324,0.4472,52660.7189,982.1381,0.7665,0.9409,1.1753,10.3854,0.0169,1.8851,0.1662,0.127,0.0231,0.2935,3,White Rust
spinach_1_0035.jpg,119.8714,115.5344,51.6787,32.6128,29.9799,22.2916,8.0427,0.8245,0.4847,0.6962,0.7831,53681.5072,861.4161,0.7499,0.9164,0.9663,12.7987,0.0124,5.4671,0.1639,0.1194,0.0611,0.2971,1,Downy Mildew
spinach_4_0127.jpg,128.553,134.4399,53.3315,36.12,24.0367,25.2161,9.3154,0.5632,0.403,0.6246,0.7019,54033.2549,806.4027,0.7368,0.916,1.0787,12.1835,0.0408,6.7681,0.1998,0.0897,0.1526,0.3212,4,Cladosporium Leaf Spot
spinach_4_0149.jpg,119.6583,124.9879,63.706,32.9291,25.8594,19.0586,8.6814,0.5274,0.2298,0.6334,0.8031,60438.7962,987.9259,0.876,0.9063,1.0993,28.0232,0.0234,6.7562,0.2532,0.2257,0.1055,0.4511,4,Cladosporium Leaf Spot
spinach_0_0129.jpg,103.679,141.4988,84.8004,22.1123,20.6301,19.6771,0.0116,0.9604,0.5564,0.7039,0.2072,46909.4119,973.1223,0.7768,0.9346,1.2761,0.0,0.0058,1.748,0.0632,0.0811,0.0,0.3128,0,No Disease
spinach_0_0027.jpg,107.4166,119.4754,76.1233,17.1123,23.3722,12.4896,0.9178,0.9433,0.641,0.9114,0.2514,54690.1722,816.5692,0.7841,0.8944,1.1557,0.0,0.0,2.4849,0.1121,0.0554,0.0763,0.1647,0,No Disease
spinach_0_0162.jpg,97.1881,144.746,70.143,19.1071,19.9847,14.4318,1.527,0.9376,0.6335,0.8697,0.4281,48091.0489,833.9317,0.8161,0.9411,1.1564,3.1234,0.0064,2.4535,0.1468,0.1164,0.0375,0.311,0,No Disease
spinach_0_0054.jpg,118.2496,138.5112,82.3245,22.0549,20.9128,11.3964,2.8907,0.9583,0.5339,0.9192,0.4766,49252.2369,807.7232,0.699,0.9322,1.1462,0.0,0.0062,2.227,0.1309,0.1421,0.0719,0.1199,0,No Disease
spinach_0_0038.jpg,100.1025,148.9946,72.2487,21.3929,17.0699,16.3463,2.7224,0.745,0.6333,0.8113,0.2758,51707.9438,928.3981,0.7284,0.9508,1.0126,0.3722,0.0013,1.1161,0.1139,0.0397,0.0581,0.205,0,No Disease
spinach_1_0033.jpg,127.3697,136.3624,67.184,21.5054,21.2934,22.088,4.4319,0.7177,0.4653,0.7356,0.6326,58963.6423,882.8141,0.8608,0.924,0.9826,5.5915,0.0133,3.2613,0.1855,0.1546,0.1114,0.3347,1,Downy Mildew
spinach_2_0015.jpg,105.4397,115.3466,67.2953,24.4862,36.0235,17.6434,6.4129,0.604,0.555,0.6648,0.6399,48146.2563,889.5603,0.7803,0.8967,0.7977,14.2286,0.0271,7.9694,0.2955,0.1525,0.1304,0.2619,2,Anthracnose
spinach_4_0089.jpg,108.3318,126.9082,52.1763,26.9292,33.4818,24.3355,9.8243,0.6013,0.3399,0.6709,0.8987,57029.3641,1005.3237,0.7523,0.8653,1.1309,23.507,0.0433,7.5235,0.3064,0.2198,0.1337,0.4054,4,Cladosporium Leaf Spot
spinach_3_0147.jpg,117.6585,140.2608,78.1413,27.5818,27.132,24.4365,3.0679,0.8051,0.5396,0.7495,0.4709,54152.0323,756.8371,0.7147,0.9033,1.146,8.8757,0.0253,2.3406,0.1212,0.141,0.05,0.2317,3,White Rust
spinach_0_0095.jpg,118.0116,145.9676,76.8399,26.2361,31.0632,8.1631,0.7448,0.8507,0.5119,0.8046,0.39,45916.9814,953.5042,0.7731,0.942,1.1606,4.412,0.003,5.0181,0.1117,0.0055,0.0149,0.0608,0,No Disease
spinach_1_0093.jpg,106.3971,130.1358,54.0849,22.0821,21.1845,22.9085,4.9526,0.6881,0.4341,0.6797,0.6529,56656.9338,892.0796,0.7778,0.9193,0.9377,12.1473,0.0448,4.5792,0.184,0.1597,0.1211,0.388,1,Downy Mildew
spinach_3_0028.jpg,136.8869,127.2646,61.5799,20.8572,18.0829,25.9708,4.3856,0.7611,0.522,0.6636,0.5553,46015.6414,875.5585,0.7448,0.9041,1.128,8.8849,0.0152,4.6672,0.1266,0.1473,0.0648,0.2413,3,White Rust
spinach_0_0168.jpg,104.1207,142.2564,86.8037,20.43,5.3291,14.6241,6.6572,0.9693,0.5151,0.9214,0.3458,45230.9624,885.1631,0.7755,0.8832,1.0281,2.0413,0.0027,1.9107,0.0393,0.1086,0.0104,0.3314,0,No Disease
spinach_1_0114.jpg,107.9614,114.9466,74.7858,23.1091,31.4011,23.1003,6.0608,0.7155,0.4829,0.7589,0.5731,54480.0239,885.6028,0.7421,0.925,1.0949,11.9556,0.0164,2.6236,0.2768,0.1919,0.1021,0.279,1,Downy Mildew
spinach_3_0164.jpg,126.2748,134.6252,74.131,26.1008,17.5815,21.288,5.403,0.8109,0.5429,0.7369,0.6168,42875.9138,893.0015,0.7635,0.9562,1.0975,10.432,0.0029,3.3668,0.1277,0.219,0.0533,0.2859,3,White Rust
spinach_1_0051.jpg,122.8031,120.1284,65.7115,39.1374,24.5121,26.8474,4.2414,0.7366,0.4796,0.7878,0.5334,46952.4127,998.8284,0.8615,0.9478,1.2443,10.5385,0.0175,7.2318,0.2257,0.0907,0.0542,0.3494,1,Downy Mildew
spinach_2_0099.jpg,112.348,131.7233,50.8776,29.204,24.9848,20.2649,7.4159,0.5764,0.3711,0.7361,0.6685,44998.979,983.0185,0.8438,0.874,0.9765,10.1923,0.0314,6.596,0.2695,0.147,0.0869,0.4235,2,Anthracnose
spinach_2_0065.jpg,118.2324,123.092,48.1648,38.4968,22.9847,29.9502,10.4377,0.721,0.4626,0.4842,0.6705,55510.8282,972.451,0.7268,0.8927,0.8771,15.652,0.0119,8.1349,0.2891,0.141,0.123,0.3326,2,Anthracnose
spinach_1_0085.jpg,125.9546,133.1906,63.636,14.0364,34.2774,17.4229,8.9881,0.6241,0.365,0.6058,0.6462,45493.7159,792.7,0.7076,0.9294,1.1569,17.2481,0.0145,5.1939,0.1255,0.1166,0.067,0.3472,1,Downy Mildew
spinach_0_0064.jpg,99.0678,135.419,76.0792,19.4739,15.0238,20.8687,1.8058,1.0,0.5873,1.0,0.4557,56814.8029,847.5389,0.7188,0.9415,1.1991,2.161,0.0,0.0,0.0286,0.0093,0.0427,0.29,0,No Disease
spinach_4_0014.jpg,117.5566,114.4001,71.4476,21.8872,31.2195,27.9583,6.7918,0.7079,0.3379,0.6218,0.8563,45071.5779,976.9193,0.6711,0.8971,1.0735,15.8412,0.0371,7.3568,0.3227,0.2124,0.1413,0.4133,4,Cladosporium Leaf Spot
spinach_1_0124.jpg,128.8711,132.3012,74.4006,21.1568,22.5569,26.777,2.326,0.7848,0.4726,0.8978,0.4517,59048.1553,844.0529,0.7632,0.8794,1.013,11.6141,0.0111,6.1325,0.1569,0.0815,0.0668,0.3369,1,Downy Mildew
spinach_2_0086.jpg,102.8551,118.1484,67.6566,32.6495,30.7412,21.1498,6.656,0.6705,0.3759,0.7818,0.4553,50152.6915,872.0504,0.7177,0.9168,1.022,12.5719,0.0418,7.918,0.2587,0.1752,0.1059,0.51,2,Anthracnose
spinach_0_0169.jpg,87.8424,126.9819,75.339,28.3212,18.5752,17.2514,2.0298,0.8179,0.5408,0.7952,0.2921,54008.7446,807.6822,0.7892,0.8975,1.1437,0.0453,0.0173,1.7827,0.1618,0.0498,0.0414,0.1215,0,No Disease
spinach_5_0075.jpg,96.7078,120.2644,61.1625,32.7924,28.9723,20.499,9.5105,0.6504,0.2873,0.7899,0.4351,56959.0841,880.1754,0.7244,0.8763,0.9593,13.5315,0.0134,6.3038,0.1948,0.131,0.1027,0.3899,5,Spinach Blight (Cucumber Mosaic Virus)
spinach_4_0159.jpg,115.0187,106.1809,59.8217,35.2371,33.9605,26.8914,10.3394,0.6508,0.3213,0.7212,0.8506,47879.1415,927.8982,0.7723,0.8398,1.1052,12.8219,0.0366,4.7364,0.234,0.1727,0.16,0.3473,4,Cladosporium Leaf Spot
spinach_3_0021.jpg,120.9692,153.0358,59.1714,25.2591,24.3148,16.5488,3.7189,0.7129,0.5733,0.914,0.5615,50158.9071,845.0159,0.7801,0.9062,1.1022,9.6529,0.0138,3.6587,0.1607,0.1073,0.059,0.341,3,White Rust
spinach_0_0082.jpg,115.241,142.1887,73.2579,18.9548,20.3926,13.5169,2.4005,0.9698,0.5351,0.8369,0.3006,46677.6363,737.1605,0.8138,0.9752,1.234,0.0,0.0118,3.7598,0.0772,0.0841,0.0,0.2213,0,No Disease
spinach_1_0124.jpg,128.8711,132.3012,74.4006,21.1568,22.5569,26.777,2.326,0.7848,0.4726,0.8978,0.4517,59048.1553,844.0529,0.7632,0.8794,1.013,11.6141,0.0111,6.1325,0.1569,0.0815,0.0668,0.3369,1,Downy Mildew
spinach_3_0004.jpg,123.305,159.4666,61.6194,27.4764,23.3007,17.6419,5.0739,0.7342,0.4314,0.6637,0.5476,55995.4675,910.7426,0.8454,0.9345,1.1052,5.4883,0.0131,1.3531,0.1566,0.1258,0.1129,0.3223,3,White Rust
spinach_0_0030.jpg,109.8207,133.2501,51.482,23.9242,18.3618,12.1445,0.01,0.9669,0.6079,1.0,0.462,53938.5157,903.3072,0.819,0.9456,1.2201,0.0,0.0025,0.3376,0.1395,0.1399,0.0285,0.166,0,No Disease
spinach_0_0039.jpg,86.0805,117.4555,71.9014,18.8952,16.4829,14.8881,2.3835,0.9758,0.4911,0.798,0.3107,53444.5833,1044.4947,0.7441,0.8675,0.9837,0.0,0.0015,0.4649,0.1019,0.0675,0.0662,0.1459,0,No Disease
spinach_0_0150.jpg,110.251,159.6485,78.3401,11.9747,24.0174,13.6364,2.1822,0.7977,0.6221,0.8344,0.43,50579.505,1112.5013,0.8889,0.9312,1.1251,0.5062,0.0148,0.6079,0.0789,0.1191,0.0265,0.197,0,No Disease
spinach_4_0179.jpg,124.3213,138.9446,58.7092,36.1524,32.5508,27.1667,8.1587,0.598,0.2548,0.5808,0.7947,50227.8874,848.4493,0.8299,0.885,0.9969,16.934,0.0406,5.6577,0.2805,0.1878,0.111,0.3665,4,Cladosporium Leaf Spot
spinach_1_0085.jpg,125.9546,133.1906,63.636,14.0364,34.2774,17.4229,8.9881,0.6241,0.365,0.6058,0.6462,45493.7159,792.7,0.7076,0.9294,1.1569,17.2481,0.0145,5.1939,0.1255,0.1166,0.067,0.3472,1,Downy Mildew
spinach_3_0161.jpg,124.3456,147.6894,68.532,20.3409,22.2823,26.4049,5.646,0.7607,0.6405,0.8611,0.6317,53086.7123,978.0274,0.8258,0.8654,1.1416,7.3568,0.013,3.6482,0.0922,0.0478,0.1012,0.317,3,White Rust
spinach_2_0023.jpg,127.4028,134.551,47.0948,28.2514,19.1694,29.0795,8.7219,0.708,0.3933,0.7966,0.8111,55790.2235,925.668,0.779,0.9192,1.1453,13.2375,0.0242,8.14,0.3132,0.13,0.1034,0.3781,2,Anthracnose
spinach_4_0166.jpg,116.5982,114.0858,61.0688,34.3059,23.9679,26.268,5.5162,0.7184,0.3822,0.774,0.6483,56167.2586,983.578,0.7791,0.8806,0.9832,12.6168,0.028,5.2396,0.3498,0.1299,0.1337,0.4249,4,Cladosporium Leaf Spot
spinach_2_0009.jpg,118.1495,122.6653,51.6931,24.1587,27.0788,25.2441,7.6888,0.639,0.4038,0.8052,0.7105,41834.2603,900.32,0.9226,0.8678,1.0824,13.0947,0.0278,6.4497,0.287,0.1634,0.1419,0.3406,2,Anthracnose
spinach_2_0085.jpg,109.3361,119.9909,60.4442,27.5937,27.1013,15.6512,7.7823,0.6929,0.5379,0.7005,0.5957,49746.3843,847.22,0.8261,0.9007,0.9792,7.457,0.0291,8.5896,0.234,0.1925,0.1353,0.3713,2,Anthracnose
spinach_0_0121.jpg,98.0553,121.2134,67.7318,24.4456,14.29,12.2238,0.01,1.0,0.6461,0.9339,0.5168,54883.5418,895.5671,0.7602,0.9193,1.3308,4.2236,0.0023,2.0379,0.0495,0.1402,0.0235,0.2401,0,No Disease
spinach_5_0078.jpg,105.4272,101.1759,52.2161,31.6953,33.1656,20.6188,4.454,0.6756,0.4315,0.7137,0.7907,54124.8536,888.4338,0.6927,0.8827,1.0462,9.0135,0.0255,5.7806,0.1263,0.1822,0.0904,0.3686,5,Spinach Blight (Cucumber Mosaic Virus)
spinach_1_0036.jpg,136.8938,145.2357,65.8358,26.8735,28.221,25.5199,4.0893,0.7338,0.2842,0.8386,0.8165,51400.4131,687.499,0.8265,0.8874,1.0469,12.5063,0.022,3.9214,0.1575,0.135,0.0698,0.2213,1,Downy Mildew
spinach_0_0005.jpg,100.767,138.1231,58.5013,12.7644,10.3865,11.011,2.6796,0.8276,0.5497,0.9709,0.3844,55687.5778,826.6382,0.7577,0.9062,1.0929,5.3612,0.0,1.982,0.1119,0.0562,0.0038,0.2058,0,No Disease
spinach_0_0158.jpg,97.345,132.6262,68.2924,10.7364,21.3088,19.7664,0.8077,0.9279,0.5588,0.903,0.3572,47582.8742,1025.2075,0.7662,0.9806,1.1237,0.0,0.0158,2.3354,0.1363,0.1276,0.0237,0.1898,0,No Disease
spinach_2_0058.jpg,103.9379,121.2187,57.7657,27.9634,26.5861,29.3782,6.2469,0.6422,0.2434,0.697,0.7557,54180.9906,890.8218,0.8574,0.9183,1.169,17.9372,0.0396,5.7946,0.1636,0.1865,0.1295,0.4756,2,Anthracnose
spinach_3_0026.jpg,134.8435,129.2931,65.3446,23.9861,24.7314,23.1697,5.0126,0.8401,0.4149,0.842,0.6516,54887.4817,918.417,0.8228,0.8976,1.1259,9.202,0.0064,4.8543,0.1076,0.1029,0.071,0.2215,3,White Rust
spinach_0_0178.jpg,103.4268,137.2368,83.3273,13.921,12.8769,4.5512,1.1824,0.8683,0.5392,0.9575,0.5061,52389.2836,882.9387,0.8316,0.9295,1.0545,0.0,0.0025,2.5584,0.2138,0.0825,0.0209,0.1052,0,No Disease
spinach_3_0128.jpg,120.1996,120.2943,67.2024,20.511,26.3226,16.4418,5.2602,0.6782,0.6679,0.8153,0.5354,50035.2087,849.64,0.7343,0.9003,1.2443,5.7895,0.0,1.9013,0.2164,0.1099,0.0666,0.3736,3,White Rust
spinach_0_0180.jpg,114.7466,131.2299,66.1314,16.772,20.6632,11.0001,2.6064,0.9597,0.5729,0.9507,0.3896,50930.722,822.2754,0.831,0.9108,1.148,1.7147,0.0,0.1036,0.1691,0.0881,0.0148,0.2244,0,No Disease
spinach_0_0124.jpg,129.9393,128.9325,79.8454,24.8525,12.0215,16.9731,1.8172,0.9443,0.5985,0.9637,0.4275,51160.6297,1029.6064,0.8048,0.9483,1.0668,0.0,0.0015,0.0825,0.1393,0.119,0.0361,0.3145,0,No Disease
spinach_3_0101.jpg,126.1069,145.5001,73.8872,25.9722,20.7289,18.3314,5.5156,0.8818,0.4518,0.8834,0.5873,53403.4548,1145.5109,0.8792,0.962,1.0462,16.7687,0.0163,3.5905,0.062,0.1331,0.0429,0.3127,3,White Rust
spinach_1_0149.jpg,104.0672,147.5175,65.3908,25.8726,27.7882,22.8843,5.9687,0.7948,0.4407,0.8069,0.6853,51813.5937,877.9606,0.8818,0.8981,1.1313,11.6556,0.0151,3.3459,0.1723,0.1103,0.0435,0.2579,1,Downy Mildew
spinach_0_0161.jpg,98.6675,145.177,73.0942,17.7586,11.7491,16.0711,0.01,0.9342,0.7901,0.9745,0.4918,51571.9635,726.1247,0.6907,0.9621,1.0568,0.0,0.0047,0.0,0.0387,0.078,0.0177,0.1407,0,No Disease
spinach_3_0089.jpg,128.9966,127.7773,60.3436,34.4798,29.057,19.5222,5.0288,0.7183,0.4708,0.7328,0.5421,60551.6469,895.4386,0.7171,0.8858,1.1202,4.9564,0.019,1.0849,0.2045,0.0776,0.0712,0.2529,3,White Rust
spinach_1_0132.jpg,119.3474,149.8181,69.8039,28.0599,25.2574,21.5489,3.3729,0.7328,0.4477,0.7309,0.6438,51106.5375,977.3692,0.8298,0.9142,0.9906,17.1629,0.0189,4.6544,0.1729,0.1105,0.1186,0.4209,1,Downy Mildew
spinach_3_0064.jpg,120.1578,131.0706,68.3759,21.4536,24.561,20.2272,3.7506,0.8771,0.4764,0.8242,0.6917,58500.8927,962.9785,0.7618,0.8843,1.1265,12.3783,0.0198,0.0,0.2135,0.1573,0.0625,0.3591,3,White Rust
spinach_4_0161.jpg,117.5602,128.231,70.4722,29.9796,34.0592,30.3213,11.2327,0.6702,0.3526,0.6268,0.6141,49110.2323,901.2338,0.7834,0.9049,0.9537,17.2721,0.05,9.2921,0.3008,0.2056,0.1209,0.2497,4,Cladosporium Leaf Spot
spinach_0_0146.jpg,102.1863,136.2849,75.9039,14.6052,8.8598,13.6073,3.299,1.0,0.6426,0.7772,0.3968,53283.1719,937.7591,0.8024,0.9071,1.1252,3.6813,0.0126,0.0,0.0827,0.0,0.0245,0.158,0,No Disease
spinach_3_0123.jpg,115.3561,138.8552,80.8332,25.853,14.7324,16.6128,4.3148,0.7418,0.4722,0.8019,0.7231,51481.4017,789.7806,0.8492,0.9516,1.1286,7.0144,0.022,3.6201,0.0672,0.1425,0.0923,0.3953,3,White Rust
spinach_3_0010.jpg,137.3452,145.4343,61.1598,28.0004,31.3374,16.4508,8.4013,0.8009,0.4253,0.7175,0.5277,41723.6083,863.4756,0.7642,0.8931,1.1698,7.1249,0.0119,3.4144,0.1878,0.1229,0.0525,0.2901,3,White Rust
spinach_4_0138.jpg,122.5821,99.8367,58.6667,37.5214,26.3498,21.3851,9.5606,0.61,0.3076,0.7492,0.6433,48201.9637,976.6447,0.7161,0.9344,1.0527,21.4981,0.041,7.2259,0.246,0.1883,0.1478,0.3111,4,Cladosporium Leaf Spot
spinach_1_0029.jpg,118.6797,112.8761,52.4478,27.0596,33.906,23.3171,2.5664,0.4912,0.4886,0.7533,0.7241,46596.4104,935.0212,0.8408,0.8988,1.0659,10.1011,0.0243,4.7742,0.2387,0.1115,0.0468,0.4682,1,Downy Mildew
spinach_0_0179.jpg,110.5195,119.5892,76.4028,24.0886,19.1814,14.1214,2.9604,0.9137,0.5178,1.0,0.3848,55878.7615,678.1386,0.8466,0.9667,1.1224,4.2351,0.0105,0.043,0.1274,0.0477,0.0248,0.2902,0,No Disease
spinach_0_0059.jpg,109.1197,159.4544,75.7484,23.2894,30.5537,14.1448,0.6436,0.9342,0.6151,0.8431,0.3168,63549.2221,952.6843,0.7261,0.9529,1.1113,0.9885,0.0105,0.0,0.1176,0.1565,0.0517,0.1699,0,No Disease
spinach_3_0009.jpg,120.621,137.9614,69.2079,18.2669,16.8434,20.6892,4.969,0.7133,0.3964,0.7737,0.6386,51117.5711,1067.2731,0.7383,0.9248,1.0817,10.3518,0.0107,7.4693,0.0855,0.1886,0.0722,0.3242,3,White Rust
spinach_0_0158.jpg,97.345,132.6262,68.2924,10.7364,21.3088,19.7664,0.8077,0.9279,0.5588,0.903,0.3572,47582.8742,1025.2075,0.7662,0.9806,1.1237,0.0,0.0158,2.3354,0.1363,0.1276,0.0237,0.1898,0,No Disease
spinach_3_0100.jpg,124.5864,147.4886,73.3062,18.6802,24.7499,24.0228,4.7657,0.7503,0.3343,0.8279,0.5709,46889.0804,872.416,0.7893,0.906,1.1102,1.0003,0.0278,4.0286,0.115,0.0216,0.0957,0.3246,3,White Rust
spinach_3_0075.jpg,127.1071,133.7636,70.5961,23.1753,18.6493,22.1749,5.7979,0.7294,0.4126,0.7672,0.4948,59125.5955,936.6476,0.7809,0.8967,1.1691,5.5536,0.0118,5.3907,0.1894,0.0199,0.0661,0.29,3,White Rust
spinach_4_0003.jpg,124.9989,133.1624,68.4096,33.6818,27.7114,15.5687,8.825,0.4477,0.1861,0.6487,0.7865,48244.5755,1043.5531,0.8177,0.8838,1.1809,24.2605,0.0381,6.1045,0.2425,0.1321,0.1289,0.306,4,Cladosporium Leaf Spot
spinach_2_0086.jpg,102.8551,118.1484,67.6566,32.6495,30.7412,21.1498,6.656,0.6705,0.3759,0.7818,0.4553,50152.6915,872.0504,0.7177,0.9168,1.022,12.5719,0.0418,7.918,0.2587,0.1752,0.1059,0.51,2,Anthracnose
spinach_3_0134.jpg,114.3471,137.6271,78.752,34.7885,25.8521,19.3006,6.0548,0.8781,0.2994,0.8837,0.4955,48825.1852,869.5072,0.7992,0.8922,1.0872,10.1011,0.0187,4.6855,0.1538,0.1477,0.0964,0.3597,3,White Rust
spinach_0_0154.jpg,111.5682,130.999,72.3227,18.4387,9.072,11.3182,4.666,0.9308,0.4741,0.7722,0.4088,59805.9327,901.3242,0.8484,0.9388,1.1577,0.0,0.0135,0.5971,0.1432,0.0474,0.0444,0.2282,0,No Disease
spinach_0_0116.jpg,103.4358,157.0439,67.8909,21.456,28.9634,10.7705,0.01,1.0,0.5139,0.8786,0.3614,53340.8139,824.9464,0.7592,0.9412,1.0393,0.0,0.0032,0.0,0.0789,0.0848,0.03,0.1783,0,No Disease
spinach_0_0078.jpg,105.7202,124.7512,85.6487,25.5975,18.4846,9.6128,2.3581,0.8103,0.697,0.9366,0.4295,39818.1217,821.6584,0.8113,0.9603,1.2087,0.0,0.0084,3.0279,0.0171,0.0797,0.0468,0.1759,0,No Disease
spinach_0_0019.jpg,102.1512,141.1757,80.7137,26.6384,16.6543,20.4143,2.1566,0.833,0.5324,0.7764,0.3312,50209.9166,1000.3585,0.8732,0.8954,1.1514,0.0,0.0098,0.964,0.0085,0.1171,0.0249,0.1573,0,No Disease
spinach_0_0113.jpg,96.8417,128.3985,82.1304,26.8617,12.0445,18.872,1.8522,0.9272,0.6168,0.9496,0.4283,59050.81,950.9413,0.8075,0.9092,1.2927,3.8793,0.0117,0.0,0.0589,0.1295,0.0472,0.0469,0,No Disease
spinach_3_0086.jpg,145.8919,142.8251,44.7035,38.2615,12.7538,19.176,2.8732,0.7108,0.4828,0.635,0.541,57236.7121,820.676,0.6966,0.9165,1.0829,5.6191,0.0075,4.9345,0.1998,0.0774,0.0468,0.2909,3,White Rust
spinach_5_0076.jpg,112.458,105.0284,64.7615,25.8234,26.8149,18.8868,5.679,0.6765,0.4235,0.7302,0.7006,48965.0171,812.0247,0.8215,0.8771,1.1355,10.8581,0.0256,5.796,0.2901,0.1653,0.0918,0.2846,5,Spinach Blight (Cucumber Mosaic Virus)
spinach_1_0142.jpg,113.6617,141.9963,61.707,30.4817,25.0161,15.3917,5.3459,0.6412,0.4214,0.7078,0.6482,44288.2283,901.4702,0.8243,0.9327,1.0389,10.071,0.0215,7.5848,0.1159,0.0936,0.1501,0.2882,1,Downy Mildew
spinach_0_0178.jpg,103.4268,137.2368,83.3273,13.921,12.8769,4.5512,1.1824,0.8683,0.5392,0.9575,0.5061,52389.2836,882.9387,0.8316,0.9295,1.0545,0.0,0.0025,2.5584,0.2138,0.0825,0.0209,0.1052,0,No Disease
spinach_4_0025.jpg,110.9005,117.4918,59.1539,25.4172,30.5787,21.9506,7.2298,0.5736,0.293,0.6013,0.7847,49722.0345,894.8008,0.9312,0.8861,1.1184,20.875,0.0335,7.9928,0.271,0.1981,0.1153,0.3505,4,Cladosporium Leaf Spot
spinach_2_0049.jpg,119.9739,123.9051,60.1111,26.5312,28.9278,22.732,6.476,0.8943,0.2569,0.7671,0.6037,50655.9774,1136.8588,0.7423,0.8819,1.0786,10.6111,0.0341,5.1378,0.2627,0.1068,0.0648,0.3317,2,Anthracnose
spinach_0_0114.jpg,115.3829,133.0184,83.2905,19.5608,18.0235,19.7158,0.4743,0.8206,0.5643,0.9379,0.2869,43659.827,1002.3721,0.7338,0.9202,0.9715,0.0,0.0059,2.8747,0.0614,0.1463,0.0229,0.1454,0,No Disease
spinach_0_0017.jpg,107.0231,148.2882,72.0914,26.6448,21.284,18.3673,2.942,1.0,0.5636,0.7398,0.5804,49711.5028,930.788,0.8486,0.8899,1.0199,0.0,0.0,1.9913,0.1262,0.0911,0.0047,0.0152,0,No Disease
spinach_0_0119.jpg,103.586,139.7431,72.9195,20.8096,22.1968,10.6559,2.2987,1.0,0.4412,0.8926,0.3615,50146.4481,829.5192,0.7598,0.976,1.0188,0.0,0.0,4.3094,0.0769,0.079,0.0299,0.1244,0,No Disease
spinach_2_0021.jpg,115.3218,116.0891,45.7872,23.492,23.0951,14.444,9.3937,0.7094,0.3776,0.5467,0.5076,49988.2931,1077.049,0.7581,0.9216,1.0416,14.221,0.0367,5.4773,0.1955,0.2167,0.1111,0.4373,2,Anthracnose
spinach_0_0139.jpg,112.7681,119.6258,78.9047,20.8856,20.1355,16.5201,0.322,0.7802,0.523,0.9195,0.489,45160.2886,821.8901,0.7266,0.9211,1.011,0.0,0.0,1.3553,0.041,0.0754,0.0665,0.0959,0,No Disease
spinach_5_0060.jpg,88.6187,99.5249,72.2013,27.6113,24.5127,21.3237,7.634,0.7232,0.3406,0.6805,0.6305,51011.0987,866.449,0.8025,0.9012,1.0871,8.8785,0.0329,4.5318,0.2165,0.0676,0.0846,0.252,5,Spinach Blight (Cucumber Mosaic Virus)
spinach_0_0070.jpg,114.4277,128.1651,68.3558,13.0678,9.9502,14.3046,0.7597,0.9302,0.6162,0.9025,0.4439,59888.841,813.2406,0.7667,0.9583,1.2212,0.0,0.0035,3.6446,0.1254,0.0878,0.0346,0.1693,0,No Disease
spinach_2_0024.jpg,115.866,110.254,73.0682,32.1105,29.6569,30.0355,6.2366,0.6729,0.2797,0.6879,0.5411,53739.2468,921.9997,0.7834,0.8975,1.1409,9.4568,0.0286,7.3591,0.1409,0.1874,0.0681,0.3406,2,Anthracnose
spinach_2_0103.jpg,120.6615,114.3228,48.4662,35.27,29.3821,17.1688,6.6055,0.9301,0.3813,0.6481,0.5892,58860.4949,964.7759,0.8844,0.9062,1.1803,10.6067,0.0283,6.6167,0.2991,0.1728,0.0944,0.3551,2,Anthracnose
spinach_5_0117.jpg,102.6768,91.773,68.1038,34.4348,24.9085,22.2392,7.3714,0.7451,0.2665,0.6666,0.6104,45195.8647,1016.6968,0.8481,0.8723,1.0729,16.5216,0.0188,6.9329,0.2792,0.1986,0.0945,0.4401,5,Spinach Blight (Cucumber Mosaic Virus)
spinach_3_0109.jpg,114.6976,130.8554,80.9884,18.0589,18.3405,23.8103,5.168,0.7067,0.5372,0.8509,0.5831,48438.0171,859.1695,0.7971,0.8872,1.2162,14.8008,0.0151,4.641,0.2293,0.1982,0.1089,0.1412,3,White Rust
spinach_0_0162.jpg,97.1881,144.746,70.143,19.1071,19.9847,14.4318,1.527,0.9376,0.6335,0.8697,0.4281,48091.0489,833.9317,0.8161,0.9411,1.1564,3.1234,0.0064,2.4535,0.1468,0.1164,0.0375,0.311,0,No Disease
spinach_2_0172.jpg,112.1804,107.3356,54.1633,27.739,26.7592,20.8859,5.195,0.6869,0.4654,0.709,0.629,49384.268,674.9367,0.7916,0.89,1.0053,10.9916,0.0237,7.8864,0.2846,0.1229,0.097,0.3106,2,Anthracnose
spinach_0_0118.jpg,94.6797,138.3035,69.0743,26.9957,21.7717,16.9811,2.2476,0.9315,0.511,0.94,0.3088,56176.885,1038.6143,0.7827,0.9256,1.152,0.0,0.0084,0.996,0.0975,0.1083,0.0381,0.1088,0,No Disease
spinach_4_0111.jpg,115.4106,112.5215,64.0879,28.5003,26.2987,24.5946,5.6686,0.4655,0.4135,0.6082,0.9735,60359.1896,839.3521,0.9303,0.9134,1.0184,7.6726,0.0395,7.5563,0.2916,0.1808,0.1014,0.3558,4,Cladosporium Leaf Spot
spinach_1_0091.jpg,111.745,143.3444,70.9511,28.0433,27.8058,19.8458,5.4858,0.6871,0.5023,0.7115,0.7585,49420.8292,902.0509,0.8355,0.9106,1.0762,9.8799,0.0272,3.6069,0.1837,0.1304,0.1016,0.302,1,Downy Mildew
spinach_3_0082.jpg,111.7318,130.3274,64.4766,35.2457,21.0587,15.2418,4.7004,0.7911,0.3576,0.8082,0.6709,52193.3564,825.2935,0.7483,0.8785,1.0993,9.2431,0.0098,7.4915,0.2096,0.0483,0.0257,0.2013,3,White Rust
spinach_2_0159.jpg,113.436,117.067,54.7114,29.5723,23.0797,23.0433,7.0987,0.608,0.4014,0.7183,0.6734,62105.2352,865.9298,0.7832,0.8894,1.0023,16.7436,0.0215,5.0777,0.2031,0.1206,0.0662,0.313,2,Anthracnose
spinach_0_0074.jpg,102.194,122.4926,63.7967,17.3109,23.1421,12.442,3.0884,0.8569,0.5998,0.8701,0.5073,49325.9433,762.7472,0.6871,0.9167,1.0201,3.6408,0.0023,5.4743,0.0131,0.0881,0.0118,0.1605,0,No Disease
spinach_2_0032.jpg,125.258,116.0793,65.1705,21.791,18.9901,28.749,7.1721,0.6883,0.2905,0.7071,0.5754,55934.3522,1152.7831,0.829,0.8841,0.8773,7.2621,0.0394,4.2475,0.2115,0.1862,0.1471,0.334,2,Anthracnose
spinach_5_0050.jpg,94.724,116.0897,77.0603,34.7572,29.3043,22.3188,6.2721,0.5942,0.3332,0.6738,0.7075,54224.7389,943.6573,0.881,0.9018,1.0114,11.8003,0.0182,6.5841,0.192,0.1461,0.1073,0.2807,5,Spinach Blight (Cucumber Mosaic Virus)
spinach_3_0072.jpg,124.1276,141.2852,67.7821,33.1903,25.5239,19.5709,6.0551,0.7739,0.4636,0.8707,0.4602,51616.5482,1023.971,0.7985,0.9108,0.9735,0.0,0.0336,4.5553,0.1408,0.134,0.0463,0.2535,3,White Rust
spinach_2_0058.jpg,103.9379,121.2187,57.7657,27.9634,26.5861,29.3782,6.2469,0.6422,0.2434,0.697,0.7557,54180.9906,890.8218,0.8574,0.9183,1.169,17.9372,0.0396,5.7946,0.1636,0.1865,0.1295,0.4756,2,Anthracnose
spinach_0_0125.jpg,118.6847,141.6774,65.4249,27.8769,16.6949,15.5047,1.4227,0.8288,0.4625,0.9243,0.3417,67297.6561,811.3926,0.6946,0.9428,1.2423,2.2584,0.0106,0.0,0.0661,0.0371,0.0,0.2094,0,No Disease
spinach_0_0085.jpg,96.3681,153.2286,61.1992,28.0211,16.8335,10.3523,0.8486,0.8359,0.478,0.8866,0.2972,41098.169,882.0324,0.6618,0.9112,1.0473,0.0,0.022,1.3015,0.1123,0.0089,0.0237,0.2172,0,No Disease
spinach_4_0177.jpg,100.9034,127.9196,55.3342,30.9485,28.2688,24.117,7.7119,0.5945,0.2943,0.7524,0.7625,49870.2585,825.5347,0.7655,0.874,1.1312,14.9856,0.016,7.605,0.256,0.1666,0.1528,0.1713,4,Cladosporium Leaf Spot
spinach_2_0174.jpg,107.293,121.8715,58.1955,30.1203,26.174,19.5703,7.5697,0.6569,0.3076,0.771,0.6999,48859.5052,1014.0057,0.6898,0.9318,1.0096,14.8461,0.0223,4.4386,0.2957,0.2342,0.1045,0.3768,2,Anthracnose
spinach_2_0062.jpg,122.4454,107.693,44.3442,31.6148,16.7817,21.7956,9.0177,0.7263,0.4634,0.7434,0.931,47058.8019,919.8132,0.7737,0.9239,1.0751,20.8754,0.0228,8.6328,0.2597,0.1587,0.1236,0.3709,2,Anthracnose
spinach_2_0111.jpg,113.3989,109.8769,56.8469,40.7931,37.6022,18.7836,5.4454,0.5952,0.4646,0.6721,0.714,59984.8367,878.9535,0.8424,0.913,1.0329,18.2366,0.0202,8.5118,0.2006,0.1409,0.0828,0.2761,2,Anthracnose
spinach_0_0128.jpg,107.2429,124.9975,66.8444,16.6188,21.4928,18.2029,2.4706,0.792,0.5551,0.8278,0.507,57890.9243,1025.6386,0.7247,0.8615,0.9786,7.6865,0.0028,0.0,0.1821,0.1306,0.0406,0.1765,0,No Disease
spinach_2_0071.jpg,111.1319,119.1146,53.0,30.3848,30.0397,30.8458,6.7854,0.6767,0.5022,0.6616,0.5576,51251.2449,987.6175,0.8217,0.8976,0.9641,13.7665,0.0369,3.8786,0.2178,0.1445,0.0926,0.3698,2,Anthracnose
spinach_0_0069.jpg,95.5978,132.0171,62.6922,20.8103,20.6486,8.6516,2.0427,0.8824,0.6073,0.8791,0.2746,45688.0535,922.9424,0.8317,0.8746,1.1477,6.7585,0.0048,2.1904,0.0648,0.0752,0.0,0.0125,0,No Disease
spinach_4_0115.jpg,116.5771,111.4133,52.0037,30.9352,34.5671,21.7052,9.213,0.6376,0.4995,0.6873,0.6902,54181.8476,967.0022,0.7662,0.8609,1.1129,18.2541,0.0219,7.9581,0.2382,0.1294,0.1212,0.4926,4,Cladosporium Leaf Spot
spinach_0_0163.jpg,107.2846,145.9561,74.2567,21.235,13.3212,17.8054,6.837,0.87,0.5857,0.8488,0.3712,59722.2474,852.7029,0.7416,0.8903,1.0594,0.0,0.0111,6.2395,0.0817,0.0133,0.0625,0.1418,0,No Disease
spinach_1_0153.jpg,135.9609,137.2843,59.7182,28.1983,22.2297,24.4376,3.2353,0.6741,0.4665,0.8458,0.3898,57872.3561,885.9865,0.677,0.835,0.9776,9.9212,0.0195,5.9398,0.1625,0.0857,0.0697,0.3127,1,Downy Mildew
spinach_5_0135.jpg,100.0366,109.762,59.5659,33.5743,27.7273,22.9782,9.8863,0.7479,0.496,0.7491,0.6147,44204.3134,894.139,0.6502,0.9068,1.1152,11.1297,0.0233,3.1479,0.2793,0.1365,0.0657,0.3836,5,Spinach Blight (Cucumber Mosaic Virus)
spinach_4_0018.jpg,131.4158,126.14,50.6892,37.4769,24.5424,27.9734,9.1404,0.6793,0.4883,0.602,0.8211,56797.9431,825.6658,0.7453,0.8828,1.096,12.3581,0.0384,4.9649,0.3347,0.2106,0.1778,0.4435,4,Cladosporium Leaf Spot
spinach_4_0093.jpg,118.2719,113.0458,55.3875,34.6652,29.7156,22.6439,9.6162,0.6331,0.4071,0.5917,0.8599,53004.9778,1009.757,0.8486,0.8879,1.0568,25.1321,0.0317,8.8472,0.2509,0.1155,0.0993,0.4225,4,Cladosporium Leaf Spot
spinach_2_0043.jpg,108.6747,114.2488,68.3784,46.1675,33.0994,20.7387,8.0706,0.7339,0.306,0.6117,0.6837,54038.538,718.8192,0.7567,0.9143,1.0833,19.6651,0.0157,10.3339,0.1531,0.0788,0.1085,0.2592,2,Anthracnose
spinach_3_0106.jpg,137.9135,131.4715,63.8395,20.3935,17.4509,19.9976,4.8352,0.6418,0.6435,0.7618,0.5566,48368.8128,878.299,0.7585,0.9199,1.1088,11.2195,0.0188,5.2677,0.1695,0.1293,0.064,0.3602,3,White Rust
spinach_1_0118.jpg,120.0566,140.1246,53.8939,28.9982,24.0719,22.39,4.6164,0.8507,0.4217,0.8842,0.531,54714.1367,894.0332,0.7703,0.9258,1.0761,0.0,0.0,7.0904,0.2515,0.2055,0.0796,0.2066,1,Downy Mildew
spinach_2_0173.jpg,119.0955,117.6006,58.7423,32.6813,24.0179,28.4555,6.997,0.6115,0.3616,0.7862,0.6475,54747.789,817.4654,0.7541,0.9165,1.0101,17.2902,0.0298,4.5275,0.2264,0.138,0.1187,0.501,2,Anthracnose
spinach_2_0082.jpg,106.5798,117.1854,53.2303,29.0179,40.0909,23.7288,7.7654,0.6236,0.4616,0.7532,0.7667,51074.4562,983.419,0.8763,0.9071,1.0708,17.5783,0.0198,4.8077,0.2273,0.0903,0.1307,0.273,2,Anthracnose
spinach_3_0076.jpg,120.604,137.764,52.5225,10.8449,17.1227,21.129,0.01,0.7025,0.3062,0.763,0.7458,50414.12,894.2497,0.8304,0.9205,1.0928,11.7066,0.0208,4.5195,0.1631,0.1062,0.0929,0.2531,3,White Rust
spinach_3_0049.jpg,119.4378,109.9863,66.3607,33.5398,24.6748,17.9387,5.3591,0.8477,0.4532,0.9638,0.4983,56512.5536,981.1937,0.738,0.9094,1.1914,8.5792,0.0197,1.0553,0.2028,0.1315,0.0684,0.3089,3,White Rust
spinach_2_0177.jpg,113.5161,125.914,63.5462,31.5352,27.9324,25.1893,8.2976,0.5718,0.3998,0.6871,0.6508,56479.8219,806.6854,0.7163,0.9199,0.9664,6.2882,0.0343,6.3857,0.2536,0.1423,0.0754,0.2551,2,Anthracnose
spinach_3_0170.jpg,136.8125,140.5068,75.1186,22.8533,16.9014,15.7937,5.2512,0.9148,0.493,0.7538,0.5311,51343.4983,1107.6643,0.854,0.9265,1.1188,9.1974,0.021,3.2562,0.1278,0.1613,0.0705,0.3559,3,White Rust
spinach_2_0036.jpg,114.4415,109.6543,53.2832,21.4781,19.1432,18.172,7.3123,0.7661,0.2371,0.6616,0.5533,48678.6145,987.5769,0.7732,0.8988,1.1964,15.8316,0.0209,6.386,0.1886,0.1768,0.1229,0.2406,2,Anthracnose
spinach_5_0147.jpg,101.5024,101.0169,66.943,23.7347,24.5831,16.1895,5.0592,0.6767,0.4897,0.7625,0.7139,49371.1267,952.2849,0.7576,0.8817,1.1226,10.8834,0.0239,5.1046,0.2727,0.2022,0.0743,0.1992,5,Spinach Blight (Cucumber Mosaic Virus)
spinach_3_0037.jpg,122.6642,149.4167,74.271,19.3061,18.5967,21.8992,5.4007,0.686,0.5199,0.7176,0.6804,54147.2458,791.8076,0.7483,0.9063,1.1228,7.1841,0.0078,1.4903,0.1975,0.1314,0.0726,0.3017,3,White Rust
spinach_3_0070.jpg,131.6498,140.8529,63.6362,29.5103,22.0949,16.1198,5.3977,0.789,0.5368,0.8382,0.5391,49139.5653,905.1744,0.8018,0.9321,1.1341,7.637,0.025,2.7863,0.294,0.1505,0.0418,0.2948,3,White Rust
spinach_5_0110.jpg,122.087,127.258,62.5041,28.3156,24.3348,23.4532,4.7477,0.6468,0.2266,0.7021,0.7565,48739.4949,860.3838,0.8267,0.8749,1.092,15.5613,0.0265,7.1607,0.2732,0.1765,0.0722,0.3125,5,Spinach Blight (Cucumber Mosaic Virus)
spinach_3_0136.jpg,134.1424,152.1782,68.1821,26.1277,21.0841,21.925,5.4634,0.8761,0.3089,0.7636,0.5839,51368.5802,811.0827,0.702,0.9402,1.0494,0.9804,0.0239,4.8262,0.1642,0.0834,0.0672,0.3772,3,White Rust
spinach_2_0080.jpg,107.4281,149.4986,53.4841,25.4834,21.8685,22.1562,4.0768,0.7036,0.2276,0.7113,0.5549,48093.533,940.454,0.9382,0.873,1.068,11.105,0.02,4.813,0.2712,0.1405,0.1662,0.3833,2,Anthracnose
spinach_1_0095.jpg,115.6199,118.1247,70.9261,37.4876,15.1909,19.6154,7.6501,0.6242,0.4753,0.8455,0.6178,53751.3154,1076.0902,0.9069,0.9085,1.0574,6.3201,0.0278,2.3308,0.1774,0.1341,0.0674,0.3324,1,Downy Mildew
spinach_4_0041.jpg,99.9697,109.4846,66.4291,31.4875,31.6883,24.9455,7.847,0.5756,0.2445,0.7582,0.9167,45306.4852,779.5921,0.7691,0.8985,1.0555,19.9981,0.0336,7.2937,0.3907,0.169,0.171,0.5057,4,Cladosporium Leaf Spot
spinach_4_0127.jpg,128.553,134.4399,53.3315,36.12,24.0367,25.2161,9.3154,0.5632,0.403,0.6246,0.7019,54033.2549,806.4027,0.7368,0.916,1.0787,12.1835,0.0408,6.7681,0.1998,0.0897,0.1526,0.3212,4,Cladosporium Leaf Spot
spinach_3_0133.jpg,128.2541,129.5943,70.6477,18.1961,18.8816,25.7259,7.0134,0.805,0.3057,0.6954,0.4821,50641.5048,779.9589,0.7652,0.9642,1.1421,8.8753,0.0089,1.0498,0.1086,0.0528,0.0719,0.3107,3,White Rust
spinach_1_0124.jpg,128.8711,132.3012,74.4006,21.1568,22.5569,26.777,2.326,0.7848,0.4726,0.8978,0.4517,59048.1553,844.0529,0.7632,0.8794,1.013,11.6141,0.0111,6.1325,0.1569,0.0815,0.0668,0.3369,1,Downy Mildew
spinach_3_0038.jpg,117.8108,138.0239,87.308,30.8728,20.558,17.9065,0.01,0.8555,0.5229,0.7419,0.4068,45723.6628,949.4398,0.7746,0.9373,1.1169,11.867,0.02,5.4918,0.0655,0.0706,0.0609,0.3664,3,White Rust
spinach_4_0023.jpg,118.3761,120.8853,56.758,36.6986,26.4933,26.2313,8.5321,0.6005,0.2695,0.6301,0.9474,56062.2393,992.0389,0.7428,0.8541,1.1577,21.6191,0.0351,6.833,0.1968,0.2247,0.1597,0.3357,4,Cladosporium Leaf Spot
spinach_4_0011.jpg,101.0402,124.3473,63.1305,27.5561,22.2325,23.9904,9.31,0.6633,0.2695,0.6696,0.8487,44636.6715,896.3155,0.8704,0.8581,1.1624,24.4767,0.0322,6.8826,0.3217,0.1826,0.0712,0.3821,4,Cladosporium Leaf Spot
spinach_3_0053.jpg,110.8998,130.4857,63.3038,31.0237,18.9588,21.8096,5.1327,0.8423,0.528,0.7777,0.3804,50341.2956,903.0044,0.7972,0.9016,1.2013,8.0545,0.0096,3.1752,0.2664,0.1466,0.0962,0.1967,3,White Rust
spinach_1_0103.jpg,117.3165,129.6886,56.8564,23.1543,29.0526,19.3209,3.639,0.7365,0.4394,0.6219,0.6059,55339.8997,945.1229,0.9238,0.9413,1.2159,21.2003,0.0261,5.0935,0.2387,0.1076,0.0827,0.2582,1,Downy Mildew
spinach_0_0113.jpg,96.8417,128.3985,82.1304,26.8617,12.0445,18.872,1.8522,0.9272,0.6168,0.9496,0.4283,59050.81,950.9413,0.8075,0.9092,1.2927,3.8793,0.0117,0.0,0.0589,0.1295,0.0472,0.0469,0,No Disease
spinach_0_0168.jpg,104.1207,142.2564,86.8037,20.43,5.3291,14.6241,6.6572,0.9693,0.5151,0.9214,0.3458,45230.9624,885.1631,0.7755,0.8832,1.0281,2.0413,0.0027,1.9107,0.0393,0.1086,0.0104,0.3314,0,No Disease
spinach_0_0164.jpg,117.9935,135.8977,66.9455,19.1102,20.7889,14.0903,1.1556,0.8841,0.4783,0.9078,0.2413,49779.3927,995.9385,0.7882,0.9448,1.1148,6.679,0.0134,2.0031,0.1464,0.11,0.029,0.0925,0,No Disease
spinach_5_0081.jpg,108.1236,109.0155,64.5164,27.3752,32.5634,21.5515,5.6124,0.6743,0.3727,0.6544,0.6028,50088.3481,910.4381,0.8822,0.906,1.052,7.9558,0.0264,5.1887,0.2058,0.1605,0.103,0.3616,5,Spinach Blight (Cucumber Mosaic Virus)
spinach_3_0143.jpg,121.5786,149.7814,49.6661,30.8494,17.4426,21.0581,3.6508,0.9294,0.47,0.7304,0.5199,51948.1854,922.7677,0.8063,0.92,0.9998,6.6389,0.0219,2.7942,0.2036,0.1213,0.0646,0.3755,3,White Rust
spinach_3_0008.jpg,135.4841,149.2239,78.0431,27.2922,33.8007,17.5389,8.4109,0.8315,0.5672,0.7576,0.6344,58634.8708,796.2641,0.7702,0.8665,1.0957,4.736,0.0153,9.2626,0.2559,0.0624,0.0839,0.3439,3,White Rust
spinach_0_0166.jpg,103.2877,120.7444,63.5565,24.196,16.7505,13.7236,0.7271,0.8823,0.6041,0.9488,0.1575,47841.1941,935.9096,0.7641,0.9401,1.1414,0.7805,0.0018,0.7581,0.1574,0.0507,0.0384,0.2147,0,No Disease
spinach_2_0100.jpg,105.4655,118.052,45.6006,27.1509,32.047,20.1349,8.3847,0.4935,0.3352,0.688,0.8643,44154.6856,947.0993,0.8634,0.882,1.0501,14.5665,0.0151,5.2808,0.2938,0.1809,0.1061,0.359,2,Anthracnose
spinach_0_0128.jpg,107.2429,124.9975,66.8444,16.6188,21.4928,18.2029,2.4706,0.792,0.5551,0.8278,0.507,57890.9243,1025.6386,0.7247,0.8615,0.9786,7.6865,0.0028,0.0,0.1821,0.1306,0.0406,0.1765,0,No Disease
spinach_2_0117.jpg,91.6261,116.8118,64.7666,28.8186,32.871,27.5316,5.9101,0.8076,0.3836,0.7035,0.6999,50346.5788,616.9867,0.7889,0.8659,1.2101,20.3443,0.0338,5.6708,0.1796,0.1337,0.1586,0.2946,2,Anthracnose
spinach_2_0147.jpg,118.157,117.6103,61.3948,39.6805,22.8759,11.5007,5.2091,0.7189,0.3822,0.6149,0.548,48226.9549,755.3905,0.8312,0.8897,1.0298,10.9669,0.0291,6.1767,0.2401,0.1672,0.1082,0.2673,2,Anthracnose
spinach_5_0122.jpg,115.127,101.5503,81.1139,25.1268,30.5014,22.0264,6.3134,0.6058,0.4726,0.6398,0.5057,55298.5151,1048.9606,0.77,0.9251,1.1537,11.6339,0.0347,5.1055,0.2359,0.0998,0.0597,0.4335,5,Spinach Blight (Cucumber Mosaic Virus)
spinach_1_0105.jpg,129.5268,147.2853,51.3986,34.0558,18.1428,16.4351,5.1017,0.7145,0.3053,0.8055,0.6779,56270.208,856.6545,0.7876,0.9092,1.235,0.0,0.0123,4.81,0.1357,0.1197,0.0768,0.2574,1,Downy Mildew
spinach_0_0037.jpg,117.1419,109.5988,75.1675,27.8072,11.3611,13.4808,0.7201,0.8285,0.5539,0.9799,0.6037,50320.3039,1110.506,0.7721,0.9738,1.1125,2.5242,0.0089,6.9219,0.1426,0.0517,0.0642,0.1711,0,No Disease
spinach_2_0173.jpg,119.0955,117.6006,58.7423,32.6813,24.0179,28.4555,6.997,0.6115,0.3616,0.7862,0.6475,54747.789,817.4654,0.7541,0.9165,1.0101,17.2902,0.0298,4.5275,0.2264,0.138,0.1187,0.501,2,Anthracnose
spinach_5_0092.jpg,93.4487,122.3874,54.9677,29.638,24.7874,22.1851,4.7186,0.745,0.5269,0.662,0.669,53779.3656,840.3259,0.8916,0.8893,1.0807,8.0274,0.025,5.4054,0.2418,0.1246,0.073,0.377,5,Spinach Blight (Cucumber Mosaic Virus)
spinach_1_0178.jpg,116.4832,136.5098,54.9604,20.5542,26.0418,16.6013,3.63,0.8069,0.472,0.6722,0.5481,46481.3422,1077.6319,0.8444,0.8995,1.1461,4.5753,0.0146,4.9888,0.2126,0.1261,0.0862,0.3163,1,Downy Mildew
spinach_1_0039.jpg,121.5157,125.3884,55.5285,24.4478,18.0471,24.5336,4.1795,0.8275,0.3979,0.687,0.5674,37879.1661,887.9231,0.7798,0.9306,0.9491,14.6475,0.0266,7.0537,0.1874,0.1706,0.0432,0.367,1,Downy Mildew
spinach_1_0020.jpg,93.6166,124.7517,69.0876,25.2345,28.0059,21.5949,7.6897,0.7164,0.4674,0.7954,0.7602,42466.8135,854.1592,0.8409,0.9486,1.1192,8.8292,0.0261,6.3637,0.172,0.1432,0.1095,0.4612,1,Downy Mildew
spinach_3_0099.jpg,123.2834,117.534,70.0731,25.7052,19.7555,15.9184,2.9914,0.8569,0.4798,0.8135,0.5745,53138.4435,858.1605,0.7677,0.9491,1.2232,3.1116,0.0153,5.5107,0.2641,0.1913,0.0501,0.382,3,White Rust
spinach_4_0122.jpg,116.3841,124.6219,49.6418,35.3034,24.8481,27.4349,9.7894,0.5984,0.2629,0.7681,0.8473,51259.8817,1036.8428,0.795,0.8745,0.9899,17.5688,0.0402,10.0016,0.2712,0.2385,0.1246,0.3275,4,Cladosporium Leaf Spot
spinach_0_0097.jpg,111.1084,134.2238,78.3231,24.8979,23.4584,22.1133,0.5271,0.9011,0.5809,0.8731,0.3551,44572.19,929.2679,0.7239,0.9321,1.0565,0.0,0.0079,1.4717,0.129,0.1674,0.0469,0.2388,0,No Disease
spinach_5_0062.jpg,83.6941,131.1287,57.458,29.4194,20.7379,16.652,6.0516,0.6625,0.3065,0.7275,0.5018,50127.369,857.2673,0.6612,0.8869,1.1275,7.7458,0.0281,6.1788,0.1591,0.1495,0.1106,0.2699,5,Spinach Blight (Cucumber Mosaic Virus)
spinach_4_0048.jpg,119.7992,105.1339,61.4908,31.7187,23.8789,24.114,8.9408,0.6297,0.227,0.6409,0.7132,51467.5676,898.5533,0.7653,0.8787,1.0754,21.8519,0.0362,10.0615,0.3267,0.2499,0.1642,0.515,4,Cladosporium Leaf Spot
spinach_0_0046.jpg,104.9861,149.8475,67.5378,24.0284,20.387,11.1808,3.6556,0.9559,0.5882,0.8266,0.3341,49311.6871,974.2594,0.7127,0.9409,1.0207,1.1837,0.0069,5.6012,0.0311,0.1389,0.0437,0.2329,0,No Disease
spinach_1_0037.jpg,114.6744,133.7355,61.5752,19.9325,28.9453,10.0448,4.7412,0.6904,0.4419,0.7993,0.7227,47437.9756,958.6582,0.8017,0.8672,1.252,4.2449,0.0234,5.5019,0.2038,0.1102,0.1007,0.1852,1,Downy Mildew
spinach_0_0134.jpg,101.8421,151.963,73.5939,32.359,17.8525,13.8397,2.007,0.9205,0.6148,1.0,0.3355,56295.2303,940.7751,0.6757,0.9493,1.2214,0.0,0.0059,0.0,0.0371,0.1219,0.0283,0.1113,0,No Disease
spinach_5_0071.jpg,97.464,94.3754,52.8113,32.1055,19.0243,17.7003,6.2271,0.677,0.4709,0.7342,0.5702,54358.165,942.8791,0.7253,0.9063,1.0328,9.0342,0.039,5.6237,0.1991,0.1534,0.1119,0.2839,5,Spinach Blight (Cucumber Mosaic Virus)
spinach_3_0115.jpg,108.2659,136.3157,70.1889,30.472,19.1562,20.7736,5.0705,0.7595,0.4542,0.7202,0.578,52475.2499,860.9988,0.8199,0.9457,1.1642,3.8302,0.0178,2.3594,0.1748,0.0837,0.1019,0.3427,3,White Rust
spinach_3_0046.jpg,122.1168,129.9855,71.6206,25.4565,16.8899,25.884,6.6532,0.8969,0.479,0.7775,0.6204,48612.6249,918.006,0.7695,0.8835,1.1202,6.2361,0.0151,4.6548,0.2336,0.086,0.0616,0.2188,3,White Rust
spinach_1_0078.jpg,120.0336,136.3179,61.7716,29.6401,25.5698,21.2331,5.7342,0.7762,0.4065,0.743,0.7807,64552.7338,779.5633,0.7144,0.8861,1.0917,13.5831,0.0247,5.1097,0.2164,0.1023,0.0739,0.3084,1,Downy Mildew
spinach_5_0047.jpg,112.2845,109.6778,62.7152,27.6733,26.5858,26.3443,7.9712,0.7109,0.4874,0.7539,0.7359,44358.1526,1043.8553,0.8232,0.8313,1.2228,12.0202,0.0208,4.3098,0.232,0.1145,0.0756,0.2958,5,Spinach Blight (Cucumber Mosaic Virus)
spinach_2_0121.jpg,100.4111,119.4339,65.6625,31.191,24.2908,22.4061,6.9923,0.6974,0.4688,0.719,0.5497,47188.3946,896.6021,0.8674,0.9324,1.222,14.5225,0.0331,3.482,0.2515,0.117,0.1084,0.5924,2,Anthracnose
spinach_0_0144.jpg,94.715,136.6114,74.2188,17.5263,19.7698,12.668,3.0546,0.9354,0.5751,0.8491,0.4352,54751.2687,1126.1799,0.8264,0.9544,1.3671,4.0638,0.0099,2.4672,0.0496,0.0622,0.0273,0.2518,0,No Disease
spinach_2_0068.jpg,97.7865,106.7032,58.7114,29.411,42.3236,17.6168,6.7873,0.5661,0.349,0.6757,0.7745,47751.6673,860.868,0.7742,0.865,1.0278,12.4723,0.0276,7.1061,0.2183,0.1499,0.067,0.3932,2,Anthracnose
spinach_0_0004.jpg,103.087,124.9675,62.9337,15.4027,19.4858,15.5697,3.1738,0.8658,0.5927,0.9238,0.3891,54283.8762,853.8074,0.7482,0.9205,1.0243,3.9479,0.0022,1.2225,0.124,0.0979,0.0566,0.1921,0,No Disease
spinach_1_0100.jpg,116.5752,150.798,62.2372,26.8201,27.2045,10.3096,5.8484,0.7361,0.5489,0.8275,0.4966,57210.6931,873.7685,0.7357,0.9149,1.0838,16.1539,0.0227,5.1702,0.235,0.1737,0.0996,0.4236,1,Downy Mildew
spinach_3_0001.jpg,102.6985,140.8194,67.7469,21.6754,22.9003,20.6805,2.9989,0.7965,0.5558,0.764,0.4632,50612.0997,990.4613,0.7064,0.9345,1.0558,8.9683,0.0125,2.9794,0.2462,0.0636,0.0821,0.4185,3,White Rust
spinach_0_0118.jpg,94.6797,138.3035,69.0743,26.9957,21.7717,16.9811,2.2476,0.9315,0.511,0.94,0.3088,56176.885,1038.6143,0.7827,0.9256,1.152,0.0,0.0084,0.996,0.0975,0.1083,0.0381,0.1088,0,No Disease
spinach_2_0030.jpg,107.3195,111.4107,67.2187,36.4915,31.7711,17.5978,8.4665,0.7207,0.2463,0.5553,0.7938,49099.5035,751.4818,0.7875,0.9091,1.0734,7.7921,0.0421,7.9076,0.2132,0.1482,0.119,0.2596,2,Anthracnose
spinach_2_0057.jpg,117.3551,113.2793,65.3801,20.1655,25.7877,21.098,8.6249,0.7338,0.4314,0.8079,0.6532,56675.4042,775.5794,0.7351,0.9188,0.9596,16.2911,0.0278,8.0293,0.227,0.1622,0.1227,0.297,2,Anthracnose
spinach_5_0159.jpg,107.7386,107.6728,61.0817,34.6325,24.3921,22.4434,6.0624,0.7506,0.4834,0.7885,0.6033,55545.2348,778.3649,0.7655,0.8968,1.1737,7.3194,0.0311,5.3015,0.1883,0.1939,0.0699,0.5229,5,Spinach Blight (Cucumber Mosaic Virus)
spinach_5_0111.jpg,120.3149,115.4559,66.4477,24.7002,25.5427,24.8655,6.4252,0.6684,0.377,0.8134,0.7168,52170.2011,914.0882,0.739,0.9068,1.1754,10.9563,0.0318,6.3814,0.2514,0.152,0.1122,0.2228,5,Spinach Blight (Cucumber Mosaic Virus)
spinach_1_0130.jpg,121.4482,136.4059,67.4902,22.0901,28.9513,25.6671,5.8163,0.6205,0.4208,0.7736,0.4955,49199.3097,759.0631,0.8264,0.9141,0.9683,11.4059,0.0195,5.7295,0.1704,0.0979,0.0607,0.2669,1,Downy Mildew
spinach_0_0166.jpg,103.2877,120.7444,63.5565,24.196,16.7505,13.7236,0.7271,0.8823,0.6041,0.9488,0.1575,47841.1941,935.9096,0.7641,0.9401,1.1414,0.7805,0.0018,0.7581,0.1574,0.0507,0.0384,0.2147,0,No Disease
spinach_3_0139.jpg,122.9071,147.6267,70.5233,27.5456,21.3504,18.6574,6.1449,0.7249,0.5268,0.8665,0.4659,48027.7725,850.4304,0.692,0.9083,1.2141,3.8177,0.0276,3.2198,0.2757,0.0927,0.0664,0.2072,3,White Rust
spinach_0_0061.jpg,117.2603,107.4624,69.4605,19.1767,8.2395,15.3767,4.1229,0.8131,0.6069,0.8159,0.3528,59386.9682,865.7442,0.7977,0.8832,1.269,4.4106,0.0045,2.236,0.0295,0.1273,0.0319,0.1837,0,No Disease
spinach_0_0095.jpg,118.0116,145.9676,76.8399,26.2361,31.0632,8.1631,0.7448,0.8507,0.5119,0.8046,0.39,45916.9814,953.5042,0.7731,0.942,1.1606,4.412,0.003,5.0181,0.1117,0.0055,0.0149,0.0608,0,No Disease
spinach_0_0037.jpg,117.1419,109.5988,75.1675,27.8072,11.3611,13.4808,0.7201,0.8285,0.5539,0.9799,0.6037,50320.3039,1110.506,0.7721,0.9738,1.1125,2.5242,0.0089,6.9219,0.1426,0.0517,0.0642,0.1711,0,No Disease
spinach_0_0120.jpg,102.6485,166.0407,83.1366,15.7353,20.2379,11.6739,0.01,0.9816,0.6728,0.9532,0.373,51166.1213,994.9766,0.7935,0.9202,0.9905,2.4555,0.0146,0.0,0.1319,0.0933,0.0588,0.2698,0,No Disease
spinach_1_0165.jpg,116.3785,111.3941,54.2152,24.6102,20.6384,21.4713,6.4919,0.9216,0.4284,0.8381,0.527,42625.2684,864.7698,0.6941,0.9104,1.0376,2.1829,0.0339,3.8324,0.1081,0.1659,0.0618,0.3972,1,Downy Mildew
spinach_2_0100.jpg,105.4655,118.052,45.6006,27.1509,32.047,20.1349,8.3847,0.4935,0.3352,0.688,0.8643,44154.6856,947.0993,0.8634,0.882,1.0501,14.5665,0.0151,5.2808,0.2938,0.1809,0.1061,0.359,2,Anthracnose
spinach_4_0008.jpg,120.3007,112.9146,57.8963,25.3215,36.4351,26.8006,6.6426,0.6517,0.4327,0.7295,0.6672,34830.8059,929.5386,0.7368,0.9056,1.146,22.4545,0.048,9.7254,0.3575,0.2452,0.1667,0.3867,4,Cladosporium Leaf Spot
spinach_1_0082.jpg,124.0673,97.156,67.3619,21.9826,16.8914,20.2461,6.1987,0.6087,0.4864,0.8134,0.6147,46661.8818,802.0622,0.8516,0.8722,1.1852,9.3392,0.0192,1.7254,0.1827,0.1545,0.0466,0.3499,1,Downy Mildew
spinach_0_0037.jpg,117.1419,109.5988,75.1675,27.8072,11.3611,13.4808,0.7201,0.8285,0.5539,0.9799,0.6037,50320.3039,1110.506,0.7721,0.9738,1.1125,2.5242,0.0089,6.9219,0.1426,0.0517,0.0642,0.1711,0,No Disease
spinach_3_0009.jpg,120.621,137.9614,69.2079,18.2669,16.8434,20.6892,4.969,0.7133,0.3964,0.7737,0.6386,51117.5711,1067.2731,0.7383,0.9248,1.0817,10.3518,0.0107,7.4693,0.0855,0.1886,0.0722,0.3242,3,White Rust
spinach_1_0031.jpg,104.8434,108.5796,54.3,22.942,15.9276,18.0634,2.075,0.6586,0.526,0.7883,0.6287,45986.1072,746.3915,0.7217,0.9089,1.1695,13.6095,0.025,3.4724,0.1912,0.1171,0.075,0.473,1,Downy Mildew
spinach_3_0009.jpg,120.621,137.9614,69.2079,18.2669,16.8434,20.6892,4.969,0.7133,0.3964,0.7737,0.6386,51117.5711,1067.2731,0.7383,0.9248,1.0817,10.3518,0.0107,7.4693,0.0855,0.1886,0.0722,0.3242,3,White Rust
spinach_2_0061.jpg,110.6065,117.4492,55.8026,27.3874,24.2645,24.0847,5.6832,0.7563,0.4323,0.777,0.5771,41502.6173,879.5814,0.9739,0.9317,1.0356,15.698,0.0328,3.6369,0.2985,0.1533,0.1077,0.3519,2,Anthracnose
spinach_2_0146.jpg,112.0552,128.0218,60.3637,27.8435,27.3338,23.3255,6.8441,0.5745,0.4794,0.7747,0.5856,48496.3718,857.4914,0.7306,0.8533,1.0264,12.5744,0.0155,6.4186,0.2881,0.1937,0.1068,0.2028,2,Anthracnose
spinach_5_0117.jpg,102.6768,91.773,68.1038,34.4348,24.9085,22.2392,7.3714,0.7451,0.2665,0.6666,0.6104,45195.8647,1016.6968,0.8481,0.8723,1.0729,16.5216,0.0188,6.9329,0.2792,0.1986,0.0945,0.4401,5,Spinach Blight (Cucumber Mosaic Virus)
spinach_0_0165.jpg,109.2036,145.007,80.7238,15.3184,12.4678,16.8396,1.879,0.7491,0.61,0.7503,0.3255,58758.4069,1102.4879,0.6971,0.9218,1.1234,9.1249,0.0021,0.3416,0.1774,0.065,0.0581,0.0818,0,No Disease
spinach_3_0008.jpg,135.4841,149.2239,78.0431,27.2922,33.8007,17.5389,8.4109,0.8315,0.5672,0.7576,0.6344,58634.8708,796.2641,0.7702,0.8665,1.0957,4.736,0.0153,9.2626,0.2559,0.0624,0.0839,0.3439,3,White Rust
spinach_3_0093.jpg,132.4731,143.8148,82.3624,20.1642,24.7898,17.2757,5.6713,0.7528,0.4984,0.6813,0.6293,52530.2976,920.2193,0.897,0.9104,1.1374,8.4011,0.0186,7.9992,0.1732,0.0973,0.1168,0.2554,3,White Rust
spinach_5_0075.jpg,96.7078,120.2644,61.1625,32.7924,28.9723,20.499,9.5105,0.6504,0.2873,0.7899,0.4351,56959.0841,880.1754,0.7244,0.8763,0.9593,13.5315,0.0134,6.3038,0.1948,0.131,0.1027,0.3899,5,Spinach Blight (Cucumber Mosaic Virus)
spinach_1_0070.jpg,112.5655,142.6212,52.3163,16.2122,24.1616,26.483,5.572,0.7131,0.2813,0.7917,0.6761,42091.3375,1013.4532,0.8359,0.9383,1.1467,12.6147,0.0242,6.3633,0.0991,0.07,0.0616,0.2996,1,Downy Mildew
spinach_3_0012.jpg,128.6425,130.9193,62.3786,30.1278,13.6208,15.4285,4.3796,0.8781,0.43,0.8091,0.5528,57981.2921,746.5277,0.8242,0.915,1.184,4.7229,0.0172,3.8155,0.1199,0.0688,0.0555,0.2904,3,White Rust
spinach_0_0135.jpg,107.2946,133.2535,68.2334,23.6966,11.1913,11.3785,2.2619,0.9776,0.6791,0.8334,0.5137,48079.2885,1102.6209,0.702,0.9632,1.0675,10.053,0.0107,0.0,0.0739,0.1112,0.0663,0.1943,0,No Disease
spinach_0_0083.jpg,94.3644,141.196,59.5104,22.7143,22.1226,11.8673,0.0672,0.7275,0.5587,0.8393,0.2649,54265.0938,875.003,0.7055,0.9161,1.2057,4.4117,0.005,2.3144,0.042,0.0813,0.0437,0.1624,0,No Disease
spinach_1_0170.jpg,127.1527,132.3635,64.0557,29.6343,25.5188,23.1654,5.8468,0.8074,0.2998,0.7508,0.4716,52383.5101,1064.193,0.7616,0.9132,1.1605,1.7291,0.0158,5.4561,0.0452,0.0909,0.1075,0.3902,1,Downy Mildew
spinach_1_0059.jpg,120.6919,118.3269,55.947,30.177,28.4335,17.0574,6.64,0.6974,0.4313,0.8592,0.6907,54979.3599,1090.879,0.7478,0.8854,1.0422,8.982,0.0012,4.4266,0.1628,0.1614,0.0888,0.2619,1,Downy Mildew
spinach_3_0176.jpg,119.3913,141.063,72.2981,28.9852,21.9927,21.5342,4.5136,0.6306,0.4427,0.7537,0.4461,48663.0291,918.5091,0.712,0.9022,1.2338,1.5892,0.0155,1.9006,0.1324,0.1121,0.0453,0.3259,3,White Rust
spinach_1_0026.jpg,134.3643,139.5544,60.1359,28.4369,24.774,10.0175,3.959,0.7359,0.4015,0.7773,0.7229,49392.3211,794.2345,0.8095,0.9018,1.0875,8.8329,0.0379,0.7667,0.1706,0.1299,0.0605,0.382,1,Downy Mildew
spinach_4_0138.jpg,122.5821,99.8367,58.6667,37.5214,26.3498,21.3851,9.5606,0.61,0.3076,0.7492,0.6433,48201.9637,976.6447,0.7161,0.9344,1.0527,21.4981,0.041,7.2259,0.246,0.1883,0.1478,0.3111,4,Cladosporium Leaf Spot
spinach_0_0067.jpg,101.8483,117.7202,61.8559,6.2516,15.8294,14.2465,1.2784,0.9863,0.6759,0.8681,0.2065,55086.4079,975.536,0.7886,0.9545,1.0268,10.035,0.0,2.5486,0.0156,0.0428,0.0779,0.1791,0,No Disease
spinach_2_0062.jpg,122.4454,107.693,44.3442,31.6148,16.7817,21.7956,9.0177,0.7263,0.4634,0.7434,0.931,47058.8019,919.8132,0.7737,0.9239,1.0751,20.8754,0.0228,8.6328,0.2597,0.1587,0.1236,0.3709,2,Anthracnose
spinach_3_0169.jpg,109.452,128.4024,73.874,26.1654,21.6541,15.8409,4.1643,0.829,0.5004,0.7466,0.2889,48125.7618,856.7305,0.7256,0.9097,1.1753,7.8508,0.0249,1.2849,0.1547,0.0424,0.0593,0.1963,3,White Rust
spinach_4_0036.jpg,121.4854,98.4941,54.0659,34.8468,22.6258,26.4923,5.8358,0.6313,0.4688,0.7142,0.5749,54741.857,1072.2238,0.9578,0.9019,0.9608,19.7387,0.0468,7.1632,0.3222,0.1564,0.1393,0.1908,4,Cladosporium Leaf Spot
spinach_0_0138.jpg,95.91,143.6035,70.9278,16.9588,13.1176,25.6871,1.5521,0.7834,0.5241,0.8764,0.4747,54773.9826,987.6615,0.7313,0.9385,1.0499,0.0,0.0,0.0,0.1532,0.1075,0.0644,0.2031,0,No Disease
spinach_0_0015.jpg,116.7125,147.2596,86.5652,23.6539,9.1398,14.7322,0.01,0.8585,0.7009,0.9246,0.3501,46931.4132,923.2782,0.697,0.9132,1.145,6.6212,0.0109,0.0,0.1152,0.0829,0.0503,0.3293,0,No Disease
spinach_5_0119.jpg,110.3195,97.0979,74.5037,29.349,25.8386,23.1892,5.0384,0.721,0.3046,0.8244,0.5473,51694.4032,766.525,0.778,0.8907,1.3285,11.9422,0.0174,4.5998,0.1348,0.1435,0.1363,0.3669,5,Spinach Blight (Cucumber Mosaic Virus)
spinach_0_0038.jpg,100.1025,148.9946,72.2487,21.3929,17.0699,16.3463,2.7224,0.745,0.6333,0.8113,0.2758,51707.9438,928.3981,0.7284,0.9508,1.0126,0.3722,0.0013,1.1161,0.1139,0.0397,0.0581,0.205,0,No Disease
spinach_1_0134.jpg,126.3295,139.3141,68.9116,29.6876,24.3679,18.9025,4.1146,0.8432,0.4912,0.7115,0.614,49499.4245,787.1789,0.8007,0.8996,1.0238,4.0835,0.0075,4.1314,0.1857,0.095,0.0963,0.3048,1,Downy Mildew
spinach_0_0105.jpg,88.4011,142.3968,64.9003,14.2008,14.7904,14.2668,0.9048,0.9471,0.5443,0.9486,0.4481,48512.214,833.406,0.6712,0.9373,1.0916,0.0,0.0017,0.0,0.1788,0.0119,0.004,0.2888,0,No Disease
spinach_0_0155.jpg,103.4597,143.45,69.8688,16.7547,25.0274,19.1958,0.7065,0.9455,0.5206,0.7971,0.5234,43479.5019,1012.6856,0.7548,0.9247,1.1528,4.3248,0.0,2.4919,0.1057,0.0298,0.0358,0.3105,0,No Disease
spinach_1_0062.jpg,105.9598,129.2832,76.3622,35.5716,28.9366,22.35,3.7913,0.7975,0.4174,0.7992,0.5467,50135.3344,916.4147,0.8048,0.9223,1.0537,4.6269,0.033,9.2807,0.2124,0.077,0.0607,0.3507,1,Downy Mildew
spinach_2_0144.jpg,118.588,115.5395,61.6001,25.0654,39.7693,21.8646,7.3461,0.7253,0.3471,0.7005,0.6896,45429.8095,923.8589,0.701,0.9438,1.1434,16.5565,0.0131,4.6734,0.2995,0.326,0.1399,0.433,2,Anthracnose
spinach_3_0033.jpg,135.0076,130.6378,67.6785,31.2419,18.4737,22.2902,4.4274,0.7865,0.4668,0.7248,0.5239,52224.6613,894.7276,0.8744,0.9452,1.1332,4.9474,0.0104,7.5529,0.1195,0.1246,0.079,0.2551,3,White Rust
spinach_5_0065.jpg,103.1723,107.2326,81.5959,29.8985,36.6404,20.3195,8.9969,0.7194,0.4669,0.6446,0.6848,44154.3978,895.7096,0.7189,0.8976,1.1776,14.1902,0.0141,1.9829,0.2348,0.2132,0.0659,0.5078,5,Spinach Blight (Cucumber Mosaic Virus)
spinach_4_0122.jpg,116.3841,124.6219,49.6418,35.3034,24.8481,27.4349,9.7894,0.5984,0.2629,0.7681,0.8473,51259.8817,1036.8428,0.795,0.8745,0.9899,17.5688,0.0402,10.0016,0.2712,0.2385,0.1246,0.3275,4,Cladosporium Leaf Spot
spinach_0_0124.jpg,129.9393,128.9325,79.8454,24.8525,12.0215,16.9731,1.8172,0.9443,0.5985,0.9637,0.4275,51160.6297,1029.6064,0.8048,0.9483,1.0668,0.0,0.0015,0.0825,0.1393,0.119,0.0361,0.3145,0,No Disease
spinach_0_0034.jpg,109.4255,152.7463,77.083,23.7001,20.1845,16.3632,0.01,0.9067,0.5355,0.7904,0.5882,60644.9767,1055.9221,0.7853,0.9638,1.121,2.8112,0.0,1.9146,0.103,0.0279,0.0387,0.1936,0,No Disease
spinach_4_0099.jpg,112.5268,114.6976,75.5067,32.1469,25.6215,19.0389,11.3715,0.5858,0.5049,0.6879,0.7743,51349.2191,1111.5951,0.6585,0.8954,1.0488,17.1476,0.0352,7.0207,0.2794,0.1891,0.0972,0.4205,4,Cladosporium Leaf Spot
spinach_3_0148.jpg,105.4324,139.1993,79.3303,19.8536,27.1085,19.7624,1.7988,0.6984,0.3835,0.7578,0.592,60744.6142,761.8854,0.7509,0.8976,1.0086,8.3818,0.017,0.7352,0.1709,0.0718,0.0703,0.3816,3,White Rust
spinach_5_0005.jpg,103.7554,105.5591,56.9509,21.0073,21.848,25.0368,5.674,0.6333,0.3321,0.7755,0.6419,46363.9779,839.1612,0.9424,0.9305,1.2075,4.9916,0.0228,4.2394,0.2372,0.1924,0.0982,0.2702,5,Spinach Blight (Cucumber Mosaic Virus)
spinach_4_0121.jpg,100.1656,123.3641,72.0315,34.9167,23.6629,29.3901,7.6739,0.4626,0.4214,0.5938,0.9381,56238.867,867.2201,0.8176,0.9506,1.15,18.9528,0.0571,7.7116,0.2991,0.1526,0.0881,0.367,4,Cladosporium Leaf Spot
spinach_4_0144.jpg,129.9168,121.3161,60.6363,34.0863,26.0153,22.4195,8.0336,0.5564,0.3217,0.7958,0.8643,52040.1897,1045.1677,0.7405,0.9523,1.0332,26.0152,0.05,4.3442,0.3434,0.1786,0.1158,0.432,4,Cladosporium Leaf Spot
spinach_3_0046.jpg,122.1168,129.9855,71.6206,25.4565,16.8899,25.884,6.6532,0.8969,0.479,0.7775,0.6204,48612.6249,918.006,0.7695,0.8835,1.1202,6.2361,0.0151,4.6548,0.2336,0.086,0.0616,0.2188,3,White Rust
spinach_5_0134.jpg,92.0871,107.6993,61.2429,25.9582,27.3825,30.9049,8.664,0.8654,0.3546,0.8472,0.6727,54431.8175,915.7704,0.7894,0.918,1.1288,4.9273,0.023,6.9703,0.2239,0.1688,0.0712,0.3605,5,Spinach Blight (Cucumber Mosaic Virus)
spinach_5_0150.jpg,98.6502,113.7688,55.8803,30.7534,27.0301,33.044,6.621,0.8179,0.2801,0.8014,0.6726,50848.6934,898.3569,0.9124,0.9064,1.0273,9.5362,0.0305,6.2054,0.1335,0.1706,0.0629,0.3751,5,Spinach Blight (Cucumber Mosaic Virus)
spinach_4_0119.jpg,122.4612,121.3248,65.0027,34.4108,39.5178,26.0135,7.0422,0.6459,0.1305,0.6577,0.8693,53510.9206,919.8556,0.829,0.9176,1.184,19.7898,0.0315,3.3357,0.3189,0.2106,0.1338,0.335,4,Cladosporium Leaf Spot
spinach_3_0094.jpg,107.9482,127.8507,57.0273,16.0002,20.1849,19.7191,6.8069,0.8204,0.5067,0.7175,0.6385,58456.1642,944.4571,0.8054,0.8884,1.1944,15.1233,0.0196,2.9302,0.1619,0.1032,0.061,0.3318,3,White Rust
spinach_3_0167.jpg,134.771,147.4843,68.6684,26.8816,27.5437,15.5552,9.047,0.729,0.4319,0.6952,0.4318,56370.1703,1132.0193,0.746,0.9287,1.1276,12.001,0.0347,6.7378,0.1581,0.1412,0.0857,0.2784,3,White Rust
spinach_5_0006.jpg,94.3899,118.8263,70.7606,29.7048,26.649,22.2005,6.8575,0.7673,0.4504,0.7317,0.6451,49063.5085,791.9669,0.7624,0.9136,1.033,15.2557,0.0236,6.8753,0.2418,0.1837,0.0781,0.3727,5,Spinach Blight (Cucumber Mosaic Virus)
spinach_4_0020.jpg,132.5173,118.2872,54.869,34.3519,32.7014,25.4418,9.9057,0.6139,0.3502,0.6862,0.7887,58566.3581,926.9556,0.7718,0.9032,1.1507,21.0969,0.0398,4.8035,0.1454,0.241,0.141,0.3883,4,Cladosporium Leaf Spot
spinach_0_0129.jpg,103.679,141.4988,84.8004,22.1123,20.6301,19.6771,0.0116,0.9604,0.5564,0.7039,0.2072,46909.4119,973.1223,0.7768,0.9346,1.2761,0.0,0.0058,1.748,0.0632,0.0811,0.0,0.3128,0,No Disease
spinach_5_0041.jpg,93.187,116.8207,76.6868,33.459,32.7353,19.1261,6.4621,0.6487,0.4192,0.7531,0.746,56067.4593,938.8977,0.7584,0.8662,1.1316,18.0021,0.0238,2.6507,0.3142,0.1696,0.0943,0.2466,5,Spinach Blight (Cucumber Mosaic Virus)
spinach_3_0026.jpg,134.8435,129.2931,65.3446,23.9861,24.7314,23.1697,5.0126,0.8401,0.4149,0.842,0.6516,54887.4817,918.417,0.8228,0.8976,1.1259,9.202,0.0064,4.8543,0.1076,0.1029,0.071,0.2215,3,White Rust
spinach_2_0176.jpg,127.942,102.5252,59.4772,28.0316,27.6974,27.8895,7.644,0.7776,0.3264,0.6424,0.6916,49806.7391,861.4141,0.7425,0.93,1.051,19.7043,0.0271,7.2672,0.2579,0.127,0.1192,0.5043,2,Anthracnose
spinach_2_0135.jpg,100.2237,117.0664,46.1886,28.8306,21.2648,22.6881,6.1482,0.5848,0.3273,0.6346,0.5586,55413.7291,843.9825,0.6679,0.8844,1.1532,10.9546,0.039,4.558,0.2552,0.2015,0.1213,0.24,2,Anthracnose
spinach_0_0013.jpg,97.3694,126.7635,81.5291,21.3137,19.4007,8.0217,3.5766,0.9364,0.4912,0.847,0.4464,52262.334,890.7829,0.7638,0.9237,1.1322,7.886,0.0,0.7737,0.1088,0.0918,0.0307,0.0595,0,No Disease
spinach_3_0139.jpg,122.9071,147.6267,70.5233,27.5456,21.3504,18.6574,6.1449,0.7249,0.5268,0.8665,0.4659,48027.7725,850.4304,0.692,0.9083,1.2141,3.8177,0.0276,3.2198,0.2757,0.0927,0.0664,0.2072,3,White Rust
spinach_0_0124.jpg,129.9393,128.9325,79.8454,24.8525,12.0215,16.9731,1.8172,0.9443,0.5985,0.9637,0.4275,51160.6297,1029.6064,0.8048,0.9483,1.0668,0.0,0.0015,0.0825,0.1393,0.119,0.0361,0.3145,0,No Disease
spinach_0_0040.jpg,96.3768,144.2676,59.7149,21.9485,17.5128,14.4102,4.7001,0.8502,0.7448,0.8642,0.2923,52349.5979,812.3755,0.7249,0.9399,1.1644,0.0,0.0139,3.2835,0.1718,0.1012,0.0741,0.0495,0,No Disease
spinach_0_0071.jpg,107.8822,136.2239,71.6594,20.393,13.6096,17.1285,6.9542,0.7578,0.6059,0.8268,0.4777,52232.7874,996.1855,0.8405,0.9348,1.2106,0.0,0.0187,1.8751,0.1539,0.0312,0.0192,0.2117,0,No Disease
spinach_2_0073.jpg,110.5429,124.6526,56.4089,22.724,29.8448,19.764,4.7488,0.5982,0.4027,0.6932,0.4767,48081.7203,996.9231,0.7729,0.8959,1.1634,17.182,0.0352,1.1094,0.3167,0.1855,0.1715,0.2874,2,Anthracnose
spinach_2_0079.jpg,99.7766,88.3798,71.839,37.6369,28.9641,23.5405,4.3623,0.6625,0.5234,0.7092,0.6335,41209.6467,1018.0306,0.7958,0.8561,1.0061,8.8898,0.0259,6.4732,0.2048,0.1911,0.112,0.435,2,Anthracnose
spinach_1_0059.jpg,120.6919,118.3269,55.947,30.177,28.4335,17.0574,6.64,0.6974,0.4313,0.8592,0.6907,54979.3599,1090.879,0.7478,0.8854,1.0422,8.982,0.0012,4.4266,0.1628,0.1614,0.0888,0.2619,1,Downy Mildew
spinach_4_0164.jpg,138.647,120.4413,49.7619,35.6902,24.0946,22.8033,7.131,0.59,0.3116,0.5681,0.6898,55599.7212,886.6443,0.7975,0.8342,1.1458,15.2579,0.043,7.7777,0.2419,0.1229,0.1844,0.4543,4,Cladosporium Leaf Spot
spinach_4_0104.jpg,120.8835,110.1676,63.2447,35.2397,34.8562,27.0412,8.7467,0.7057,0.3155,0.6888,0.6979,56051.4835,729.0289,0.839,0.8904,1.1472,14.8778,0.0347,7.6091,0.2917,0.1481,0.1459,0.2423,4,Cladosporium Leaf Spot
spinach_2_0144.jpg,118.588,115.5395,61.6001,25.0654,39.7693,21.8646,7.3461,0.7253,0.3471,0.7005,0.6896,45429.8095,923.8589,0.701,0.9438,1.1434,16.5565,0.0131,4.6734,0.2995,0.326,0.1399,0.433,2,Anthracnose
spinach_0_0004.jpg,103.087,124.9675,62.9337,15.4027,19.4858,15.5697,3.1738,0.8658,0.5927,0.9238,0.3891,54283.8762,853.8074,0.7482,0.9205,1.0243,3.9479,0.0022,1.2225,0.124,0.0979,0.0566,0.1921,0,No Disease
spinach_2_0147.jpg,118.157,117.6103,61.3948,39.6805,22.8759,11.5007,5.2091,0.7189,0.3822,0.6149,0.548,48226.9549,755.3905,0.8312,0.8897,1.0298,10.9669,0.0291,6.1767,0.2401,0.1672,0.1082,0.2673,2,Anthracnose
spinach_0_0055.jpg,121.8359,133.1593,80.359,20.3399,14.9393,7.7692,1.7083,0.7752,0.6574,0.9862,0.3403,53509.8537,847.4608,0.7323,0.9494,1.1169,8.9586,0.0021,2.9988,0.1049,0.1118,0.0288,0.196,0,No Disease
spinach_0_0013.jpg,97.3694,126.7635,81.5291,21.3137,19.4007,8.0217,3.5766,0.9364,0.4912,0.847,0.4464,52262.334,890.7829,0.7638,0.9237,1.1322,7.886,0.0,0.7737,0.1088,0.0918,0.0307,0.0595,0,No Disease
spinach_4_0152.jpg,112.3403,142.1354,60.4626,33.4171,34.6347,20.0714,6.7725,0.6121,0.4444,0.7384,0.842,50304.2003,1012.957,0.7868,0.9069,1.151,25.1873,0.0343,7.0273,0.3398,0.2489,0.1189,0.3096,4,Cladosporium Leaf Spot
spinach_0_0012.jpg,95.1314,136.3019,78.2187,22.1738,15.1192,14.4647,0.01,0.8809,0.5587,0.8963,0.3645,54357.6926,1021.2716,0.7793,0.9388,1.1243,2.0003,0.0002,1.7697,0.0951,0.1637,0.0793,0.2309,0,No Disease
spinach_3_0016.jpg,127.3143,141.0318,84.3817,26.391,12.4388,24.6521,4.4534,0.931,0.5777,0.7446,0.6222,48530.2243,905.2691,0.8206,0.9478,1.1816,8.3,0.0369,3.343,0.0896,0.0634,0.1069,0.2739,3,White Rust
spinach_5_0149.jpg,87.9734,127.7764,59.8852,29.8118,26.8591,20.2915,5.1044,0.6804,0.3188,0.8673,0.6019,55294.7363,972.7173,0.8318,0.8966,1.1055,14.2887,0.0248,2.5799,0.1191,0.2104,0.0241,0.3557,5,Spinach Blight (Cucumber Mosaic Virus)
spinach_4_0025.jpg,110.9005,117.4918,59.1539,25.4172,30.5787,21.9506,7.2298,0.5736,0.293,0.6013,0.7847,49722.0345,894.8008,0.9312,0.8861,1.1184,20.875,0.0335,7.9928,0.271,0.1981,0.1153,0.3505,4,Cladosporium Leaf Spot
spinach_2_0144.jpg,118.588,115.5395,61.6001,25.0654,39.7693,21.8646,7.3461,0.7253,0.3471,0.7005,0.6896,45429.8095,923.8589,0.701,0.9438,1.1434,16.5565,0.0131,4.6734,0.2995,0.326,0.1399,0.433,2,Anthracnose
spinach_0_0020.jpg,94.3025,131.8029,75.4231,19.0538,18.6433,16.4477,4.2451,0.8726,0.4619,0.9547,0.3869,57572.9622,958.3377,0.7621,0.9387,1.2761,10.3079,0.0066,1.4883,0.1538,0.0462,0.0483,0.1979,0,No Disease
spinach_2_0042.jpg,101.7985,113.4267,51.8346,23.9248,22.9134,18.4001,6.2857,0.7146,0.3897,0.8382,0.469,52346.7048,880.642,0.8489,0.9179,1.0668,14.6906,0.021,7.2046,0.1361,0.1911,0.1094,0.311,2,Anthracnose
spinach_4_0006.jpg,107.0113,118.6857,61.0138,40.8397,30.5235,26.3365,9.0425,0.6997,0.3763,0.6797,0.8311,38366.8279,1098.9052,0.8854,0.8954,0.957,22.8414,0.0284,8.4609,0.2059,0.2791,0.0939,0.3955,4,Cladosporium Leaf Spot
spinach_5_0049.jpg,90.7086,101.7294,66.4846,33.3618,23.9865,27.8689,4.2263,0.5937,0.2769,0.6143,0.6837,44611.0534,728.9808,0.8328,0.9206,1.1741,15.5011,0.0167,5.897,0.2348,0.131,0.0941,0.2399,5,Spinach Blight (Cucumber Mosaic Virus)
spinach_1_0106.jpg,118.6447,136.9096,61.1099,24.734,23.1712,20.9703,2.5415,0.7769,0.3939,0.8483,0.6691,56850.332,798.8996,0.7677,0.8789,1.0436,15.0084,0.0319,2.7334,0.1671,0.127,0.0946,0.1692,1,Downy Mildew
spinach_4_0096.jpg,135.866,122.103,49.0894,40.2216,22.8952,22.7624,8.662,0.6634,0.2244,0.6077,0.6119,53608.5653,1008.338,0.7167,0.9149,1.1445,15.3637,0.0181,5.5717,0.2402,0.2517,0.127,0.3095,4,Cladosporium Leaf Spot
spinach_2_0014.jpg,127.7343,96.135,60.3873,25.0551,21.0343,22.5461,9.0881,0.728,0.3228,0.7494,0.4656,46235.271,797.6108,0.8047,0.8949,1.0687,13.3011,0.0272,7.0722,0.2375,0.1486,0.12,0.4161,2,Anthracnose
spinach_2_0022.jpg,104.1475,131.4734,60.189,32.1739,27.6581,20.9781,6.9971,0.6446,0.4568,0.6858,0.5403,41602.8813,707.3282,0.8371,0.8712,1.104,14.5463,0.0265,6.8891,0.2379,0.0516,0.1019,0.384,2,Anthracnose
spinach_0_0082.jpg,115.241,142.1887,73.2579,18.9548,20.3926,13.5169,2.4005,0.9698,0.5351,0.8369,0.3006,46677.6363,737.1605,0.8138,0.9752,1.234,0.0,0.0118,3.7598,0.0772,0.0841,0.0,0.2213,0,No Disease
spinach_5_0131.jpg,100.5943,105.9465,70.2568,34.1528,22.4279,14.0096,3.2953,0.7309,0.5232,0.6389,0.6228,47757.7522,1062.0532,0.9455,0.9106,1.1618,15.4808,0.0138,6.6573,0.159,0.1431,0.1185,0.3465,5,Spinach Blight (Cucumber Mosaic Virus)
spinach_0_0086.jpg,94.7547,148.9887,62.3784,18.5682,14.0697,15.6573,0.9112,0.8783,0.5611,0.8286,0.4685,53191.9419,911.1386,0.7442,0.9499,1.1011,0.7732,0.0068,4.2539,0.033,0.1108,0.0,0.2174,0,No Disease
spinach_0_0140.jpg,102.9355,150.2723,68.6539,17.1317,22.8175,13.7752,3.8776,0.9343,0.5526,0.9136,0.452,57104.4141,865.1654,0.7725,0.9285,1.1763,0.0,0.0141,2.0394,0.0342,0.1283,0.0959,0.2801,0,No Disease
spinach_0_0112.jpg,84.1497,143.2794,68.9597,9.504,21.1978,20.74,4.5332,0.9287,0.5837,0.973,0.5882,57667.8435,825.8462,0.7821,0.941,0.9752,3.8774,0.0242,2.3519,0.1737,0.0873,0.0382,0.2305,0,No Disease
spinach_2_0011.jpg,99.2715,111.928,55.4324,26.9168,31.6334,15.3884,3.6241,0.6803,0.3877,0.7283,0.6361,45410.381,879.2684,0.7735,0.9388,1.0541,13.7873,0.0468,5.7494,0.2578,0.1859,0.1283,0.3732,2,Anthracnose
spinach_0_0137.jpg,97.7386,143.0668,77.3473,16.6516,17.2592,12.5056,1.1049,0.81,0.6813,0.9546,0.4737,61860.9798,901.0754,0.9519,0.9243,1.1404,0.4089,0.009,2.7041,0.0943,0.1511,0.046,0.2216,0,No Disease
spinach_4_0085.jpg,114.6067,129.5808,58.1163,33.1355,25.8953,21.2486,8.4916,0.5583,0.404,0.7015,0.6835,51568.9022,813.03,0.6937,0.8751,1.066,20.0856,0.0352,9.1338,0.2209,0.1749,0.1711,0.2355,4,Cladosporium Leaf Spot
spinach_3_0009.jpg,120.621,137.9614,69.2079,18.2669,16.8434,20.6892,4.969,0.7133,0.3964,0.7737,0.6386,51117.5711,1067.2731,0.7383,0.9248,1.0817,10.3518,0.0107,7.4693,0.0855,0.1886,0.0722,0.3242,3,White Rust
spinach_0_0105.jpg,88.4011,142.3968,64.9003,14.2008,14.7904,14.2668,0.9048,0.9471,0.5443,0.9486,0.4481,48512.214,833.406,0.6712,0.9373,1.0916,0.0,0.0017,0.0,0.1788,0.0119,0.004,0.2888,0,No Disease
spinach_4_0133.jpg,98.3387,118.0249,64.9324,34.6889,36.912,25.3291,7.5665,0.5254,0.3092,0.7095,0.8353,51823.095,944.7115,0.8666,0.8919,1.1794,15.0934,0.0334,6.6345,0.3096,0.1494,0.122,0.2412,4,Cladosporium Leaf Spot
spinach_3_0056.jpg,124.3711,138.7384,76.5898,29.889,18.2513,19.7656,4.0375,0.6355,0.4513,0.9091,0.3788,51379.691,899.3862,0.7973,0.8959,0.996,2.4856,0.0276,2.2312,0.145,0.2042,0.0516,0.3074,3,White Rust
spinach_5_0135.jpg,100.0366,109.762,59.5659,33.5743,27.7273,22.9782,9.8863,0.7479,0.496,0.7491,0.6147,44204.3134,894.139,0.6502,0.9068,1.1152,11.1297,0.0233,3.1479,0.2793,0.1365,0.0657,0.3836,5,Spinach Blight (Cucumber Mosaic Virus)
spinach_2_0064.jpg,134.36,106.7833,58.6961,23.9043,27.2081,22.465,4.4679,0.9061,0.3404,0.6654,0.7869,59071.2744,992.6437,0.7279,0.9053,0.9295,17.6068,0.0139,4.6542,0.2298,0.1778,0.1035,0.4715,2,Anthracnose
spinach_0_0159.jpg,103.2855,124.8018,69.8913,26.6819,18.1867,9.6158,0.01,1.0,0.5728,0.8347,0.3926,44613.4612,1062.3095,0.7464,0.9642,1.1241,7.7181,0.0081,2.7358,0.136,0.1049,0.0487,0.1814,0,No Disease
spinach_4_0063.jpg,101.4706,113.4761,54.9876,36.6781,34.0627,20.8004,9.4804,0.6821,0.2456,0.6541,0.7941,51316.1771,718.9459,0.7979,0.9059,1.1964,15.3248,0.0296,7.124,0.2846,0.1939,0.1451,0.3,4,Cladosporium Leaf Spot
spinach_5_0167.jpg,84.7558,111.2478,66.5839,29.2414,24.0106,19.8611,9.001,0.7043,0.595,0.767,0.621,52263.3942,880.8933,0.8905,0.8708,0.9459,13.4439,0.0307,5.9146,0.2436,0.171,0.053,0.3625,5,Spinach Blight (Cucumber Mosaic Virus)
spinach_4_0039.jpg,108.5413,123.3592,59.1674,29.746,39.8617,23.2438,7.682,0.5769,0.3433,0.6529,0.6481,48378.1507,950.9687,0.8516,0.8906,1.0747,16.556,0.03,5.8448,0.1922,0.1619,0.1526,0.356,4,Cladosporium Leaf Spot
spinach_0_0015.jpg,116.7125,147.2596,86.5652,23.6539,9.1398,14.7322,0.01,0.8585,0.7009,0.9246,0.3501,46931.4132,923.2782,0.697,0.9132,1.145,6.6212,0.0109,0.0,0.1152,0.0829,0.0503,0.3293,0,No Disease
spinach_1_0162.jpg,110.4695,140.0988,70.9602,29.8834,25.9773,15.0106,6.5041,0.7904,0.5296,0.9083,0.4407,49057.6159,825.7733,0.8004,0.9103,1.0813,14.1104,0.0112,2.926,0.1388,0.1156,0.0493,0.3061,1,Downy Mildew
spinach_2_0128.jpg,106.7078,104.8883,48.7697,30.3032,28.533,17.2874,8.2919,0.7411,0.458,0.721,0.7537,60925.1292,849.8478,0.7373,0.8616,1.2205,21.0751,0.0196,4.7908,0.2138,0.209,0.0778,0.1927,2,Anthracnose
spinach_0_0079.jpg,86.4784,135.4173,69.3816,19.2596,14.1826,13.228,1.9325,0.9354,0.5556,0.8513,0.4292,42395.4204,967.7035,0.77,0.931,1.1969,0.0,0.0,1.6928,0.0996,0.0868,0.0284,0.2531,0,No Disease
spinach_0_0115.jpg,120.3736,141.3261,67.5838,19.2243,23.7654,20.8648,0.6115,0.8966,0.5872,0.811,0.4144,52026.6143,1034.0209,0.8424,0.9218,1.1029,4.6572,0.0013,2.2596,0.0956,0.0412,0.0161,0.3158,0,No Disease
spinach_3_0032.jpg,124.8586,148.044,64.0006,17.7799,24.3853,20.5055,5.6448,0.6688,0.6033,0.8297,0.5212,46822.7343,1012.7153,0.7139,0.9765,1.0609,14.882,0.0155,6.8453,0.1333,0.1208,0.0901,0.333,3,White Rust
spinach_0_0146.jpg,102.1863,136.2849,75.9039,14.6052,8.8598,13.6073,3.299,1.0,0.6426,0.7772,0.3968,53283.1719,937.7591,0.8024,0.9071,1.1252,3.6813,0.0126,0.0,0.0827,0.0,0.0245,0.158,0,No Disease
spinach_4_0062.jpg,111.3418,105.8461,63.909,28.536,26.0536,24.429,7.5674,0.7188,0.3267,0.7412,0.7806,50057.355,905.822,0.7125,0.8985,1.1379,21.9634,0.0232,4.7658,0.2432,0.2454,0.1355,0.328,4,Cladosporium Leaf Spot
spinach_2_0156.jpg,106.7059,103.8038,46.4495,31.3588,23.3136,27.7974,5.8448,0.6079,0.3987,0.652,0.6909,54929.9467,891.7229,0.8073,0.9051,0.9446,15.5674,0.0283,7.7072,0.2603,0.1519,0.1358,0.3266,2,Anthracnose
spinach_2_0005.jpg,112.2737,131.2236,56.6545,34.599,18.0398,21.1185,7.0471,0.8339,0.2232,0.6933,0.8357,46074.898,858.7161,0.8199,0.9046,1.2053,15.7939,0.0376,5.452,0.193,0.151,0.081,0.3887,2,Anthracnose
spinach_0_0137.jpg,97.7386,143.0668,77.3473,16.6516,17.2592,12.5056,1.1049,0.81,0.6813,0.9546,0.4737,61860.9798,901.0754,0.9519,0.9243,1.1404,0.4089,0.009,2.7041,0.0943,0.1511,0.046,0.2216,0,No Disease
spinach_1_0178.jpg,116.4832,136.5098,54.9604,20.5542,26.0418,16.6013,3.63,0.8069,0.472,0.6722,0.5481,46481.3422,1077.6319,0.8444,0.8995,1.1461,4.5753,0.0146,4.9888,0.2126,0.1261,0.0862,0.3163,1,Downy Mildew
spinach_2_0133.jpg,85.7207,98.7507,55.4215,41.8756,17.9963,18.0257,7.3685,0.8216,0.3962,0.7491,0.6562,47446.8921,888.2184,0.7605,0.9181,0.9515,17.5599,0.0273,5.7135,0.1479,0.1208,0.14,0.3333,2,Anthracnose
spinach_3_0006.jpg,128.2872,129.9587,68.4499,27.5159,21.839,21.6514,6.2711,0.7681,0.2245,0.8975,0.5202,47383.5989,792.589,0.7598,0.9059,1.051,5.2715,0.0212,7.6547,0.211,0.1649,0.0606,0.2884,3,White Rust
spinach_0_0159.jpg,103.2855,124.8018,69.8913,26.6819,18.1867,9.6158,0.01,1.0,0.5728,0.8347,0.3926,44613.4612,1062.3095,0.7464,0.9642,1.1241,7.7181,0.0081,2.7358,0.136,0.1049,0.0487,0.1814,0,No Disease
spinach_2_0105.jpg,98.23,123.7549,56.0021,20.1677,27.5039,24.7559,8.6373,0.6741,0.3502,0.839,0.6907,53597.8092,826.046,0.8414,0.8636,1.043,9.1669,0.0222,8.3508,0.1994,0.1887,0.1479,0.3478,2,Anthracnose
spinach_3_0095.jpg,126.7946,147.0433,69.9672,20.6796,19.4965,17.7486,4.483,0.9136,0.6164,0.8386,0.5619,44691.7389,927.0008,0.7326,0.9608,0.9815,9.5379,0.01,3.9829,0.2033,0.1609,0.0685,0.3409,3,White Rust
spinach_3_0032.jpg,124.8586,148.044,64.0006,17.7799,24.3853,20.5055,5.6448,0.6688,0.6033,0.8297,0.5212,46822.7343,1012.7153,0.7139,0.9765,1.0609,14.882,0.0155,6.8453,0.1333,0.1208,0.0901,0.333,3,White Rust
spinach_5_0020.jpg,97.8692,120.1939,68.027,30.7806,25.8823,17.1999,1.808,0.8125,0.3507,0.5993,0.6938,51593.947,946.7892,0.8769,0.877,1.02,10.7252,0.0306,1.6152,0.2164,0.1873,0.1123,0.3967,5,Spinach Blight (Cucumber Mosaic Virus)
spinach_3_0018.jpg,131.4912,129.7193,67.6367,27.0092,23.9547,21.0166,3.6887,0.7259,0.3693,0.6707,0.5385,55581.2981,766.9718,0.7964,0.9396,0.9631,6.9177,0.0302,4.9935,0.0765,0.1463,0.0513,0.3353,3,White Rust
spinach_2_0001.jpg,115.0325,113.6422,55.0096,29.1007,30.6224,26.3629,5.2894,0.741,0.3279,0.7328,0.6708,57828.9427,838.1925,0.8107,0.9152,1.0101,13.7086,0.0249,5.1751,0.208,0.2045,0.095,0.3953,2,Anthracnose
spinach_4_0050.jpg,128.985,124.6898,63.8463,35.7509,26.0261,22.4569,7.9878,0.528,0.3726,0.7334,0.689,52675.7459,827.0869,0.729,0.9414,0.9898,12.8827,0.0357,7.9833,0.3034,0.27,0.1106,0.3437,4,Cladosporium Leaf Spot
spinach_4_0047.jpg,126.9324,128.2851,59.547,27.032,29.9351,29.4427,8.8968,0.5031,0.3484,0.5261,0.8404,47034.9613,767.6879,0.8391,0.904,1.0886,26.7668,0.0391,6.3391,0.296,0.1786,0.1617,0.4125,4,Cladosporium Leaf Spot
spinach_0_0160.jpg,124.1543,129.0237,72.0345,20.0744,19.0122,13.2821,2.5351,0.8865,0.4534,0.8807,0.3099,43328.0712,933.6873,0.7993,0.9432,1.1654,0.0,0.0,4.7523,0.0476,0.1044,0.0228,0.2064,0,No Disease
spinach_2_0031.jpg,114.2268,101.3619,57.4357,24.1571,21.4096,29.5829,7.1007,0.6966,0.2191,0.6582,0.7361,50970.6813,664.597,0.8124,0.9092,1.1827,11.3791,0.0091,4.3058,0.1751,0.1895,0.0421,0.3141,2,Anthracnose
spinach_0_0023.jpg,129.2042,143.7837,67.5234,22.3254,9.1952,13.8107,2.1691,0.8931,0.6433,0.9041,0.4868,48558.1386,1009.7815,0.8677,0.9057,1.049,7.3431,0.0045,3.7269,0.0779,0.1382,0.0433,0.2207,0,No Disease
spinach_0_0040.jpg,96.3768,144.2676,59.7149,21.9485,17.5128,14.4102,4.7001,0.8502,0.7448,0.8642,0.2923,52349.5979,812.3755,0.7249,0.9399,1.1644,0.0,0.0139,3.2835,0.1718,0.1012,0.0741,0.0495,0,No Disease
spinach_0_0014.jpg,108.28,158.0009,59.7291,24.3191,15.3574,14.7547,0.2101,0.8732,0.684,0.9208,0.5932,57887.0594,963.9087,0.8746,0.941,1.1862,0.8137,0.0065,0.0,0.1495,0.0329,0.0596,0.1847,0,No Disease
spinach_2_0140.jpg,113.8061,117.3485,80.1317,34.5556,21.5914,24.4809,5.654,0.7157,0.27,0.6225,0.7244,54988.3456,930.2644,0.8512,0.9093,1.0938,11.9852,0.0335,7.9448,0.2268,0.1553,0.1498,0.3484,2,Anthracnose
spinach_2_0032.jpg,125.258,116.0793,65.1705,21.791,18.9901,28.749,7.1721,0.6883,0.2905,0.7071,0.5754,55934.3522,1152.7831,0.829,0.8841,0.8773,7.2621,0.0394,4.2475,0.2115,0.1862,0.1471,0.334,2,Anthracnose
spinach_0_0083.jpg,94.3644,141.196,59.5104,22.7143,22.1226,11.8673,0.0672,0.7275,0.5587,0.8393,0.2649,54265.0938,875.003,0.7055,0.9161,1.2057,4.4117,0.005,2.3144,0.042,0.0813,0.0437,0.1624,0,No Disease
spinach_3_0057.jpg,134.6381,147.1729,56.3474,21.4332,23.5118,27.7161,3.5054,0.7305,0.4936,0.8234,0.618,47268.2207,851.7952,0.7929,0.9516,1.0909,7.9108,0.0088,7.3538,0.1777,0.1631,0.0707,0.2868,3,White Rust
spinach_2_0040.jpg,122.9085,111.9827,66.0594,21.6613,24.7317,27.1963,9.6693,0.6181,0.3088,0.7397,0.6277,48657.1104,967.6405,0.7674,0.8509,0.9759,14.0398,0.0121,5.5651,0.1604,0.2256,0.1641,0.2653,2,Anthracnose
spinach_2_0099.jpg,112.348,131.7233,50.8776,29.204,24.9848,20.2649,7.4159,0.5764,0.3711,0.7361,0.6685,44998.979,983.0185,0.8438,0.874,0.9765,10.1923,0.0314,6.596,0.2695,0.147,0.0869,0.4235,2,Anthracnose
spinach_0_0171.jpg,118.5259,165.6469,68.194,13.3979,5.8154,14.0236,1.4622,0.8479,0.5977,0.9077,0.4523,50419.3756,809.8378,0.8099,0.9303,1.1911,5.1603,0.0,0.0,0.0622,0.0377,0.0589,0.2281,0,No Disease
spinach_1_0103.jpg,117.3165,129.6886,56.8564,23.1543,29.0526,19.3209,3.639,0.7365,0.4394,0.6219,0.6059,55339.8997,945.1229,0.9238,0.9413,1.2159,21.2003,0.0261,5.0935,0.2387,0.1076,0.0827,0.2582,1,Downy Mildew
spinach_2_0017.jpg,106.4361,113.0426,57.199,37.3488,27.1503,18.0573,4.967,0.6911,0.2896,0.5906,0.7536,53422.492,843.1863,0.8176,0.9047,1.1282,16.419,0.0062,5.6671,0.2559,0.1436,0.1109,0.4101,2,Anthracnose
spinach_3_0113.jpg,123.9381,122.6144,59.0828,21.7379,26.6426,23.8454,6.0749,0.8052,0.493,0.7994,0.5908,53876.8129,764.5578,0.7326,0.8943,1.1986,14.6164,0.0,6.8167,0.1743,0.1605,0.0827,0.3952,3,White Rust
spinach_4_0086.jpg,111.4805,109.2136,59.4368,29.8278,32.0108,26.0221,5.9805,0.5829,0.34,0.7118,1.0,54013.9789,788.75,0.7844,0.8945,1.0284,19.881,0.0158,8.4957,0.2462,0.1856,0.1666,0.2891,4,Cladosporium Leaf Spot
spinach_2_0096.jpg,114.101,123.6746,60.3234,29.5045,25.706,24.177,7.886,0.7724,0.4047,0.6676,0.6573,43385.3153,1046.1214,0.7675,0.9242,1.1021,15.2149,0.0261,4.682,0.1816,0.2291,0.1128,0.44,2,Anthracnose
spinach_4_0139.jpg,103.9674,137.3262,55.1212,33.7704,27.989,24.3685,10.6317,0.6232,0.3115,0.6411,0.7097,47149.5465,840.0553,0.8898,0.9078,1.0424,21.9266,0.0213,9.9762,0.3348,0.2795,0.1553,0.425,4,Cladosporium Leaf Spot
spinach_2_0003.jpg,108.812,118.6184,51.8,34.3219,21.0581,31.9823,10.8045,0.8106,0.482,0.6941,0.8067,49519.1175,724.6482,0.8902,0.9282,1.0775,9.0993,0.0223,2.8219,0.2773,0.0959,0.1172,0.2825,2,Anthracnose
spinach_4_0038.jpg,130.5391,105.4063,48.2061,33.104,35.9371,26.3016,4.9621,0.4953,0.3478,0.5775,0.7737,51479.9756,841.0242,0.8989,0.9048,1.1669,21.6823,0.0328,7.15,0.2551,0.2172,0.1137,0.528,4,Cladosporium Leaf Spot
spinach_5_0074.jpg,112.7925,114.6819,67.1072,33.4195,29.3435,23.1747,6.0794,0.8687,0.3413,0.7822,0.6416,51773.5681,993.3423,0.7913,0.915,1.1112,9.4348,0.0341,6.6801,0.1883,0.1941,0.0692,0.3377,5,Spinach Blight (Cucumber Mosaic Virus)
spinach_1_0079.jpg,102.1578,117.2256,54.0275,30.8205,25.2268,23.4442,2.3726,0.6213,0.4831,0.5655,0.7325,41883.4143,984.3345,0.7367,0.9362,1.3567,0.9073,0.0256,1.5453,0.2113,0.1217,0.0832,0.2371,1,Downy Mildew
spinach_4_0002.jpg,126.0838,113.4496,53.2945,28.4383,26.231,26.6187,8.318,0.5424,0.3378,0.58,0.8244,54634.5145,887.6053,0.8063,0.9338,1.0574,14.223,0.0386,5.4612,0.2595,0.166,0.1125,0.37,4,Cladosporium Leaf Spot
spinach_0_0150.jpg,110.251,159.6485,78.3401,11.9747,24.0174,13.6364,2.1822,0.7977,0.6221,0.8344,0.43,50579.505,1112.5013,0.8889,0.9312,1.1251,0.5062,0.0148,0.6079,0.0789,0.1191,0.0265,0.197,0,No Disease
spinach_0_0147.jpg,94.8042,140.8217,71.5524,8.7039,18.0775,11.2867,2.8257,0.7975,0.5824,0.8602,0.4503,52623.4864,894.4836,0.6778,0.8931,1.0733,1.9669,0.0011,2.3254,0.086,0.0414,0.033,0.2181,0,No Disease
spinach_5_0082.jpg,99.2948,103.1848,60.0977,33.2413,23.8821,16.6158,8.3713,0.6346,0.4028,0.7644,0.6503,37109.3105,909.0488,0.8896,0.9197,0.9201,20.509,0.0134,3.4588,0.2491,0.1681,0.092,0.2944,5,Spinach Blight (Cucumber Mosaic Virus)
spinach_2_0120.jpg,109.249,128.4633,67.3745,35.566,27.1328,19.5103,10.2729,0.7485,0.3435,0.7997,0.6364,57053.517,1027.8285,0.7447,0.9145,1.1426,24.4596,0.0211,8.6786,0.2309,0.1103,0.107,0.3502,2,Anthracnose
spinach_3_0078.jpg,136.5616,146.8298,67.2806,28.3895,26.1149,20.233,5.4845,0.8175,0.499,0.7255,0.4822,50057.0267,834.3336,0.6916,0.9369,1.1377,2.6425,0.0151,3.6683,0.1791,0.0767,0.0362,0.3216,3,White Rust
spinach_2_0113.jpg,112.1853,123.1639,48.887,31.758,28.026,23.5561,5.8384,0.7751,0.544,0.6223,0.762,35610.7492,946.861,0.6878,0.8869,0.975,13.1376,0.0337,2.7568,0.212,0.1395,0.1495,0.3845,2,Anthracnose
spinach_5_0067.jpg,86.4174,105.7352,70.1946,28.9803,28.5225,20.0157,7.9348,0.6693,0.2313,0.7522,0.7267,46703.8049,989.9206,0.759,0.9168,1.2296,12.1469,0.0222,5.2098,0.2914,0.1661,0.1436,0.3623,5,Spinach Blight (Cucumber Mosaic Virus)
spinach_2_0116.jpg,117.3186,119.7468,54.6972,30.1894,27.8236,24.5995,8.2484,0.6174,0.2627,0.7059,0.5153,48381.695,829.081,0.8295,0.9496,0.9244,23.0967,0.0251,6.7261,0.1593,0.1999,0.111,0.3451,2,Anthracnose
spinach_5_0075.jpg,96.7078,120.2644,61.1625,32.7924,28.9723,20.499,9.5105,0.6504,0.2873,0.7899,0.4351,56959.0841,880.1754,0.7244,0.8763,0.9593,13.5315,0.0134,6.3038,0.1948,0.131,0.1027,0.3899,5,Spinach Blight (Cucumber Mosaic Virus)
spinach_1_0151.jpg,108.4302,142.6072,63.9474,24.8994,23.7759,15.7956,5.4766,0.6534,0.3984,0.8248,0.6354,43589.1475,985.1488,0.7896,0.8964,1.1597,9.3312,0.0107,8.1261,0.1891,0.1267,0.0699,0.4044,1,Downy Mildew
spinach_3_0002.jpg,130.8552,121.3579,56.7474,21.2419,22.7895,20.9038,2.6381,0.7002,0.3951,0.7673,0.7485,46834.0647,807.3042,0.712,0.9359,1.1067,4.4151,0.0141,2.5753,0.1848,0.2274,0.0838,0.2726,3,White Rust
spinach_3_0142.jpg,140.4085,138.9981,73.2823,27.8595,31.4905,21.4862,5.9899,0.7671,0.398,0.6954,0.6767,46458.2031,979.5864,0.805,0.9429,1.0688,4.8371,0.02,3.4738,0.1084,0.1975,0.0502,0.2005,3,White Rust
spinach_3_0140.jpg,117.123,150.72,70.7963,30.1441,15.4221,22.6193,3.1485,0.663,0.4791,0.796,0.5553,55087.7921,992.3566,0.8682,0.8902,1.2302,15.5292,0.0141,0.9967,0.1008,0.1015,0.1204,0.2814,3,White Rust
spinach_4_0156.jpg,120.6301,121.2161,78.562,37.1103,37.8464,20.2802,6.1304,0.6794,0.3732,0.7475,0.5969,54017.9871,988.9269,0.8462,0.8798,1.1115,14.8974,0.0317,5.6227,0.2321,0.1804,0.1177,0.3293,4,Cladosporium Leaf Spot
spinach_3_0116.jpg,135.5299,147.5689,64.8352,22.872,30.7086,19.3395,2.4972,0.8506,0.4715,0.8854,0.5743,51399.9926,1057.6121,0.6877,0.9054,1.039,0.0,0.024,2.9966,0.2153,0.1356,0.0852,0.2436,3,White Rust
spinach_3_0171.jpg,140.4616,141.7268,69.8684,41.0012,23.0351,15.6378,4.3219,0.8941,0.3565,0.7273,0.6606,50141.8968,893.9754,0.8444,0.9021,0.9925,2.4445,0.0217,4.4664,0.1354,0.0736,0.0632,0.3693,3,White Rust
spinach_5_0159.jpg,107.7386,107.6728,61.0817,34.6325,24.3921,22.4434,6.0624,0.7506,0.4834,0.7885,0.6033,55545.2348,778.3649,0.7655,0.8968,1.1737,7.3194,0.0311,5.3015,0.1883,0.1939,0.0699,0.5229,5,Spinach Blight (Cucumber Mosaic Virus)
spinach_2_0048.jpg,105.3128,148.55,52.6991,19.6566,19.0003,26.0372,9.272,0.6255,0.4823,0.7519,0.6711,48697.7686,898.087,0.8526,0.9099,1.0259,13.3032,0.0429,6.5522,0.2735,0.1816,0.1168,0.3587,2,Anthracnose
spinach_2_0161.jpg,105.0361,100.8387,68.4432,28.2498,23.0432,24.3452,8.1045,0.7307,0.3816,0.7111,0.7132,51681.9813,922.4885,0.8657,0.9014,1.0147,13.4228,0.033,2.8842,0.141,0.1967,0.148,0.2488,2,Anthracnose
spinach_4_0064.jpg,119.9685,112.8356,59.8533,40.5401,22.0088,23.8821,6.0331,0.6422,0.4239,0.6719,0.7483,57142.0116,923.0502,0.8392,0.9079,0.8399,17.6933,0.0254,6.0072,0.3437,0.175,0.1773,0.2774,4,Cladosporium Leaf Spot
spinach_0_0012.jpg,95.1314,136.3019,78.2187,22.1738,15.1192,14.4647,0.01,0.8809,0.5587,0.8963,0.3645,54357.6926,1021.2716,0.7793,0.9388,1.1243,2.0003,0.0002,1.7697,0.0951,0.1637,0.0793,0.2309,0,No Disease
spinach_0_0057.jpg,125.0351,148.0662,73.3577,17.8047,15.0271,6.4832,2.438,0.9676,0.454,0.8337,0.3043,47173.244,925.3482,0.6449,0.9454,1.1803,0.9956,0.0,0.0,0.1616,0.0,0.0313,0.1056,0,No Disease
spinach_1_0082.jpg,124.0673,97.156,67.3619,21.9826,16.8914,20.2461,6.1987,0.6087,0.4864,0.8134,0.6147,46661.8818,802.0622,0.8516,0.8722,1.1852,9.3392,0.0192,1.7254,0.1827,0.1545,0.0466,0.3499,1,Downy Mildew
spinach_2_0164.jpg,105.7224,125.9149,64.0218,32.4369,30.3766,14.6658,9.7018,0.6637,0.4797,0.5577,0.7157,47182.4886,937.212,0.819,0.9092,0.9953,13.7721,0.0256,6.9916,0.2795,0.166,0.0781,0.3586,2,Anthracnose
spinach_4_0015.jpg,111.2783,117.6802,62.9857,31.1332,34.5573,25.3738,8.8391,0.5178,0.4155,0.6193,0.6557,58730.93,959.7622,0.8486,0.9014,1.0625,16.8816,0.0402,9.5385,0.2666,0.2729,0.1251,0.2785,4,Cladosporium Leaf Spot
spinach_2_0049.jpg,119.9739,123.9051,60.1111,26.5312,28.9278,22.732,6.476,0.8943,0.2569,0.7671,0.6037,50655.9774,1136.8588,0.7423,0.8819,1.0786,10.6111,0.0341,5.1378,0.2627,0.1068,0.0648,0.3317,2,Anthracnose
spinach_1_0154.jpg,120.3077,121.3192,70.2116,23.893,19.6514,18.8304,7.3272,0.7294,0.3744,0.8248,0.8243,52048.4132,1023.3842,0.8522,0.8949,1.1021,4.8698,0.0184,3.6729,0.1699,0.1,0.0728,0.3526,1,Downy Mildew
spinach_3_0067.jpg,138.5129,134.6184,70.103,28.8728,16.2543,15.4921,2.5912,0.7614,0.4333,0.6795,0.5649,51021.9054,1023.224,0.9008,0.9314,1.0543,10.5869,0.0171,3.5678,0.1269,0.1014,0.0656,0.3443,3,White Rust
spinach_2_0028.jpg,95.733,100.3084,62.521,38.1249,27.9478,26.9972,3.6071,0.64,0.2301,0.7546,0.5353,43610.9058,931.4025,0.8637,0.896,1.1256,16.1512,0.0253,4.1295,0.2582,0.1845,0.1324,0.375,2,Anthracnose
spinach_0_0148.jpg,108.2488,159.6622,66.6487,19.6326,19.1306,14.9063,1.1489,0.7761,0.5391,0.8048,0.2473,48021.6058,815.2908,0.805,0.945,1.0477,0.9591,0.0,0.3102,0.1199,0.113,0.0222,0.2841,0,No Disease
spinach_1_0051.jpg,122.8031,120.1284,65.7115,39.1374,24.5121,26.8474,4.2414,0.7366,0.4796,0.7878,0.5334,46952.4127,998.8284,0.8615,0.9478,1.2443,10.5385,0.0175,7.2318,0.2257,0.0907,0.0542,0.3494,1,Downy Mildew
spinach_5_0082.jpg,99.2948,103.1848,60.0977,33.2413,23.8821,16.6158,8.3713,0.6346,0.4028,0.7644,0.6503,37109.3105,909.0488,0.8896,0.9197,0.9201,20.509,0.0134,3.4588,0.2491,0.1681,0.092,0.2944,5,Spinach Blight (Cucumber Mosaic Virus)
spinach_0_0159.jpg,103.2855,124.8018,69.8913,26.6819,18.1867,9.6158,0.01,1.0,0.5728,0.8347,0.3926,44613.4612,1062.3095,0.7464,0.9642,1.1241,7.7181,0.0081,2.7358,0.136,0.1049,0.0487,0.1814,0,No Disease
spinach_4_0099.jpg,112.5268,114.6976,75.5067,32.1469,25.6215,19.0389,11.3715,0.5858,0.5049,0.6879,0.7743,51349.2191,1111.5951,0.6585,0.8954,1.0488,17.1476,0.0352,7.0207,0.2794,0.1891,0.0972,0.4205,4,Cladosporium Leaf Spot
spinach_2_0107.jpg,101.7193,120.1037,64.3321,35.7757,29.0805,19.139,5.6208,0.6452,0.3952,0.6914,0.5776,44351.3998,670.1478,0.6128,0.8967,1.2656,21.1871,0.0192,6.3698,0.1568,0.1075,0.0801,0.332,2,Anthracnose
spinach_0_0054.jpg,118.2496,138.5112,82.3245,22.0549,20.9128,11.3964,2.8907,0.9583,0.5339,0.9192,0.4766,49252.2369,807.7232,0.699,0.9322,1.1462,0.0,0.0062,2.227,0.1309,0.1421,0.0719,0.1199,0,No Disease
spinach_5_0099.jpg,103.4213,105.4099,67.8767,39.7121,29.7006,21.7633,4.9829,0.6607,0.4544,0.668,0.6503,56688.0946,885.0392,0.7453,0.9544,1.231,14.0047,0.0342,4.9194,0.2462,0.1331,0.0561,0.5474,5,Spinach Blight (Cucumber Mosaic Virus)
spinach_5_0069.jpg,114.9754,107.5274,77.5021,20.7203,20.016,21.4131,5.7697,0.6566,0.4107,0.693,0.6141,50892.1254,803.2463,0.8036,0.8839,0.9936,15.0548,0.0377,7.3162,0.2266,0.1243,0.0828,0.4246,5,Spinach Blight (Cucumber Mosaic Virus)
spinach_5_0103.jpg,86.4297,122.1826,55.9075,30.8601,29.887,19.9948,6.1174,0.7899,0.3353,0.6663,0.6266,55889.5633,1031.0731,0.8041,0.8822,1.1751,5.3228,0.026,5.321,0.2747,0.2058,0.0664,0.3534,5,Spinach Blight (Cucumber Mosaic Virus)
spinach_1_0041.jpg,107.5157,138.8198,55.1889,25.9088,22.5236,22.4324,1.8975,0.8113,0.3758,0.8454,0.5622,50755.7821,1091.3786,0.7734,0.941,1.1031,11.6617,0.0206,6.3261,0.1557,0.0906,0.064,0.318,1,Downy Mildew
spinach_0_0061.jpg,117.2603,107.4624,69.4605,19.1767,8.2395,15.3767,4.1229,0.8131,0.6069,0.8159,0.3528,59386.9682,865.7442,0.7977,0.8832,1.269,4.4106,0.0045,2.236,0.0295,0.1273,0.0319,0.1837,0,No Disease
spinach_0_0037.jpg,117.1419,109.5988,75.1675,27.8072,11.3611,13.4808,0.7201,0.8285,0.5539,0.9799,0.6037,50320.3039,1110.506,0.7721,0.9738,1.1125,2.5242,0.0089,6.9219,0.1426,0.0517,0.0642,0.1711,0,No Disease
spinach_3_0179.jpg,124.1988,123.2427,69.118,22.3524,17.0701,25.067,8.4885,0.9254,0.512,0.7614,0.543,53528.0113,862.9752,0.8591,0.8691,1.0863,11.2043,0.0102,3.5677,0.1997,0.1807,0.0377,0.1706,3,White Rust
spinach_0_0172.jpg,115.9918,143.3614,73.6692,25.9986,19.3486,15.2724,4.5168,0.9092,0.5557,0.8214,0.4903,58185.2527,914.9413,0.8485,0.8807,1.1156,1.8396,0.0002,5.4909,0.0967,0.0637,0.0406,0.0398,0,No Disease
spinach_3_0120.jpg,119.6538,138.5765,69.7558,30.4089,16.7692,25.2999,4.8394,0.7295,0.4171,0.7099,0.3759,54886.9994,1103.0886,0.6829,0.8962,1.1701,7.8175,0.0237,3.8169,0.141,0.111,0.0104,0.1885,3,White Rust
spinach_5_0079.jpg,108.4483,103.5633,75.0712,28.291,33.5627,18.4243,8.845,0.6377,0.6039,0.6634,0.7557,47688.0289,941.5022,0.8076,0.8727,0.8663,22.0303,0.0246,0.1016,0.2251,0.1776,0.0721,0.2833,5,Spinach Blight (Cucumber Mosaic Virus)
spinach_0_0133.jpg,106.3911,137.9453,65.3212,19.64,23.2985,14.5239,0.4873,0.8606,0.5961,0.8539,0.4685,54614.2188,1008.8983,0.8554,0.9549,1.0453,0.0,0.0054,0.3879,0.0431,0.0623,0.0281,0.1463,0,No Disease
spinach_4_0110.jpg,124.7584,107.1223,57.4612,34.03,25.8677,21.7652,7.625,0.7173,0.4345,0.6085,0.8061,50467.9412,789.1765,0.7722,0.8584,1.163,24.2099,0.0307,6.3317,0.3227,0.2386,0.1021,0.3782,4,Cladosporium Leaf Spot
spinach_0_0042.jpg,117.0031,142.183,69.1544,21.6792,2.347,16.5315,0.01,0.7621,0.6161,0.9134,0.3038,48439.4898,1057.0541,0.741,0.9861,1.1198,3.6321,0.0189,1.4358,0.0499,0.0756,0.0391,0.0908,0,No Disease
spinach_3_0025.jpg,123.6314,110.5319,54.6733,30.9452,23.8453,18.5847,3.2551,0.6833,0.476,0.7559,0.7047,50576.1814,910.872,0.6967,0.911,1.1242,6.5089,0.0131,4.5884,0.2457,0.1258,0.0986,0.3297,3,White Rust
spinach_3_0020.jpg,119.5705,128.9461,66.602,21.1995,16.739,11.4878,2.1663,0.9288,0.4075,0.9132,0.5903,51251.2099,754.9395,0.7803,0.9673,1.2346,9.097,0.0078,2.2771,0.1274,0.1711,0.1108,0.2957,3,White Rust
spinach_0_0046.jpg,104.9861,149.8475,67.5378,24.0284,20.387,11.1808,3.6556,0.9559,0.5882,0.8266,0.3341,49311.6871,974.2594,0.7127,0.9409,1.0207,1.1837,0.0069,5.6012,0.0311,0.1389,0.0437,0.2329,0,No Disease
spinach_0_0146.jpg,102.1863,136.2849,75.9039,14.6052,8.8598,13.6073,3.299,1.0,0.6426,0.7772,0.3968,53283.1719,937.7591,0.8024,0.9071,1.1252,3.6813,0.0126,0.0,0.0827,0.0,0.0245,0.158,0,No Disease
spinach_3_0130.jpg,137.7472,136.0935,72.5226,30.0223,27.0952,23.664,5.873,0.9266,0.4168,0.7691,0.5285,49659.6643,706.1228,0.8625,0.8943,1.1236,2.3126,0.022,2.5863,0.1132,0.1278,0.0525,0.2341,3,White Rust
spinach_2_0005.jpg,112.2737,131.2236,56.6545,34.599,18.0398,21.1185,7.0471,0.8339,0.2232,0.6933,0.8357,46074.898,858.7161,0.8199,0.9046,1.2053,15.7939,0.0376,5.452,0.193,0.151,0.081,0.3887,2,Anthracnose
spinach_2_0100.jpg,105.4655,118.052,45.6006,27.1509,32.047,20.1349,8.3847,0.4935,0.3352,0.688,0.8643,44154.6856,947.0993,0.8634,0.882,1.0501,14.5665,0.0151,5.2808,0.2938,0.1809,0.1061,0.359,2,Anthracnose
spinach_0_0122.jpg,115.6598,143.2325,72.7558,20.054,16.7178,12.6932,1.2359,1.0,0.5713,0.825,0.3684,57501.8534,987.5607,0.8036,0.9236,1.1659,0.0,0.0039,2.9456,0.1437,0.0407,0.0186,0.2087,0,No Disease
spinach_0_0081.jpg,99.1268,139.1208,79.0316,12.5131,10.4485,6.8491,2.0556,0.8105,0.5492,0.9263,0.3558,53156.4101,890.0662,0.8103,0.9419,1.0646,1.3254,0.0143,1.9081,0.0302,0.1062,0.0129,0.313,0,No Disease
spinach_4_0121.jpg,100.1656,123.3641,72.0315,34.9167,23.6629,29.3901,7.6739,0.4626,0.4214,0.5938,0.9381,56238.867,867.2201,0.8176,0.9506,1.15,18.9528,0.0571,7.7116,0.2991,0.1526,0.0881,0.367,4,Cladosporium Leaf Spot
spinach_1_0023.jpg,117.4122,121.5839,64.3602,25.8188,19.2769,24.9676,6.2256,0.7042,0.4416,0.7541,0.5232,51352.4811,837.8988,0.7333,0.8694,1.0713,12.2679,0.0144,9.3373,0.2343,0.1822,0.0999,0.4582,1,Downy Mildew
spinach_5_0071.jpg,97.464,94.3754,52.8113,32.1055,19.0243,17.7003,6.2271,0.677,0.4709,0.7342,0.5702,54358.165,942.8791,0.7253,0.9063,1.0328,9.0342,0.039,5.6237,0.1991,0.1534,0.1119,0.2839,5,Spinach Blight (Cucumber Mosaic Virus)
spinach_3_0012.jpg,128.6425,130.9193,62.3786,30.1278,13.6208,15.4285,4.3796,0.8781,0.43,0.8091,0.5528,57981.2921,746.5277,0.8242,0.915,1.184,4.7229,0.0172,3.8155,0.1199,0.0688,0.0555,0.2904,3,White Rust
spinach_4_0050.jpg,128.985,124.6898,63.8463,35.7509,26.0261,22.4569,7.9878,0.528,0.3726,0.7334,0.689,52675.7459,827.0869,0.729,0.9414,0.9898,12.8827,0.0357,7.9833,0.3034,0.27,0.1106,0.3437,4,Cladosporium Leaf Spot
spinach_1_0152.jpg,112.7512,113.0052,57.5706,33.6339,28.1607,19.9799,7.8345,0.7998,0.4087,0.7484,0.6429,46840.5653,900.4505,0.8085,0.8678,1.0849,8.7878,0.0282,1.4799,0.1709,0.1107,0.104,0.3065,1,Downy Mildew
spinach_2_0075.jpg,101.3034,116.0036,65.6361,34.5715,30.9742,24.2115,8.2308,0.7898,0.414,0.5714,0.6371,53481.8504,817.2904,0.8972,0.8984,1.0868,18.499,0.0255,6.4173,0.275,0.1011,0.1029,0.4163,2,Anthracnose
spinach_3_0034.jpg,113.978,127.3661,62.628,21.4525,28.6386,19.9635,3.9095,0.7786,0.5134,0.7559,0.6402,45144.2661,1022.1304,0.7795,0.9188,1.0546,3.0886,0.0037,2.627,0.1994,0.0815,0.0313,0.2073,3,White Rust
spinach_4_0131.jpg,111.7889,112.655,58.0805,35.9905,28.8301,24.9668,8.3,0.445,0.2188,0.633,0.6757,49341.0626,1030.4128,0.7855,0.8569,1.0066,24.8423,0.0463,8.5726,0.1919,0.2023,0.1396,0.392,4,Cladosporium Leaf Spot
spinach_2_0045.jpg,94.1721,98.0114,49.0385,31.7476,26.9837,27.1959,5.436,0.726,0.3709,0.634,0.7285,49669.9407,817.0881,0.8025,0.8968,1.0677,12.3496,0.0166,6.2346,0.1899,0.1192,0.104,0.4087,2,Anthracnose
spinach_1_0014.jpg,108.3753,133.6646,45.734,26.8142,18.8987,21.4052,3.6678,0.7739,0.4315,0.858,0.6107,47156.786,875.3114,0.7093,0.9202,1.1472,19.8768,0.015,4.318,0.1612,0.1385,0.0895,0.3057,1,Downy Mildew
spinach_4_0006.jpg,107.0113,118.6857,61.0138,40.8397,30.5235,26.3365,9.0425,0.6997,0.3763,0.6797,0.8311,38366.8279,1098.9052,0.8854,0.8954,0.957,22.8414,0.0284,8.4609,0.2059,0.2791,0.0939,0.3955,4,Cladosporium Leaf Spot
spinach_4_0015.jpg,111.2783,117.6802,62.9857,31.1332,34.5573,25.3738,8.8391,0.5178,0.4155,0.6193,0.6557,58730.93,959.7622,0.8486,0.9014,1.0625,16.8816,0.0402,9.5385,0.2666,0.2729,0.1251,0.2785,4,Cladosporium Leaf Spot
spinach_4_0065.jpg,105.1633,129.3859,58.269,33.5366,28.4385,24.4297,7.6828,0.6444,0.3913,0.773,0.7397,48531.8085,837.7538,0.8782,0.9073,0.9181,10.2275,0.0274,7.9143,0.2683,0.2106,0.1256,0.5018,4,Cladosporium Leaf Spot
spinach_0_0016.jpg,84.3676,132.4979,76.7273,12.092,24.3797,16.4734,3.4392,0.8543,0.6451,0.9548,0.4433,53172.0045,947.0343,0.7182,0.9263,1.1078,3.5336,0.014,0.0,0.0937,0.1393,0.0214,0.1342,0,No Disease
spinach_0_0055.jpg,121.8359,133.1593,80.359,20.3399,14.9393,7.7692,1.7083,0.7752,0.6574,0.9862,0.3403,53509.8537,847.4608,0.7323,0.9494,1.1169,8.9586,0.0021,2.9988,0.1049,0.1118,0.0288,0.196,0,No Disease
spinach_3_0020.jpg,119.5705,128.9461,66.602,21.1995,16.739,11.4878,2.1663,0.9288,0.4075,0.9132,0.5903,51251.2099,754.9395,0.7803,0.9673,1.2346,9.097,0.0078,2.2771,0.1274,0.1711,0.1108,0.2957,3,White Rust
spinach_3_0159.jpg,121.5749,139.01,50.4123,19.0068,20.1232,17.1481,2.0786,0.8386,0.4808,0.7898,0.4806,51896.9648,956.4449,0.7641,0.9311,1.0463,8.3899,0.0261,6.2176,0.2364,0.1314,0.0708,0.2441,3,White Rust
spinach_3_0045.jpg,118.183,145.8799,70.2655,16.2973,23.3442,20.8425,5.4179,0.816,0.5797,0.809,0.5523,57239.8378,1129.2741,0.8349,0.9252,1.1446,9.0242,0.0171,7.8973,0.1325,0.1662,0.0669,0.1616,3,White Rust
spinach_0_0041.jpg,101.8209,129.4629,72.9538,17.1428,16.1692,22.5287,1.7115,0.9331,0.5614,0.8853,0.4206,54241.6203,1036.5308,0.8688,0.9377,1.1672,0.0,0.0053,2.8925,0.1433,0.0885,0.0622,0.2393,0,No Disease
spinach_5_0167.jpg,84.7558,111.2478,66.5839,29.2414,24.0106,19.8611,9.001,0.7043,0.595,0.767,0.621,52263.3942,880.8933,0.8905,0.8708,0.9459,13.4439,0.0307,5.9146,0.2436,0.171,0.053,0.3625,5,Spinach Blight (Cucumber Mosaic Virus)
spinach_3_0003.jpg,117.3502,121.2226,72.8695,28.3968,19.6695,24.8533,4.8359,0.832,0.4837,0.7676,0.4545,50772.317,989.2051,0.7495,0.931,1.0234,11.1202,0.0195,1.8362,0.1588,0.1573,0.0385,0.1943,3,White Rust
spinach_3_0044.jpg,132.2267,146.616,64.9822,15.7388,18.2168,19.6092,3.48,0.6856,0.4656,0.9501,0.5012,51485.9707,773.7964,0.8546,0.9419,1.1745,13.4392,0.0136,3.4556,0.2555,0.1453,0.0145,0.3164,3,White Rust
spinach_1_0180.jpg,110.5923,132.1308,65.1955,19.2296,25.2635,20.817,5.7209,0.7429,0.4507,0.8536,0.492,49289.2383,966.6619,0.8189,0.9215,1.3203,12.4565,0.029,4.2473,0.1404,0.1174,0.0978,0.3425,1,Downy Mildew
spinach_3_0176.jpg,119.3913,141.063,72.2981,28.9852,21.9927,21.5342,4.5136,0.6306,0.4427,0.7537,0.4461,48663.0291,918.5091,0.712,0.9022,1.2338,1.5892,0.0155,1.9006,0.1324,0.1121,0.0453,0.3259,3,White Rust
spinach_5_0135.jpg,100.0366,109.762,59.5659,33.5743,27.7273,22.9782,9.8863,0.7479,0.496,0.7491,0.6147,44204.3134,894.139,0.6502,0.9068,1.1152,11.1297,0.0233,3.1479,0.2793,0.1365,0.0657,0.3836,5,Spinach Blight (Cucumber Mosaic Virus)
spinach_0_0110.jpg,108.588,148.9579,69.543,16.9927,25.5338,15.8648,3.3683,0.9099,0.5331,0.8808,0.5636,54776.2004,748.8527,0.7571,0.9746,1.1029,0.0,0.0211,2.4283,0.0965,0.0651,0.0671,0.1566,0,No Disease
spinach_3_0070.jpg,131.6498,140.8529,63.6362,29.5103,22.0949,16.1198,5.3977,0.789,0.5368,0.8382,0.5391,49139.5653,905.1744,0.8018,0.9321,1.1341,7.637,0.025,2.7863,0.294,0.1505,0.0418,0.2948,3,White Rust
spinach_1_0095.jpg,115.6199,118.1247,70.9261,37.4876,15.1909,19.6154,7.6501,0.6242,0.4753,0.8455,0.6178,53751.3154,1076.0902,0.9069,0.9085,1.0574,6.3201,0.0278,2.3308,0.1774,0.1341,0.0674,0.3324,1,Downy Mildew
spinach_5_0097.jpg,94.9773,105.7854,62.496,23.0674,30.9101,23.8889,3.937,0.7121,0.2748,0.824,0.8114,49221.3135,784.7355,0.7701,0.8887,1.0815,17.4819,0.0316,7.1478,0.2185,0.1039,0.0707,0.3449,5,Spinach Blight (Cucumber Mosaic Virus)
spinach_4_0155.jpg,120.9064,112.7541,54.6364,43.8248,31.4649,22.7354,7.8541,0.6645,0.3393,0.6842,0.9374,44860.1467,954.463,0.7856,0.8775,1.1558,12.1543,0.0151,7.9042,0.2631,0.1359,0.0872,0.5445,4,Cladosporium Leaf Spot
spinach_3_0097.jpg,104.9535,118.5635,81.0247,27.3702,23.7069,21.7251,5.7711,0.794,0.3827,0.8373,0.6161,58642.1557,1081.4241,0.7998,0.8893,1.2518,3.9274,0.0197,3.5379,0.1485,0.1506,0.0761,0.3211,3,White Rust
spinach_4_0078.jpg,105.9204,130.6245,74.7844,27.5693,29.1963,29.3606,8.3961,0.4902,0.3755,0.5915,0.6329,41861.26,1009.0407,0.7399,0.8983,1.1163,18.6473,0.0364,8.1859,0.2769,0.1596,0.1088,0.3816,4,Cladosporium Leaf Spot
spinach_3_0017.jpg,125.5906,130.0322,63.3784,21.0645,24.3558,19.6105,5.5395,0.7972,0.4259,0.6779,0.3954,66633.258,1052.8173,0.8604,0.9031,1.1108,4.7385,0.0065,2.9402,0.2363,0.1536,0.0457,0.2548,3,White Rust
spinach_3_0026.jpg,134.8435,129.2931,65.3446,23.9861,24.7314,23.1697,5.0126,0.8401,0.4149,0.842,0.6516,54887.4817,918.417,0.8228,0.8976,1.1259,9.202,0.0064,4.8543,0.1076,0.1029,0.071,0.2215,3,White Rust
spinach_0_0159.jpg,103.2855,124.8018,69.8913,26.6819,18.1867,9.6158,0.01,1.0,0.5728,0.8347,0.3926,44613.4612,1062.3095,0.7464,0.9642,1.1241,7.7181,0.0081,2.7358,0.136,0.1049,0.0487,0.1814,0,No Disease
spinach_0_0003.jpg,113.7143,141.4596,77.4313,20.3379,18.4456,17.5252,0.01,0.8744,0.5424,0.8353,0.3925,59474.7066,833.4169,0.8281,0.8879,1.0932,2.651,0.0107,2.4802,0.1397,0.0661,0.0284,0.2686,0,No Disease
spinach_0_0124.jpg,129.9393,128.9325,79.8454,24.8525,12.0215,16.9731,1.8172,0.9443,0.5985,0.9637,0.4275,51160.6297,1029.6064,0.8048,0.9483,1.0668,0.0,0.0015,0.0825,0.1393,0.119,0.0361,0.3145,0,No Disease
spinach_3_0136.jpg,134.1424,152.1782,68.1821,26.1277,21.0841,21.925,5.4634,0.8761,0.3089,0.7636,0.5839,51368.5802,811.0827,0.702,0.9402,1.0494,0.9804,0.0239,4.8262,0.1642,0.0834,0.0672,0.3772,3,White Rust
spinach_3_0025.jpg,123.6314,110.5319,54.6733,30.9452,23.8453,18.5847,3.2551,0.6833,0.476,0.7559,0.7047,50576.1814,910.872,0.6967,0.911,1.1242,6.5089,0.0131,4.5884,0.2457,0.1258,0.0986,0.3297,3,White Rust
spinach_1_0050.jpg,97.9663,138.1471,56.975,31.3625,29.5417,18.5227,6.5035,0.6871,0.2823,0.7686,0.5629,48799.5549,1097.5343,0.6984,0.9196,1.0204,13.633,0.0224,5.4828,0.1428,0.0994,0.1032,0.4517,1,Downy Mildew
spinach_1_0037.jpg,114.6744,133.7355,61.5752,19.9325,28.9453,10.0448,4.7412,0.6904,0.4419,0.7993,0.7227,47437.9756,958.6582,0.8017,0.8672,1.252,4.2449,0.0234,5.5019,0.2038,0.1102,0.1007,0.1852,1,Downy Mildew
spinach_3_0079.jpg,108.6604,133.4407,64.3914,24.3836,23.2636,26.3943,2.0809,0.8401,0.259,0.8776,0.3457,63681.9732,866.0232,0.8574,0.9471,1.0751,6.561,0.0103,5.4173,0.1488,0.0872,0.0834,0.2082,3,White Rust
spinach_3_0158.jpg,124.2667,140.0262,83.1667,23.6068,22.0963,16.3871,6.3104,0.7251,0.5418,0.6645,0.6049,48281.5335,978.0518,0.7792,0.9066,1.0791,4.5984,0.0237,2.1125,0.1566,0.1338,0.1103,0.2793,3,White Rust
spinach_2_0160.jpg,119.7334,118.1668,70.4846,33.7548,29.6198,30.5306,6.8349,0.685,0.3791,0.8081,0.6903,46758.6131,938.7676,0.751,0.9133,1.1131,13.2424,0.0315,3.422,0.2381,0.1415,0.1816,0.3625,2,Anthracnose
spinach_3_0030.jpg,132.1337,118.2916,71.7764,27.6335,32.072,24.1819,5.4189,0.8787,0.5031,0.7478,0.4355,48653.172,900.9926,0.7905,0.8666,1.0924,8.1143,0.0214,6.9282,0.1793,0.0836,0.0245,0.335,3,White Rust
spinach_4_0110.jpg,124.7584,107.1223,57.4612,34.03,25.8677,21.7652,7.625,0.7173,0.4345,0.6085,0.8061,50467.9412,789.1765,0.7722,0.8584,1.163,24.2099,0.0307,6.3317,0.3227,0.2386,0.1021,0.3782,4,Cladosporium Leaf Spot
spinach_2_0136.jpg,101.5753,128.8708,51.5631,34.8784,24.8486,23.5657,4.6436,0.6313,0.31,0.7158,0.6993,52313.2495,830.9477,0.7442,0.9046,0.9976,18.3137,0.0261,5.513,0.2531,0.1569,0.0685,0.2651,2,Anthracnose
spinach_1_0143.jpg,99.0901,123.5919,40.849,28.2046,28.0489,17.3534,4.6998,0.8139,0.29,0.6675,0.5872,47238.3258,870.6133,0.7142,0.9154,1.0881,12.1968,0.0216,5.172,0.1177,0.1497,0.0717,0.2967,1,Downy Mildew
spinach_5_0073.jpg,91.4753,124.8509,54.7702,34.8286,17.4235,21.5818,9.1632,0.7658,0.4337,0.6566,0.5765,56221.9791,917.2339,0.8634,0.9018,1.0675,15.0666,0.0261,5.0941,0.1393,0.1882,0.101,0.2915,5,Spinach Blight (Cucumber Mosaic Virus)
spinach_2_0139.jpg,123.1478,113.3279,52.9928,37.0674,29.8975,19.3228,4.9199,0.7727,0.3813,0.5916,0.5117,44419.8064,756.0515,0.6772,0.8725,1.0065,12.1493,0.0405,5.6197,0.2216,0.1804,0.1041,0.382,2,Anthracnose
spinach_0_0024.jpg,120.6472,135.0205,64.471,17.7572,19.2617,8.737,3.0837,0.8569,0.6718,0.7124,0.3413,43567.6592,837.3771,0.7849,0.9255,1.0997,1.3633,0.0076,0.0,0.1353,0.1065,0.0496,0.2445,0,No Disease
spinach_2_0031.jpg,114.2268,101.3619,57.4357,24.1571,21.4096,29.5829,7.1007,0.6966,0.2191,0.6582,0.7361,50970.6813,664.597,0.8124,0.9092,1.1827,11.3791,0.0091,4.3058,0.1751,0.1895,0.0421,0.3141,2,Anthracnose
spinach_0_0165.jpg,109.2036,145.007,80.7238,15.3184,12.4678,16.8396,1.879,0.7491,0.61,0.7503,0.3255,58758.4069,1102.4879,0.6971,0.9218,1.1234,9.1249,0.0021,0.3416,0.1774,0.065,0.0581,0.0818,0,No Disease
spinach_2_0102.jpg,107.3652,114.915,64.9153,34.8656,33.9922,24.7024,6.813,0.6598,0.2412,0.7938,0.6578,52529.4853,947.8997,0.7253,0.8769,1.2038,15.1617,0.0224,5.8726,0.2843,0.1974,0.0733,0.4807,2,Anthracnose
spinach_2_0134.jpg,113.784,106.3251,57.7676,23.1392,27.4994,24.4826,7.545,0.6077,0.3526,0.7376,0.6689,48563.4731,1070.3468,0.7429,0.927,0.9876,16.6191,0.0327,5.1813,0.1691,0.0812,0.0946,0.3921,2,Anthracnose
spinach_1_0169.jpg,119.9402,109.4949,63.7927,23.0301,23.0681,14.2585,6.1883,0.6043,0.4419,0.6741,0.525,56773.6605,958.7918,0.859,0.949,1.0382,15.9959,0.0083,6.143,0.1653,0.0928,0.0954,0.3856,1,Downy Mildew
spinach_4_0162.jpg,120.5713,94.0673,58.3956,31.9817,26.764,33.6855,11.3014,0.7126,0.266,0.7945,0.8219,45790.1017,893.2717,0.8475,0.875,1.0812,19.2659,0.0252,7.0138,0.2187,0.2247,0.1073,0.4133,4,Cladosporium Leaf Spot
spinach_3_0179.jpg,124.1988,123.2427,69.118,22.3524,17.0701,25.067,8.4885,0.9254,0.512,0.7614,0.543,53528.0113,862.9752,0.8591,0.8691,1.0863,11.2043,0.0102,3.5677,0.1997,0.1807,0.0377,0.1706,3,White Rust
spinach_0_0070.jpg,114.4277,128.1651,68.3558,13.0678,9.9502,14.3046,0.7597,0.9302,0.6162,0.9025,0.4439,59888.841,813.2406,0.7667,0.9583,1.2212,0.0,0.0035,3.6446,0.1254,0.0878,0.0346,0.1693,0,No Disease
spinach_4_0148.jpg,121.1986,121.0572,58.2112,32.5982,28.797,18.9173,8.6471,0.6266,0.365,0.6546,0.724,54874.5503,943.3134,0.8738,0.9024,1.0542,20.4671,0.0182,11.2866,0.2837,0.2774,0.1083,0.3006,4,Cladosporium Leaf Spot
spinach_4_0123.jpg,102.9369,115.4314,50.8507,42.0476,31.1965,24.6175,11.1274,0.5258,0.329,0.8,0.7456,62734.0689,968.5605,0.8684,0.9234,1.0701,16.0472,0.0331,5.7235,0.2667,0.1898,0.1722,0.4375,4,Cladosporium Leaf Spot
spinach_0_0068.jpg,113.3992,141.6065,71.1603,26.8193,15.8167,7.877,0.6345,0.9441,0.6116,0.7703,0.3476,49091.3933,883.453,0.6874,0.9143,1.0617,5.0861,0.0125,0.9375,0.0804,0.0856,0.0196,0.1083,0,No Disease
spinach_5_0005.jpg,103.7554,105.5591,56.9509,21.0073,21.848,25.0368,5.674,0.6333,0.3321,0.7755,0.6419,46363.9779,839.1612,0.9424,0.9305,1.2075,4.9916,0.0228,4.2394,0.2372,0.1924,0.0982,0.2702,5,Spinach Blight (Cucumber Mosaic Virus)
spinach_3_0151.jpg,125.2038,122.3278,63.0278,30.1086,20.949,17.5141,3.7321,0.8214,0.6001,0.6301,0.8301,52518.7311,963.0224,0.7538,0.9199,1.1254,3.8036,0.0106,6.1322,0.0924,0.1376,0.0607,0.2031,3,White Rust
spinach_2_0178.jpg,108.2781,102.0036,60.4564,27.6877,27.9252,23.6206,7.6576,0.72,0.3525,0.7129,0.7136,37855.5485,944.6526,0.809,0.9141,0.9771,12.7369,0.0183,7.4403,0.1597,0.1229,0.1234,0.2997,2,Anthracnose
spinach_0_0043.jpg,102.4417,130.8359,79.3949,20.1731,15.586,14.5753,2.3793,0.9493,0.5,0.8071,0.5305,49938.3156,778.3158,0.7966,0.9416,0.9975,2.9179,0.0119,1.8739,0.1316,0.0238,0.0483,0.1758,0,No Disease
spinach_3_0067.jpg,138.5129,134.6184,70.103,28.8728,16.2543,15.4921,2.5912,0.7614,0.4333,0.6795,0.5649,51021.9054,1023.224,0.9008,0.9314,1.0543,10.5869,0.0171,3.5678,0.1269,0.1014,0.0656,0.3443,3,White Rust
spinach_3_0004.jpg,123.305,159.4666,61.6194,27.4764,23.3007,17.6419,5.0739,0.7342,0.4314,0.6637,0.5476,55995.4675,910.7426,0.8454,0.9345,1.1052,5.4883,0.0131,1.3531,0.1566,0.1258,0.1129,0.3223,3,White Rust
spinach_3_0168.jpg,113.0406,127.2135,76.1852,31.2565,20.9622,21.0442,6.8353,0.6337,0.4243,0.9213,0.5799,45853.9196,916.7282,0.8413,0.8563,1.1241,6.5103,0.0039,4.1475,0.1632,0.119,0.0613,0.1983,3,White Rust
spinach_4_0007.jpg,94.7781,120.5466,57.5977,37.6859,26.8731,29.5545,6.459,0.6074,0.319,0.6947,0.7968,54111.1258,916.6831,0.8297,0.8676,1.1011,24.4328,0.0206,8.3802,0.3038,0.2484,0.1482,0.398,4,Cladosporium Leaf Spot
spinach_5_0035.jpg,91.1059,87.6507,74.9852,27.2325,30.3768,26.3058,4.5624,0.6355,0.5396,0.7251,0.584,44274.1335,855.8544,0.9005,0.9171,1.1045,18.3541,0.0352,6.0014,0.3488,0.1401,0.1175,0.3086,5,Spinach Blight (Cucumber Mosaic Virus)
spinach_3_0063.jpg,132.0501,132.6956,62.6119,28.5819,16.3524,21.8307,5.4333,0.748,0.4918,0.7871,0.5997,44829.4885,966.4502,0.8416,0.928,1.1581,7.5603,0.0241,4.1174,0.1126,0.1528,0.0291,0.3026,3,White Rust
spinach_3_0020.jpg,119.5705,128.9461,66.602,21.1995,16.739,11.4878,2.1663,0.9288,0.4075,0.9132,0.5903,51251.2099,754.9395,0.7803,0.9673,1.2346,9.097,0.0078,2.2771,0.1274,0.1711,0.1108,0.2957,3,White Rust
spinach_1_0059.jpg,120.6919,118.3269,55.947,30.177,28.4335,17.0574,6.64,0.6974,0.4313,0.8592,0.6907,54979.3599,1090.879,0.7478,0.8854,1.0422,8.982,0.0012,4.4266,0.1628,0.1614,0.0888,0.2619,1,Downy Mildew
spinach_4_0047.jpg,126.9324,128.2851,59.547,27.032,29.9351,29.4427,8.8968,0.5031,0.3484,0.5261,0.8404,47034.9613,767.6879,0.8391,0.904,1.0886,26.7668,0.0391,6.3391,0.296,0.1786,0.1617,0.4125,4,Cladosporium Leaf Spot
spinach_2_0002.jpg,114.146,100.6332,62.1534,22.9324,30.1405,20.9712,7.0142,0.5765,0.3898,0.7649,0.6093,46964.1646,925.4621,0.8288,0.8391,1.2412,16.1142,0.0326,5.8416,0.1372,0.187,0.0959,0.3935,2,Anthracnose
spinach_1_0158.jpg,119.8622,107.6487,62.8942,28.5571,22.5848,23.1013,5.8803,0.6967,0.2751,0.7693,0.5147,48108.2869,947.9124,0.875,0.909,1.1443,4.2221,0.022,4.6922,0.2515,0.1084,0.074,0.3947,1,Downy Mildew
spinach_0_0022.jpg,110.8078,138.3754,70.6367,16.1026,19.1515,11.5939,3.1315,0.9868,0.6093,0.86,0.4654,50456.6347,1013.5547,0.6601,0.9216,0.9607,0.0,0.0169,2.8113,0.064,0.0199,0.0,0.1565,0,No Disease
spinach_0_0179.jpg,110.5195,119.5892,76.4028,24.0886,19.1814,14.1214,2.9604,0.9137,0.5178,1.0,0.3848,55878.7615,678.1386,0.8466,0.9667,1.1224,4.2351,0.0105,0.043,0.1274,0.0477,0.0248,0.2902,0,No Disease
spinach_0_0120.jpg,102.6485,166.0407,83.1366,15.7353,20.2379,11.6739,0.01,0.9816,0.6728,0.9532,0.373,51166.1213,994.9766,0.7935,0.9202,0.9905,2.4555,0.0146,0.0,0.1319,0.0933,0.0588,0.2698,0,No Disease
spinach_2_0123.jpg,104.522,107.9917,67.7682,27.7138,24.9472,21.5074,6.8895,0.5541,0.3369,0.7161,0.7123,55789.9653,1063.9392,0.8907,0.9229,1.0681,11.5077,0.0271,7.154,0.2711,0.1849,0.107,0.4129,2,Anthracnose
spinach_4_0074.jpg,123.5791,126.2715,62.2018,30.4903,18.8116,23.1672,6.9055,0.6498,0.3896,0.6827,0.8863,47658.4288,829.0224,0.8523,0.8942,1.0502,25.3861,0.0386,7.157,0.2357,0.2431,0.1352,0.392,4,Cladosporium Leaf Spot
spinach_2_0035.jpg,115.285,127.56,52.6791,34.5904,31.5236,29.0515,4.1637,0.6074,0.4459,0.5144,0.7392,55299.0221,822.3625,0.7742,0.8731,1.0383,12.0297,0.0215,4.7722,0.2164,0.1487,0.1569,0.3185,2,Anthracnose
spinach_2_0180.jpg,106.657,111.6599,58.7197,36.1986,30.3845,16.5113,8.0336,0.6889,0.3722,0.6984,0.7105,46540.566,861.7649,0.871,0.8824,0.9976,13.7532,0.018,2.999,0.2128,0.2179,0.109,0.3643,2,Anthracnose
spinach_0_0143.jpg,77.5056,138.5718,69.4957,15.9075,22.4073,13.695,1.6983,0.8698,0.4267,0.8008,0.5161,41450.2468,843.3685,0.746,0.9736,1.1815,0.0,0.0164,0.0,0.1505,0.0256,0.0668,0.1675,0,No Disease
spinach_1_0179.jpg,116.3642,126.7424,59.5899,28.1597,26.0541,21.7934,3.4964,0.6601,0.4619,0.863,0.6252,48941.6579,922.434,0.7218,0.9427,1.1149,7.3222,0.0187,3.8513,0.2556,0.1219,0.0839,0.3559,1,Downy Mildew
spinach_1_0032.jpg,100.38,127.4186,72.694,19.6705,20.7813,18.8838,5.1204,0.6123,0.4776,0.8066,0.6608,46648.1316,908.6511,0.736,0.9017,1.2723,10.3828,0.0105,5.1246,0.1224,0.082,0.054,0.2745,1,Downy Mildew
spinach_1_0179.jpg,116.3642,126.7424,59.5899,28.1597,26.0541,21.7934,3.4964,0.6601,0.4619,0.863,0.6252,48941.6579,922.434,0.7218,0.9427,1.1149,7.3222,0.0187,3.8513,0.2556,0.1219,0.0839,0.3559,1,Downy Mildew
spinach_3_0144.jpg,106.6187,128.5715,76.8594,34.1502,33.43,20.2014,5.5784,0.8354,0.562,0.8019,0.6426,53798.869,957.2224,0.7249,0.9118,1.0682,3.2444,0.0038,3.2375,0.1568,0.1242,0.0839,0.295,3,White Rust
spinach_3_0147.jpg,117.6585,140.2608,78.1413,27.5818,27.132,24.4365,3.0679,0.8051,0.5396,0.7495,0.4709,54152.0323,756.8371,0.7147,0.9033,1.146,8.8757,0.0253,2.3406,0.1212,0.141,0.05,0.2317,3,White Rust
spinach_0_0101.jpg,100.0978,129.2098,49.8986,17.8265,18.8468,13.0271,5.2901,0.9011,0.6833,0.8983,0.5026,53396.2078,1056.8785,0.7734,0.9424,1.1493,0.8469,0.0092,5.2219,0.0865,0.0968,0.0714,0.2912,0,No Disease
spinach_1_0119.jpg,113.8042,130.1257,54.9437,35.2429,35.1975,22.9131,5.4815,0.6364,0.5537,0.7653,0.5811,53405.8704,841.4288,0.7988,0.8739,1.187,9.5824,0.0293,4.438,0.1832,0.0815,0.099,0.2399,1,Downy Mildew
spinach_2_0177.jpg,113.5161,125.914,63.5462,31.5352,27.9324,25.1893,8.2976,0.5718,0.3998,0.6871,0.6508,56479.8219,806.6854,0.7163,0.9199,0.9664,6.2882,0.0343,6.3857,0.2536,0.1423,0.0754,0.2551,2,Anthracnose
spinach_3_0027.jpg,124.8255,136.7321,60.4385,27.8399,18.1792,29.1519,4.6139,0.6763,0.3813,0.8603,0.5091,44681.181,990.3713,0.7551,0.9363,1.1848,9.0979,0.0362,0.8955,0.1291,0.1098,0.1265,0.4238,3,White Rust
spinach_4_0110.jpg,124.7584,107.1223,57.4612,34.03,25.8677,21.7652,7.625,0.7173,0.4345,0.6085,0.8061,50467.9412,789.1765,0.7722,0.8584,1.163,24.2099,0.0307,6.3317,0.3227,0.2386,0.1021,0.3782,4,Cladosporium Leaf Spot
spinach_0_0036.jpg,115.9998,137.5455,62.0464,18.4045,18.0862,14.1917,1.0176,0.9202,0.5397,0.836,0.4511,49990.0371,944.4104,0.7864,0.9015,1.0815,7.7511,0.0,0.0,0.0069,0.0812,0.0408,0.1906,0,No Disease
spinach_4_0024.jpg,108.374,134.6517,55.8651,40.8953,28.4547,23.4538,8.2767,0.5991,0.4301,0.722,0.8688,51422.5987,844.3646,0.7895,0.8794,1.1873,22.0091,0.0333,5.8323,0.347,0.1955,0.1267,0.514,4,Cladosporium Leaf Spot
spinach_4_0062.jpg,111.3418,105.8461,63.909,28.536,26.0536,24.429,7.5674,0.7188,0.3267,0.7412,0.7806,50057.355,905.822,0.7125,0.8985,1.1379,21.9634,0.0232,4.7658,0.2432,0.2454,0.1355,0.328,4,Cladosporium Leaf Spot
spinach_3_0054.jpg,117.1117,128.5044,68.4751,24.13,19.5525,18.5437,3.4501,0.7556,0.5491,0.6741,0.5846,58400.4635,886.6813,0.7483,0.9431,1.0313,7.9092,0.0087,0.6338,0.1624,0.0695,0.0697,0.3692,3,White Rust
spinach_5_0086.jpg,95.8352,123.8684,57.9298,26.7238,22.7649,24.0407,3.4769,0.6702,0.2622,0.7081,0.7223,53204.4825,797.2402,0.842,0.8954,1.1989,11.4801,0.0002,7.0104,0.187,0.139,0.0984,0.226,5,Spinach Blight (Cucumber Mosaic Virus)
spinach_0_0125.jpg,118.6847,141.6774,65.4249,27.8769,16.6949,15.5047,1.4227,0.8288,0.4625,0.9243,0.3417,67297.6561,811.3926,0.6946,0.9428,1.2423,2.2584,0.0106,0.0,0.0661,0.0371,0.0,0.2094,0,No Disease
spinach_2_0115.jpg,102.9964,116.001,63.6699,25.8777,32.4771,23.2915,6.7193,0.5193,0.3501,0.726,0.8645,52839.4458,992.6216,0.7275,0.8968,1.1777,10.4491,0.0347,7.42,0.2437,0.1469,0.0853,0.492,2,Anthracnose
spinach_0_0105.jpg,88.4011,142.3968,64.9003,14.2008,14.7904,14.2668,0.9048,0.9471,0.5443,0.9486,0.4481,48512.214,833.406,0.6712,0.9373,1.0916,0.0,0.0017,0.0,0.1788,0.0119,0.004,0.2888,0,No Disease
spinach_2_0096.jpg,114.101,123.6746,60.3234,29.5045,25.706,24.177,7.886,0.7724,0.4047,0.6676,0.6573,43385.3153,1046.1214,0.7675,0.9242,1.1021,15.2149,0.0261,4.682,0.1816,0.2291,0.1128,0.44,2,Anthracnose
spinach_0_0034.jpg,109.4255,152.7463,77.083,23.7001,20.1845,16.3632,0.01,0.9067,0.5355,0.7904,0.5882,60644.9767,1055.9221,0.7853,0.9638,1.121,2.8112,0.0,1.9146,0.103,0.0279,0.0387,0.1936,0,No Disease
spinach_2_0037.jpg,112.7515,114.7067,62.3574,34.1567,29.3872,21.7872,8.5867,0.6102,0.2744,0.4763,0.683,45892.2678,919.7754,0.6817,0.8838,1.1176,9.8807,0.0303,5.0974,0.2284,0.1838,0.1338,0.3574,2,Anthracnose
spinach_5_0107.jpg,117.6041,124.3304,57.9727,30.7106,37.5134,19.5012,6.381,0.7511,0.3512,0.8534,0.6027,42554.8244,817.5018,0.8492,0.88,1.1142,14.2502,0.0143,4.3853,0.2274,0.1781,0.0765,0.3521,5,Spinach Blight (Cucumber Mosaic Virus)
spinach_2_0135.jpg,100.2237,117.0664,46.1886,28.8306,21.2648,22.6881,6.1482,0.5848,0.3273,0.6346,0.5586,55413.7291,843.9825,0.6679,0.8844,1.1532,10.9546,0.039,4.558,0.2552,0.2015,0.1213,0.24,2,Anthracnose
spinach_0_0140.jpg,102.9355,150.2723,68.6539,17.1317,22.8175,13.7752,3.8776,0.9343,0.5526,0.9136,0.452,57104.4141,865.1654,0.7725,0.9285,1.1763,0.0,0.0141,2.0394,0.0342,0.1283,0.0959,0.2801,0,No Disease
spinach_4_0029.jpg,120.0158,139.663,68.4661,30.3879,34.0701,26.3866,8.1308,0.6218,0.324,0.7056,0.774,46857.886,812.3148,0.8084,0.9007,1.0449,13.472,0.044,9.3695,0.1706,0.2436,0.1248,0.4052,4,Cladosporium Leaf Spot
spinach_2_0064.jpg,134.36,106.7833,58.6961,23.9043,27.2081,22.465,4.4679,0.9061,0.3404,0.6654,0.7869,59071.2744,992.6437,0.7279,0.9053,0.9295,17.6068,0.0139,4.6542,0.2298,0.1778,0.1035,0.4715,2,Anthracnose
spinach_3_0070.jpg,131.6498,140.8529,63.6362,29.5103,22.0949,16.1198,5.3977,0.789,0.5368,0.8382,0.5391,49139.5653,905.1744,0.8018,0.9321,1.1341,7.637,0.025,2.7863,0.294,0.1505,0.0418,0.2948,3,White Rust
spinach_4_0136.jpg,114.6779,111.7869,57.3837,37.3641,19.1205,26.0186,12.3858,0.7925,0.3859,0.7522,0.8907,49870.74,982.4794,0.8973,0.8584,1.1161,19.4459,0.0348,7.5263,0.2816,0.2026,0.158,0.4281,4,Cladosporium Leaf Spot
spinach_3_0116.jpg,135.5299,147.5689,64.8352,22.872,30.7086,19.3395,2.4972,0.8506,0.4715,0.8854,0.5743,51399.9926,1057.6121,0.6877,0.9054,1.039,0.0,0.024,2.9966,0.2153,0.1356,0.0852,0.2436,3,White Rust
spinach_3_0069.jpg,147.6763,122.2081,65.0566,19.8131,16.82,18.1914,5.8815,0.8732,0.4291,0.7093,0.5979,54039.8179,929.0376,0.7965,0.9172,1.1179,7.2734,0.0256,8.0112,0.179,0.1197,0.0764,0.2274,3,White Rust
spinach_3_0121.jpg,133.4828,149.1109,78.2493,27.2043,10.7197,17.46,7.0519,0.8998,0.569,0.7635,0.4193,51296.8421,906.4807,0.8739,0.9257,1.1113,8.294,0.0202,5.1276,0.1338,0.0777,0.1043,0.1487,3,White Rust
spinach_2_0180.jpg,106.657,111.6599,58.7197,36.1986,30.3845,16.5113,8.0336,0.6889,0.3722,0.6984,0.7105,46540.566,861.7649,0.871,0.8824,0.9976,13.7532,0.018,2.999,0.2128,0.2179,0.109,0.3643,2,Anthracnose
spinach_3_0136.jpg,134.1424,152.1782,68.1821,26.1277,21.0841,21.925,5.4634,0.8761,0.3089,0.7636,0.5839,51368.5802,811.0827,0.702,0.9402,1.0494,0.9804,0.0239,4.8262,0.1642,0.0834,0.0672,0.3772,3,White Rust
spinach_3_0108.jpg,120.2134,145.0188,73.7834,15.8236,27.2255,17.557,5.2017,0.6949,0.4897,0.9586,0.5627,49200.7614,881.7839,0.6919,0.9562,1.135,3.8044,0.0089,4.0275,0.2166,0.074,0.0978,0.2727,3,White Rust
spinach_2_0075.jpg,101.3034,116.0036,65.6361,34.5715,30.9742,24.2115,8.2308,0.7898,0.414,0.5714,0.6371,53481.8504,817.2904,0.8972,0.8984,1.0868,18.499,0.0255,6.4173,0.275,0.1011,0.1029,0.4163,2,Anthracnose
spinach_1_0128.jpg,111.1152,136.8832,60.9745,34.895,26.1933,24.7438,1.8211,0.7332,0.4628,0.7757,0.7061,49170.4788,904.8787,0.8609,0.853,1.1471,8.6645,0.0127,5.4058,0.2514,0.1716,0.0766,0.3801,1,Downy Mildew
spinach_2_0113.jpg,112.1853,123.1639,48.887,31.758,28.026,23.5561,5.8384,0.7751,0.544,0.6223,0.762,35610.7492,946.861,0.6878,0.8869,0.975,13.1376,0.0337,2.7568,0.212,0.1395,0.1495,0.3845,2,Anthracnose
spinach_1_0162.jpg,110.4695,140.0988,70.9602,29.8834,25.9773,15.0106,6.5041,0.7904,0.5296,0.9083,0.4407,49057.6159,825.7733,0.8004,0.9103,1.0813,14.1104,0.0112,2.926,0.1388,0.1156,0.0493,0.3061,1,Downy Mildew
spinach_0_0082.jpg,115.241,142.1887,73.2579,18.9548,20.3926,13.5169,2.4005,0.9698,0.5351,0.8369,0.3006,46677.6363,737.1605,0.8138,0.9752,1.234,0.0,0.0118,3.7598,0.0772,0.0841,0.0,0.2213,0,No Disease
spinach_0_0041.jpg,101.8209,129.4629,72.9538,17.1428,16.1692,22.5287,1.7115,0.9331,0.5614,0.8853,0.4206,54241.6203,1036.5308,0.8688,0.9377,1.1672,0.0,0.0053,2.8925,0.1433,0.0885,0.0622,0.2393,0,No Disease
spinach_3_0094.jpg,107.9482,127.8507,57.0273,16.0002,20.1849,19.7191,6.8069,0.8204,0.5067,0.7175,0.6385,58456.1642,944.4571,0.8054,0.8884,1.1944,15.1233,0.0196,2.9302,0.1619,0.1032,0.061,0.3318,3,White Rust
spinach_5_0160.jpg,99.2336,113.6483,77.3432,29.8796,31.9443,14.1874,5.6476,0.7417,0.4865,0.7839,0.7176,54805.2892,917.502,0.6814,0.9361,1.023,13.2545,0.0254,5.4852,0.1547,0.0725,0.0649,0.4061,5,Spinach Blight (Cucumber Mosaic Virus)
spinach_2_0043.jpg,108.6747,114.2488,68.3784,46.1675,33.0994,20.7387,8.0706,0.7339,0.306,0.6117,0.6837,54038.538,718.8192,0.7567,0.9143,1.0833,19.6651,0.0157,10.3339,0.1531,0.0788,0.1085,0.2592,2,Anthracnose
spinach_0_0023.jpg,129.2042,143.7837,67.5234,22.3254,9.1952,13.8107,2.1691,0.8931,0.6433,0.9041,0.4868,48558.1386,1009.7815,0.8677,0.9057,1.049,7.3431,0.0045,3.7269,0.0779,0.1382,0.0433,0.2207,0,No Disease
spinach_1_0076.jpg,101.5093,126.8378,73.5979,29.3037,34.089,21.7089,9.6613,0.7542,0.4318,0.6704,0.7211,48489.3744,835.2952,0.8669,0.939,1.1906,8.5512,0.0196,4.6923,0.2291,0.1921,0.0892,0.468,1,Downy Mildew
spinach_4_0117.jpg,104.5219,104.2954,61.4971,37.5459,30.798,27.7212,5.8876,0.5842,0.1643,0.65,0.5436,57163.3085,1045.4821,0.7984,0.8522,1.1001,25.4365,0.0378,9.633,0.2457,0.1552,0.1282,0.2359,4,Cladosporium Leaf Spot
spinach_2_0045.jpg,94.1721,98.0114,49.0385,31.7476,26.9837,27.1959,5.436,0.726,0.3709,0.634,0.7285,49669.9407,817.0881,0.8025,0.8968,1.0677,12.3496,0.0166,6.2346,0.1899,0.1192,0.104,0.4087,2,Anthracnose
spinach_0_0068.jpg,113.3992,141.6065,71.1603,26.8193,15.8167,7.877,0.6345,0.9441,0.6116,0.7703,0.3476,49091.3933,883.453,0.6874,0.9143,1.0617,5.0861,0.0125,0.9375,0.0804,0.0856,0.0196,0.1083,0,No Disease
spinach_3_0006.jpg,128.2872,129.9587,68.4499,27.5159,21.839,21.6514,6.2711,0.7681,0.2245,0.8975,0.5202,47383.5989,792.589,0.7598,0.9059,1.051,5.2715,0.0212,7.6547,0.211,0.1649,0.0606,0.2884,3,White Rust
spinach_0_0029.jpg,101.6267,137.438,76.9221,11.3466,17.822,13.4381,5.1413,0.8861,0.7134,0.8027,0.4787,53597.0013,833.0953,0.7806,0.9603,1.0941,0.0,0.0059,0.0,0.0829,0.0767,0.0,0.0707,0,No Disease
spinach_2_0058.jpg,103.9379,121.2187,57.7657,27.9634,26.5861,29.3782,6.2469,0.6422,0.2434,0.697,0.7557,54180.9906,890.8218,0.8574,0.9183,1.169,17.9372,0.0396,5.7946,0.1636,0.1865,0.1295,0.4756,2,Anthracnose
spinach_0_0176.jpg,95.3526,131.9179,77.0777,19.1554,17.982,10.1028,1.2152,0.947,0.6276,0.8293,0.4362,62994.2393,918.2402,0.7284,0.9257,1.1274,1.3953,0.0057,0.0,0.0519,0.074,0.0359,0.1547,0,No Disease
spinach_0_0166.jpg,103.2877,120.7444,63.5565,24.196,16.7505,13.7236,0.7271,0.8823,0.6041,0.9488,0.1575,47841.1941,935.9096,0.7641,0.9401,1.1414,0.7805,0.0018,0.7581,0.1574,0.0507,0.0384,0.2147,0,No Disease
spinach_2_0127.jpg,125.2124,113.6253,55.4682,25.637,28.6499,21.8115,6.5341,0.6725,0.4241,0.6605,0.6128,52158.6209,577.4275,0.7638,0.8712,1.1763,12.2363,0.0225,6.0125,0.2002,0.1439,0.1124,0.3162,2,Anthracnose
spinach_3_0168.jpg,113.0406,127.2135,76.1852,31.2565,20.9622,21.0442,6.8353,0.6337,0.4243,0.9213,0.5799,45853.9196,916.7282,0.8413,0.8563,1.1241,6.5103,0.0039,4.1475,0.1632,0.119,0.0613,0.1983,3,White Rust
spinach_5_0002.jpg,112.6874,99.2391,59.8986,18.3209,26.7565,24.5901,2.0558,0.7251,0.4483,0.7683,0.5304,53365.5999,870.9304,0.8455,0.8969,1.1205,16.4369,0.0224,5.9114,0.2725,0.1447,0.0619,0.3941,5,Spinach Blight (Cucumber Mosaic Virus)
spinach_2_0093.jpg,115.5946,120.1635,58.5504,33.9727,19.148,18.7403,6.5409,0.5645,0.3475,0.6738,0.821,50712.6685,982.943,0.8181,0.8866,1.0907,16.9177,0.0365,5.8618,0.1476,0.0913,0.1018,0.163,2,Anthracnose
spinach_2_0105.jpg,98.23,123.7549,56.0021,20.1677,27.5039,24.7559,8.6373,0.6741,0.3502,0.839,0.6907,53597.8092,826.046,0.8414,0.8636,1.043,9.1669,0.0222,8.3508,0.1994,0.1887,0.1479,0.3478,2,Anthracnose
spinach_4_0133.jpg,98.3387,118.0249,64.9324,34.6889,36.912,25.3291,7.5665,0.5254,0.3092,0.7095,0.8353,51823.095,944.7115,0.8666,0.8919,1.1794,15.0934,0.0334,6.6345,0.3096,0.1494,0.122,0.2412,4,Cladosporium Leaf Spot
spinach_1_0119.jpg,113.8042,130.1257,54.9437,35.2429,35.1975,22.9131,5.4815,0.6364,0.5537,0.7653,0.5811,53405.8704,841.4288,0.7988,0.8739,1.187,9.5824,0.0293,4.438,0.1832,0.0815,0.099,0.2399,1,Downy Mildew
spinach_2_0104.jpg,94.2359,90.4693,64.6507,28.1263,25.6929,26.3238,9.3749,0.7228,0.5342,0.7352,0.7202,51201.9441,751.4504,0.8574,0.8389,1.0331,14.0917,0.0207,5.2868,0.322,0.2042,0.0929,0.3124,2,Anthracnose
spinach_2_0118.jpg,87.444,127.3318,70.004,38.2961,32.1917,27.8061,7.09,0.5139,0.3822,0.7435,0.6765,49095.8194,783.5882,0.7399,0.946,1.2299,13.9894,0.0293,4.3345,0.2621,0.2304,0.0718,0.3871,2,Anthracnose
spinach_0_0094.jpg,117.5911,137.9554,69.3427,33.5199,18.9712,12.1221,0.8198,0.8246,0.6549,0.8545,0.4327,51682.4566,993.1492,0.7192,0.9031,1.1379,4.4038,0.0087,0.0,0.1339,0.0502,0.027,0.1245,0,No Disease
spinach_0_0029.jpg,101.6267,137.438,76.9221,11.3466,17.822,13.4381,5.1413,0.8861,0.7134,0.8027,0.4787,53597.0013,833.0953,0.7806,0.9603,1.0941,0.0,0.0059,0.0,0.0829,0.0767,0.0,0.0707,0,No Disease
spinach_1_0136.jpg,122.6668,115.5632,66.4156,31.5323,21.4934,17.1242,4.6939,0.6627,0.4219,0.7671,0.5794,59371.7962,828.0596,0.8735,0.884,1.1058,14.7324,0.0291,4.0435,0.2178,0.1468,0.0665,0.3593,1,Downy Mildew
spinach_0_0001.jpg,108.0472,127.5602,78.0036,24.7028,7.2448,9.7913,2.2173,0.8747,0.5787,0.8203,0.5079,55888.9597,926.6031,0.8376,0.9417,1.0513,3.475,0.0,2.7812,0.0975,0.0726,0.023,0.2978,0,No Disease
spinach_3_0027.jpg,124.8255,136.7321,60.4385,27.8399,18.1792,29.1519,4.6139,0.6763,0.3813,0.8603,0.5091,44681.181,990.3713,0.7551,0.9363,1.1848,9.0979,0.0362,0.8955,0.1291,0.1098,0.1265,0.4238,3,White Rust
spinach_2_0144.jpg,118.588,115.5395,61.6001,25.0654,39.7693,21.8646,7.3461,0.7253,0.3471,0.7005,0.6896,45429.8095,923.8589,0.701,0.9438,1.1434,16.5565,0.0131,4.6734,0.2995,0.326,0.1399,0.433,2,Anthracnose
spinach_3_0147.jpg,117.6585,140.2608,78.1413,27.5818,27.132,24.4365,3.0679,0.8051,0.5396,0.7495,0.4709,54152.0323,756.8371,0.7147,0.9033,1.146,8.8757,0.0253,2.3406,0.1212,0.141,0.05,0.2317,3,White Rust
spinach_5_0112.jpg,101.3315,119.8432,67.3704,34.4781,25.2145,19.8102,3.6136,0.6882,0.4413,0.7833,0.5101,55376.6256,772.5579,0.8027,0.8858,1.1234,12.3763,0.0294,8.7188,0.2299,0.1269,0.1015,0.4956,5,Spinach Blight (Cucumber Mosaic Virus)
spinach_5_0040.jpg,112.7869,118.1044,52.0658,32.7689,32.5179,22.6942,9.7657,0.6043,0.4548,0.6586,0.7559,52564.3043,1050.1356,0.84,0.8899,1.0507,10.9993,0.0199,7.8248,0.2738,0.0901,0.091,0.345,5,Spinach Blight (Cucumber Mosaic Virus)
spinach_5_0175.jpg,92.5684,101.344,62.38,37.7042,23.1156,23.7212,8.2207,0.7723,0.4814,0.8293,0.6808,47214.7555,884.7219,0.7897,0.963,1.0474,13.9326,0.012,5.6391,0.1956,0.177,0.1075,0.4534,5,Spinach Blight (Cucumber Mosaic Virus)
spinach_0_0004.jpg,103.087,124.9675,62.9337,15.4027,19.4858,15.5697,3.1738,0.8658,0.5927,0.9238,0.3891,54283.8762,853.8074,0.7482,0.9205,1.0243,3.9479,0.0022,1.2225,0.124,0.0979,0.0566,0.1921,0,No Disease
spinach_3_0156.jpg,120.7463,124.2435,55.5789,16.6464,30.8136,11.1489,6.8293,0.7043,0.5549,0.6258,0.5265,58770.122,976.321,0.7598,0.8714,1.0042,13.5566,0.0142,3.8707,0.1842,0.0679,0.0802,0.2464,3,White Rust
spinach_4_0012.jpg,120.704,129.1409,53.955,30.651,33.8845,24.76,5.6011,0.729,0.3229,0.7364,0.6205,49895.0663,940.9736,0.7848,0.8604,0.8791,24.0931,0.036,9.6002,0.3164,0.2139,0.122,0.4292,4,Cladosporium Leaf Spot
spinach_3_0177.jpg,137.5115,145.2585,75.1969,18.1013,20.7846,21.8697,6.281,0.9103,0.5455,0.8428,0.8134,51981.5454,876.0942,0.7906,0.8971,1.1154,1.0926,0.0128,3.7924,0.2175,0.1644,0.0459,0.4461,3,White Rust
spinach_1_0114.jpg,107.9614,114.9466,74.7858,23.1091,31.4011,23.1003,6.0608,0.7155,0.4829,0.7589,0.5731,54480.0239,885.6028,0.7421,0.925,1.0949,11.9556,0.0164,2.6236,0.2768,0.1919,0.1021,0.279,1,Downy Mildew
spinach_4_0113.jpg,103.9689,137.4372,58.9019,41.0269,30.3269,27.0272,7.4175,0.7426,0.3887,0.761,0.7778,50264.8067,949.513,0.8766,0.9154,1.0811,10.5711,0.0405,4.9103,0.2718,0.1854,0.0946,0.4198,4,Cladosporium Leaf Spot
spinach_3_0135.jpg,128.2761,146.3278,73.9685,38.3825,28.0903,19.645,3.2501,0.7491,0.4335,0.8158,0.48,57460.8859,766.0437,0.682,0.9166,1.0426,2.9671,0.0119,2.6293,0.1705,0.0952,0.0565,0.2796,3,White Rust
spinach_3_0092.jpg,117.8932,128.0155,75.3513,28.8506,17.3382,15.2224,4.5326,0.9424,0.3778,0.7687,0.5589,50956.7891,859.179,0.8493,0.9314,1.1777,10.3575,0.0242,6.8519,0.2366,0.213,0.1004,0.2264,3,White Rust
spinach_3_0056.jpg,124.3711,138.7384,76.5898,29.889,18.2513,19.7656,4.0375,0.6355,0.4513,0.9091,0.3788,51379.691,899.3862,0.7973,0.8959,0.996,2.4856,0.0276,2.2312,0.145,0.2042,0.0516,0.3074,3,White Rust
spinach_4_0037.jpg,106.4966,120.9327,58.0931,25.4969,26.5017,26.3186,8.0534,0.6349,0.3986,0.636,0.8959,45553.6447,1082.8003,0.8568,0.8811,1.0469,18.8269,0.0388,9.4702,0.203,0.2075,0.0771,0.3758,4,Cladosporium Leaf Spot
spinach_2_0131.jpg,117.7367,125.8651,52.5811,27.1823,26.3948,28.7748,9.8795,0.7435,0.4065,0.7935,0.6644,48045.2923,867.0978,0.7413,0.8956,0.9906,18.1,0.0313,8.6732,0.1485,0.2361,0.0707,0.2541,2,Anthracnose
spinach_3_0129.jpg,116.2283,142.9566,61.6569,27.8794,20.0443,19.0338,6.1942,0.8298,0.4468,0.747,0.7099,54446.6541,865.8858,0.7408,0.9456,1.1192,7.3458,0.0179,4.608,0.1672,0.1681,0.1015,0.3226,3,White Rust
spinach_0_0043.jpg,102.4417,130.8359,79.3949,20.1731,15.586,14.5753,2.3793,0.9493,0.5,0.8071,0.5305,49938.3156,778.3158,0.7966,0.9416,0.9975,2.9179,0.0119,1.8739,0.1316,0.0238,0.0483,0.1758,0,No Disease
spinach_0_0069.jpg,95.5978,132.0171,62.6922,20.8103,20.6486,8.6516,2.0427,0.8824,0.6073,0.8791,0.2746,45688.0535,922.9424,0.8317,0.8746,1.1477,6.7585,0.0048,2.1904,0.0648,0.0752,0.0,0.0125,0,No Disease
spinach_5_0047.jpg,112.2845,109.6778,62.7152,27.6733,26.5858,26.3443,7.9712,0.7109,0.4874,0.7539,0.7359,44358.1526,1043.8553,0.8232,0.8313,1.2228,12.0202,0.0208,4.3098,0.232,0.1145,0.0756,0.2958,5,Spinach Blight (Cucumber Mosaic Virus)
spinach_0_0145.jpg,103.2583,140.5205,80.6996,24.3158,16.1914,12.32,3.93,0.9619,0.4515,0.8581,0.4366,55894.1486,1011.0101,0.787,0.9446,1.1251,0.0,0.0039,1.2342,0.0983,0.0046,0.0301,0.2045,0,No Disease
spinach_1_0106.jpg,118.6447,136.9096,61.1099,24.734,23.1712,20.9703,2.5415,0.7769,0.3939,0.8483,0.6691,56850.332,798.8996,0.7677,0.8789,1.0436,15.0084,0.0319,2.7334,0.1671,0.127,0.0946,0.1692,1,Downy Mildew
spinach_1_0062.jpg,105.9598,129.2832,76.3622,35.5716,28.9366,22.35,3.7913,0.7975,0.4174,0.7992,0.5467,50135.3344,916.4147,0.8048,0.9223,1.0537,4.6269,0.033,9.2807,0.2124,0.077,0.0607,0.3507,1,Downy Mildew
spinach_0_0043.jpg,102.4417,130.8359,79.3949,20.1731,15.586,14.5753,2.3793,0.9493,0.5,0.8071,0.5305,49938.3156,778.3158,0.7966,0.9416,0.9975,2.9179,0.0119,1.8739,0.1316,0.0238,0.0483,0.1758,0,No Disease
spinach_0_0074.jpg,102.194,122.4926,63.7967,17.3109,23.1421,12.442,3.0884,0.8569,0.5998,0.8701,0.5073,49325.9433,762.7472,0.6871,0.9167,1.0201,3.6408,0.0023,5.4743,0.0131,0.0881,0.0118,0.1605,0,No Disease
spinach_2_0024.jpg,115.866,110.254,73.0682,32.1105,29.6569,30.0355,6.2366,0.6729,0.2797,0.6879,0.5411,53739.2468,921.9997,0.7834,0.8975,1.1409,9.4568,0.0286,7.3591,0.1409,0.1874,0.0681,0.3406,2,Anthracnose
spinach_4_0035.jpg,109.933,129.222,61.6417,31.3158,24.7608,17.1767,10.6222,0.6134,0.3056,0.613,0.8855,54906.7541,793.2761,0.8599,0.8864,1.0212,16.8256,0.0277,5.1224,0.3088,0.1812,0.1454,0.413,4,Cladosporium Leaf Spot
spinach_3_0006.jpg,128.2872,129.9587,68.4499,27.5159,21.839,21.6514,6.2711,0.7681,0.2245,0.8975,0.5202,47383.5989,792.589,0.7598,0.9059,1.051,5.2715,0.0212,7.6547,0.211,0.1649,0.0606,0.2884,3,White Rust
spinach_1_0037.jpg,114.6744,133.7355,61.5752,19.9325,28.9453,10.0448,4.7412,0.6904,0.4419,0.7993,0.7227,47437.9756,958.6582,0.8017,0.8672,1.252,4.2449,0.0234,5.5019,0.2038,0.1102,0.1007,0.1852,1,Downy Mildew
spinach_0_0029.jpg,101.6267,137.438,76.9221,11.3466,17.822,13.4381,5.1413,0.8861,0.7134,0.8027,0.4787,53597.0013,833.0953,0.7806,0.9603,1.0941,0.0,0.0059,0.0,0.0829,0.0767,0.0,0.0707,0,No Disease
spinach_2_0039.jpg,115.7085,118.209,58.8879,38.3962,23.8781,28.1257,5.7522,0.7687,0.4787,0.6795,0.8561,52345.1794,792.2728,0.7776,0.9283,1.1538,9.7678,0.0259,6.4663,0.2046,0.2543,0.1158,0.3451,2,Anthracnose
spinach_2_0145.jpg,116.2497,106.6775,65.9614,24.494,20.9471,17.9059,8.6587,0.6754,0.3881,0.6989,0.5774,46646.3455,817.9574,0.7157,0.8874,0.9935,16.3107,0.0323,3.7714,0.2152,0.2342,0.0855,0.3841,2,Anthracnose
spinach_0_0098.jpg,94.2244,124.844,84.6626,15.3826,11.7803,14.8436,1.8467,0.8278,0.5556,0.9661,0.3394,45031.6376,1014.2594,0.7995,0.9145,0.9934,0.0,0.0056,3.2982,0.0482,0.0766,0.0569,0.0095,0,No Disease
spinach_2_0041.jpg,113.5676,105.4356,55.5255,39.0173,24.6666,21.8559,5.3977,0.7717,0.1189,0.669,0.6854,46694.6134,966.3546,0.8721,0.8647,1.2475,8.307,0.0373,6.3697,0.2048,0.1436,0.1092,0.3667,2,Anthracnose
spinach_2_0061.jpg,110.6065,117.4492,55.8026,27.3874,24.2645,24.0847,5.6832,0.7563,0.4323,0.777,0.5771,41502.6173,879.5814,0.9739,0.9317,1.0356,15.698,0.0328,3.6369,0.2985,0.1533,0.1077,0.3519,2,Anthracnose
spinach_4_0102.jpg,123.6503,131.871,75.4293,33.9493,34.4961,26.9754,4.9699,0.6176,0.2706,0.6762,0.6809,53528.4045,988.1028,0.8622,0.9305,0.9359,13.204,0.0574,9.3171,0.2812,0.1913,0.1286,0.2353,4,Cladosporium Leaf Spot
spinach_2_0031.jpg,114.2268,101.3619,57.4357,24.1571,21.4096,29.5829,7.1007,0.6966,0.2191,0.6582,0.7361,50970.6813,664.597,0.8124,0.9092,1.1827,11.3791,0.0091,4.3058,0.1751,0.1895,0.0421,0.3141,2,Anthracnose
spinach_3_0106.jpg,137.9135,131.4715,63.8395,20.3935,17.4509,19.9976,4.8352,0.6418,0.6435,0.7618,0.5566,48368.8128,878.299,0.7585,0.9199,1.1088,11.2195,0.0188,5.2677,0.1695,0.1293,0.064,0.3602,3,White Rust
spinach_0_0014.jpg,108.28,158.0009,59.7291,24.3191,15.3574,14.7547,0.2101,0.8732,0.684,0.9208,0.5932,57887.0594,963.9087,0.8746,0.941,1.1862,0.8137,0.0065,0.0,0.1495,0.0329,0.0596,0.1847,0,No Disease
spinach_3_0007.jpg,128.2648,128.7449,63.5942,29.2728,27.4515,20.2696,2.7682,0.7464,0.3447,0.7853,0.5755,50146.4479,929.1711,0.805,0.9264,1.0139,6.9869,0.0203,6.8417,0.1564,0.142,0.092,0.2643,3,White Rust
spinach_5_0124.jpg,97.5358,111.8733,78.0812,29.9991,28.5222,19.5008,6.7795,0.688,0.4024,0.7754,0.6,47509.7728,821.3585,0.7797,0.9043,1.0609,17.9918,0.0454,4.3777,0.2247,0.1915,0.0834,0.2604,5,Spinach Blight (Cucumber Mosaic Virus)
spinach_2_0001.jpg,115.0325,113.6422,55.0096,29.1007,30.6224,26.3629,5.2894,0.741,0.3279,0.7328,0.6708,57828.9427,838.1925,0.8107,0.9152,1.0101,13.7086,0.0249,5.1751,0.208,0.2045,0.095,0.3953,2,Anthracnose
spinach_1_0141.jpg,112.3627,125.5298,59.2994,33.1774,23.7954,21.3164,4.7509,0.777,0.5379,0.8054,0.6787,54031.151,761.9757,0.7374,0.9049,1.0419,5.7419,0.005,2.3762,0.1772,0.1272,0.0602,0.3163,1,Downy Mildew
spinach_5_0174.jpg,87.3963,114.8424,66.5306,29.9747,26.735,19.3904,7.4057,0.655,0.314,0.7772,0.7436,52530.9905,849.2805,0.6936,0.937,0.9336,14.3442,0.0409,5.669,0.2246,0.1652,0.095,0.528,5,Spinach Blight (Cucumber Mosaic Virus)
spinach_2_0002.jpg,114.146,100.6332,62.1534,22.9324,30.1405,20.9712,7.0142,0.5765,0.3898,0.7649,0.6093,46964.1646,925.4621,0.8288,0.8391,1.2412,16.1142,0.0326,5.8416,0.1372,0.187,0.0959,0.3935,2,Anthracnose
spinach_5_0147.jpg,101.5024,101.0169,66.943,23.7347,24.5831,16.1895,5.0592,0.6767,0.4897,0.7625,0.7139,49371.1267,952.2849,0.7576,0.8817,1.1226,10.8834,0.0239,5.1046,0.2727,0.2022,0.0743,0.1992,5,Spinach Blight (Cucumber Mosaic Virus)
spinach_5_0027.jpg,111.2851,123.7223,60.8185,24.3844,13.5044,20.6154,4.5413,0.7435,0.3731,0.7141,0.7312,51486.2734,858.331,0.9112,0.9185,1.0567,10.515,0.0303,5.7651,0.1539,0.1858,0.1214,0.4345,5,Spinach Blight (Cucumber Mosaic Virus)
spinach_3_0048.jpg,134.2299,138.2533,68.3091,24.3094,30.4178,17.1469,4.2515,0.671,0.5181,0.7392,0.503,48915.3168,911.2722,0.705,0.8639,1.1466,0.0,0.0238,6.8053,0.1618,0.172,0.0694,0.4079,3,White Rust
spinach_0_0021.jpg,108.1391,129.8329,59.2835,9.6351,11.4131,13.1653,1.5016,1.0,0.6685,0.8127,0.4548,49964.6088,891.5636,0.7811,0.9455,1.0929,6.2554,0.0,1.2114,0.2299,0.0889,0.0758,0.2073,0,No Disease
spinach_0_0066.jpg,93.9601,142.5508,62.7993,23.5599,11.0926,12.7348,0.9382,1.0,0.6064,0.8652,0.4699,41464.0383,915.6866,0.8899,0.9333,1.1254,4.1925,0.0132,0.0,0.0159,0.0884,0.0221,0.305,0,No Disease
spinach_1_0121.jpg,107.3322,144.9307,57.1351,29.3311,19.8185,24.0381,3.7557,0.7431,0.4342,0.9229,0.673,48035.4799,968.5049,0.9183,0.8693,1.0326,9.0524,0.0167,4.201,0.1248,0.1862,0.0444,0.294,1,Downy Mildew
spinach_0_0086.jpg,94.7547,148.9887,62.3784,18.5682,14.0697,15.6573,0.9112,0.8783,0.5611,0.8286,0.4685,53191.9419,911.1386,0.7442,0.9499,1.1011,0.7732,0.0068,4.2539,0.033,0.1108,0.0,0.2174,0,No Disease
spinach_2_0080.jpg,107.4281,149.4986,53.4841,25.4834,21.8685,22.1562,4.0768,0.7036,0.2276,0.7113,0.5549,48093.533,940.454,0.9382,0.873,1.068,11.105,0.02,4.813,0.2712,0.1405,0.1662,0.3833,2,Anthracnose
spinach_0_0160.jpg,124.1543,129.0237,72.0345,20.0744,19.0122,13.2821,2.5351,0.8865,0.4534,0.8807,0.3099,43328.0712,933.6873,0.7993,0.9432,1.1654,0.0,0.0,4.7523,0.0476,0.1044,0.0228,0.2064,0,No Disease
spinach_2_0013.jpg,107.4755,126.0659,56.9636,27.5331,32.0477,27.4138,6.2356,0.697,0.2833,0.6373,0.7024,50157.0339,783.3124,0.757,0.8734,1.1164,6.1294,0.0189,2.7467,0.251,0.0879,0.1108,0.4812,2,Anthracnose
spinach_5_0120.jpg,110.034,101.9906,63.3733,30.0195,22.3735,23.6,7.4462,0.7534,0.3879,0.8064,0.6242,47755.8961,1014.1539,0.7436,0.8574,1.0206,13.549,0.0343,4.2111,0.3007,0.1511,0.0871,0.272,5,Spinach Blight (Cucumber Mosaic Virus)
spinach_5_0053.jpg,100.7533,110.7349,73.6255,22.5703,22.803,26.814,6.8986,0.754,0.4363,0.7621,0.8321,49957.7033,768.8657,0.8483,0.8858,1.0812,13.4807,0.0174,4.4815,0.2338,0.1281,0.1143,0.2611,5,Spinach Blight (Cucumber Mosaic Virus)
spinach_4_0049.jpg,104.4686,128.1217,70.7466,38.9951,25.1464,27.6295,8.3278,0.7778,0.229,0.6061,0.5789,51223.0814,1116.384,0.7873,0.8925,1.114,17.5348,0.0369,8.206,0.2277,0.1862,0.1485,0.4643,4,Cladosporium Leaf Spot
spinach_5_0173.jpg,92.2173,132.1684,57.2856,23.857,20.9718,21.4744,3.0266,0.5954,0.3502,0.6463,0.7562,49533.241,927.7022,0.8381,0.8948,1.1691,13.8086,0.0215,2.369,0.236,0.0995,0.0995,0.3463,5,Spinach Blight (Cucumber Mosaic Virus)
spinach_2_0139.jpg,123.1478,113.3279,52.9928,37.0674,29.8975,19.3228,4.9199,0.7727,0.3813,0.5916,0.5117,44419.8064,756.0515,0.6772,0.8725,1.0065,12.1493,0.0405,5.6197,0.2216,0.1804,0.1041,0.382,2,Anthracnose
spinach_1_0155.jpg,116.8051,109.4919,57.031,19.403,25.2203,23.0133,5.9361,0.677,0.4497,0.7271,0.4962,54709.6496,981.8028,0.8469,0.8948,1.1943,8.0257,0.0252,3.8804,0.1788,0.0332,0.0725,0.3173,1,Downy Mildew
spinach_2_0139.jpg,123.1478,113.3279,52.9928,37.0674,29.8975,19.3228,4.9199,0.7727,0.3813,0.5916,0.5117,44419.8064,756.0515,0.6772,0.8725,1.0065,12.1493,0.0405,5.6197,0.2216,0.1804,0.1041,0.382,2,Anthracnose
spinach_0_0169.jpg,87.8424,126.9819,75.339,28.3212,18.5752,17.2514,2.0298,0.8179,0.5408,0.7952,0.2921,54008.7446,807.6822,0.7892,0.8975,1.1437,0.0453,0.0173,1.7827,0.1618,0.0498,0.0414,0.1215,0,No Disease
spinach_0_0163.jpg,107.2846,145.9561,74.2567,21.235,13.3212,17.8054,6.837,0.87,0.5857,0.8488,0.3712,59722.2474,852.7029,0.7416,0.8903,1.0594,0.0,0.0111,6.2395,0.0817,0.0133,0.0625,0.1418,0,No Disease
spinach_0_0125.jpg,118.6847,141.6774,65.4249,27.8769,16.6949,15.5047,1.4227,0.8288,0.4625,0.9243,0.3417,67297.6561,811.3926,0.6946,0.9428,1.2423,2.2584,0.0106,0.0,0.0661,0.0371,0.0,0.2094,0,No Disease
spinach_1_0073.jpg,140.7266,132.2589,56.7951,29.0518,21.65,15.4235,6.6918,0.8294,0.4051,0.7336,0.5138,50250.322,843.7632,0.7293,0.9573,1.1373,12.2896,0.0271,6.1879,0.1693,0.1409,0.0733,0.3451,1,Downy Mildew
spinach_2_0088.jpg,102.3381,109.5241,54.6815,36.486,27.7996,28.1344,7.8402,0.6553,0.3488,0.7393,0.772,54983.9634,853.8461,0.8105,0.9146,1.0493,9.4602,0.0205,5.6661,0.2631,0.2104,0.0761,0.3022,2,Anthracnose
spinach_0_0138.jpg,95.91,143.6035,70.9278,16.9588,13.1176,25.6871,1.5521,0.7834,0.5241,0.8764,0.4747,54773.9826,987.6615,0.7313,0.9385,1.0499,0.0,0.0,0.0,0.1532,0.1075,0.0644,0.2031,0,No Disease
spinach_4_0104.jpg,120.8835,110.1676,63.2447,35.2397,34.8562,27.0412,8.7467,0.7057,0.3155,0.6888,0.6979,56051.4835,729.0289,0.839,0.8904,1.1472,14.8778,0.0347,7.6091,0.2917,0.1481,0.1459,0.2423,4,Cladosporium Leaf Spot
spinach_4_0001.jpg,144.8328,93.4539,62.8652,33.3581,27.8596,24.1819,8.3554,0.6098,0.3578,0.6259,0.9622,49239.9313,946.9611,0.7499,0.9133,1.1287,19.677,0.0258,6.1457,0.3543,0.1595,0.146,0.3144,4,Cladosporium Leaf Spot
spinach_3_0027.jpg,124.8255,136.7321,60.4385,27.8399,18.1792,29.1519,4.6139,0.6763,0.3813,0.8603,0.5091,44681.181,990.3713,0.7551,0.9363,1.1848,9.0979,0.0362,0.8955,0.1291,0.1098,0.1265,0.4238,3,White Rust
spinach_1_0176.jpg,128.7727,129.6531,53.9275,20.1897,21.9422,18.252,4.2768,0.7139,0.4218,0.794,0.4862,47588.781,884.0328,0.7783,0.9559,1.1186,3.5456,0.0233,5.7822,0.1837,0.0815,0.124,0.2244,1,Downy Mildew
spinach_3_0075.jpg,127.1071,133.7636,70.5961,23.1753,18.6493,22.1749,5.7979,0.7294,0.4126,0.7672,0.4948,59125.5955,936.6476,0.7809,0.8967,1.1691,5.5536,0.0118,5.3907,0.1894,0.0199,0.0661,0.29,3,White Rust
spinach_4_0153.jpg,129.1903,104.041,48.2576,31.1585,29.5122,20.7602,8.5772,0.6513,0.3016,0.8023,0.803,56142.4452,744.3787,0.7021,0.9015,1.2184,13.9603,0.0351,5.2768,0.2341,0.1977,0.1177,0.2856,4,Cladosporium Leaf Spot
spinach_3_0081.jpg,122.878,149.9393,64.4141,26.3605,27.4633,17.7758,2.655,0.6533,0.5067,0.8072,0.6562,50129.7764,761.9263,0.6388,0.9917,1.1522,8.5472,0.0192,1.4236,0.1303,0.1897,0.0865,0.2189,3,White Rust
spinach_0_0111.jpg,116.4826,144.9641,73.9575,20.7276,16.1252,19.1826,0.5289,0.7702,0.6292,0.9242,0.468,54038.6418,887.946,0.8172,0.9289,1.081,0.7524,0.0222,0.0,0.125,0.0128,0.0373,0.1653,0,No Disease
spinach_1_0136.jpg,122.6668,115.5632,66.4156,31.5323,21.4934,17.1242,4.6939,0.6627,0.4219,0.7671,0.5794,59371.7962,828.0596,0.8735,0.884,1.1058,14.7324,0.0291,4.0435,0.2178,0.1468,0.0665,0.3593,1,Downy Mildew
spinach_1_0048.jpg,98.2272,144.8922,66.1365,32.0539,25.9358,21.1957,5.032,0.7694,0.4051,0.8208,0.4514,48292.1207,1104.4823,0.7524,0.904,1.0294,11.3434,0.0141,4.4659,0.2324,0.102,0.0997,0.3758,1,Downy Mildew
spinach_5_0154.jpg,104.8871,107.4642,64.5113,29.8916,29.8479,16.3396,5.3715,0.8411,0.4026,0.837,0.9486,47039.826,750.2719,0.7941,0.9275,1.1891,21.0879,0.0237,6.2785,0.1744,0.0497,0.089,0.2477,5,Spinach Blight (Cucumber Mosaic Virus)
spinach_0_0127.jpg,96.372,147.894,67.5164,12.9675,22.1061,12.8516,1.3049,0.9033,0.6714,0.8814,0.3001,54719.385,871.501,0.8833,0.93,0.9412,3.4295,0.0216,4.0367,0.1915,0.0392,0.0628,0.1422,0,No Disease
spinach_3_0040.jpg,123.032,121.7371,64.3359,23.4408,31.6505,20.8805,6.5613,0.7606,0.3101,0.8271,0.4842,49821.9994,799.7029,0.7844,0.9466,1.1846,14.3448,0.0308,0.3174,0.1103,0.0477,0.0858,0.2246,3,White Rust
spinach_0_0037.jpg,117.1419,109.5988,75.1675,27.8072,11.3611,13.4808,0.7201,0.8285,0.5539,0.9799,0.6037,50320.3039,1110.506,0.7721,0.9738,1.1125,2.5242,0.0089,6.9219,0.1426,0.0517,0.0642,0.1711,0,No Disease
spinach_3_0081.jpg,122.878,149.9393,64.4141,26.3605,27.4633,17.7758,2.655,0.6533,0.5067,0.8072,0.6562,50129.7764,761.9263,0.6388,0.9917,1.1522,8.5472,0.0192,1.4236,0.1303,0.1897,0.0865,0.2189,3,White Rust
spinach_0_0155.jpg,103.4597,143.45,69.8688,16.7547,25.0274,19.1958,0.7065,0.9455,0.5206,0.7971,0.5234,43479.5019,1012.6856,0.7548,0.9247,1.1528,4.3248,0.0,2.4919,0.1057,0.0298,0.0358,0.3105,0,No Disease
spinach_2_0005.jpg,112.2737,131.2236,56.6545,34.599,18.0398,21.1185,7.0471,0.8339,0.2232,0.6933,0.8357,46074.898,858.7161,0.8199,0.9046,1.2053,15.7939,0.0376,5.452,0.193,0.151,0.081,0.3887,2,Anthracnose
spinach_1_0166.jpg,110.6661,124.0501,65.7587,29.9661,27.8424,20.641,6.3986,0.7997,0.446,0.75,0.4655,53995.8708,904.2174,0.7652,0.9419,0.9858,16.5761,0.0198,5.3715,0.1702,0.0633,0.0765,0.3368,1,Downy Mildew
spinach_0_0127.jpg,96.372,147.894,67.5164,12.9675,22.1061,12.8516,1.3049,0.9033,0.6714,0.8814,0.3001,54719.385,871.501,0.8833,0.93,0.9412,3.4295,0.0216,4.0367,0.1915,0.0392,0.0628,0.1422,0,No Disease
spinach_2_0076.jpg,111.656,132.1407,45.3926,21.55,30.8484,26.4632,6.6715,0.712,0.4396,0.643,0.6193,50948.6309,970.4089,0.73,0.8951,1.0605,15.6718,0.0269,5.1174,0.2924,0.1384,0.1027,0.2227,2,Anthracnose
spinach_3_0178.jpg,125.4837,138.6405,54.0585,21.8997,27.2491,20.6791,4.9833,0.7882,0.3445,0.7732,0.6908,56933.5381,892.4801,0.8738,0.8885,1.0323,15.4545,0.0216,3.48,0.1672,0.0877,0.0769,0.2958,3,White Rust
spinach_4_0091.jpg,110.1272,109.6797,65.2717,28.0379,36.3757,18.1818,9.1637,0.6556,0.3235,0.5952,0.5538,47842.8566,838.6117,0.8567,0.8704,1.1062,12.831,0.0378,3.4721,0.3748,0.1844,0.0601,0.3326,4,Cladosporium Leaf Spot
spinach_2_0041.jpg,113.5676,105.4356,55.5255,39.0173,24.6666,21.8559,5.3977,0.7717,0.1189,0.669,0.6854,46694.6134,966.3546,0.8721,0.8647,1.2475,8.307,0.0373,6.3697,0.2048,0.1436,0.1092,0.3667,2,Anthracnose
spinach_3_0058.jpg,108.9969,112.3416,77.0152,25.3903,23.0321,15.0038,3.2648,0.855,0.5992,0.7365,0.6171,52450.1247,892.9471,0.8911,0.9087,1.2093,9.5257,0.0169,6.4696,0.1845,0.1161,0.1045,0.3799,3,White Rust
spinach_3_0086.jpg,145.8919,142.8251,44.7035,38.2615,12.7538,19.176,2.8732,0.7108,0.4828,0.635,0.541,57236.7121,820.676,0.6966,0.9165,1.0829,5.6191,0.0075,4.9345,0.1998,0.0774,0.0468,0.2909,3,White Rust
spinach_2_0047.jpg,106.9036,119.3509,49.0615,30.8212,25.9383,20.3577,6.2,0.6676,0.3186,0.7005,0.6622,46943.5873,1038.9842,0.8249,0.8904,1.0917,9.8927,0.0235,5.5239,0.1677,0.1755,0.0974,0.3216,2,Anthracnose
spinach_3_0158.jpg,124.2667,140.0262,83.1667,23.6068,22.0963,16.3871,6.3104,0.7251,0.5418,0.6645,0.6049,48281.5335,978.0518,0.7792,0.9066,1.0791,4.5984,0.0237,2.1125,0.1566,0.1338,0.1103,0.2793,3,White Rust
spinach_2_0126.jpg,112.3151,102.7652,54.5948,41.056,31.6609,22.4863,12.4382,0.6068,0.4732,0.5927,0.6656,43261.0512,905.7276,0.8034,0.8923,1.1674,11.7316,0.0296,7.577,0.1558,0.1301,0.1113,0.4004,2,Anthracnose
spinach_3_0128.jpg,120.1996,120.2943,67.2024,20.511,26.3226,16.4418,5.2602,0.6782,0.6679,0.8153,0.5354,50035.2087,849.64,0.7343,0.9003,1.2443,5.7895,0.0,1.9013,0.2164,0.1099,0.0666,0.3736,3,White Rust
spinach_5_0016.jpg,109.61,115.5057,69.0899,37.5678,30.1375,28.9638,5.2577,0.5826,0.3888,0.7142,0.7959,43849.7778,862.1121,0.8343,0.9025,1.0763,13.4343,0.0326,8.1643,0.2116,0.1174,0.1284,0.2538,5,Spinach Blight (Cucumber Mosaic Virus)
spinach_3_0007.jpg,128.2648,128.7449,63.5942,29.2728,27.4515,20.2696,2.7682,0.7464,0.3447,0.7853,0.5755,50146.4479,929.1711,0.805,0.9264,1.0139,6.9869,0.0203,6.8417,0.1564,0.142,0.092,0.2643,3,White Rust
spinach_2_0060.jpg,105.8476,103.7663,62.227,30.057,25.1986,20.7333,7.8586,0.7424,0.2896,0.6099,0.7855,43124.3338,934.7487,0.897,0.9405,1.139,16.8352,0.045,1.8981,0.2068,0.1939,0.1016,0.4492,2,Anthracnose
spinach_5_0180.jpg,93.1745,112.9793,77.3641,25.0603,28.954,20.9996,10.8322,0.7216,0.4285,0.7359,0.6085,54249.352,754.0972,0.6899,0.8962,1.1552,9.6769,0.0255,3.2027,0.2631,0.1761,0.0905,0.3535,5,Spinach Blight (Cucumber Mosaic Virus)
spinach_2_0131.jpg,117.7367,125.8651,52.5811,27.1823,26.3948,28.7748,9.8795,0.7435,0.4065,0.7935,0.6644,48045.2923,867.0978,0.7413,0.8956,0.9906,18.1,0.0313,8.6732,0.1485,0.2361,0.0707,0.2541,2,Anthracnose
spinach_5_0042.jpg,101.1622,119.5557,69.0242,25.6006,25.7147,19.536,9.2291,0.7816,0.3581,0.6482,0.6778,47035.9131,828.1693,0.7419,0.8747,1.103,10.9325,0.044,6.4697,0.1524,0.0886,0.1,0.3083,5,Spinach Blight (Cucumber Mosaic Virus)
spinach_1_0171.jpg,121.7432,139.7042,64.7208,29.777,22.4217,21.4633,4.425,0.8411,0.5517,0.8566,0.5692,46231.1298,1027.6974,0.8226,0.9182,1.0493,11.7027,0.0113,5.9413,0.2589,0.1952,0.0977,0.1994,1,Downy Mildew
spinach_1_0082.jpg,124.0673,97.156,67.3619,21.9826,16.8914,20.2461,6.1987,0.6087,0.4864,0.8134,0.6147,46661.8818,802.0622,0.8516,0.8722,1.1852,9.3392,0.0192,1.7254,0.1827,0.1545,0.0466,0.3499,1,Downy Mildew
spinach_1_0162.jpg,110.4695,140.0988,70.9602,29.8834,25.9773,15.0106,6.5041,0.7904,0.5296,0.9083,0.4407,49057.6159,825.7733,0.8004,0.9103,1.0813,14.1104,0.0112,2.926,0.1388,0.1156,0.0493,0.3061,1,Downy Mildew
spinach_5_0074.jpg,112.7925,114.6819,67.1072,33.4195,29.3435,23.1747,6.0794,0.8687,0.3413,0.7822,0.6416,51773.5681,993.3423,0.7913,0.915,1.1112,9.4348,0.0341,6.6801,0.1883,0.1941,0.0692,0.3377,5,Spinach Blight (Cucumber Mosaic Virus)
spinach_1_0148.jpg,121.7755,134.743,66.804,24.3753,31.4486,19.1605,6.2155,0.7876,0.5675,0.7378,0.5447,43509.2731,1055.2367,0.8153,0.9213,1.3493,11.3002,0.0096,4.4474,0.1413,0.1142,0.0699,0.263,1,Downy Mildew
spinach_5_0049.jpg,90.7086,101.7294,66.4846,33.3618,23.9865,27.8689,4.2263,0.5937,0.2769,0.6143,0.6837,44611.0534,728.9808,0.8328,0.9206,1.1741,15.5011,0.0167,5.897,0.2348,0.131,0.0941,0.2399,5,Spinach Blight (Cucumber Mosaic Virus)
spinach_4_0110.jpg,124.7584,107.1223,57.4612,34.03,25.8677,21.7652,7.625,0.7173,0.4345,0.6085,0.8061,50467.9412,789.1765,0.7722,0.8584,1.163,24.2099,0.0307,6.3317,0.3227,0.2386,0.1021,0.3782,4,Cladosporium Leaf Spot
spinach_3_0149.jpg,128.6307,137.9527,62.7699,25.3343,24.8163,21.8567,4.6313,0.7874,0.3547,0.7286,0.6208,55710.1648,914.3599,0.8687,0.9327,1.0913,3.121,0.0285,5.3866,0.2599,0.2067,0.0378,0.1773,3,White Rust
spinach_0_0170.jpg,100.8639,136.1169,66.1931,13.9225,9.9324,5.641,0.2042,0.9502,0.4521,0.7842,0.5991,48817.5198,952.1046,0.8085,0.9466,0.9982,1.0758,0.0,5.6034,0.0203,0.0381,0.014,0.0803,0,No Disease
spinach_2_0025.jpg,99.3661,131.7437,48.743,21.7491,27.6668,21.3452,4.4422,0.7221,0.2207,0.6275,0.6325,54011.112,1009.5468,0.8662,0.8962,0.8858,15.5634,0.0388,8.3208,0.2531,0.1124,0.0969,0.5047,2,Anthracnose
spinach_1_0171.jpg,121.7432,139.7042,64.7208,29.777,22.4217,21.4633,4.425,0.8411,0.5517,0.8566,0.5692,46231.1298,1027.6974,0.8226,0.9182,1.0493,11.7027,0.0113,5.9413,0.2589,0.1952,0.0977,0.1994,1,Downy Mildew
spinach_3_0172.jpg,115.6418,128.7105,57.4758,23.1629,23.6904,28.4607,5.1702,0.7657,0.529,0.8287,0.4922,63010.3004,902.5617,0.7942,0.9338,1.1377,14.1016,0.0123,5.4101,0.1782,0.1593,0.0646,0.252,3,White Rust
spinach_0_0167.jpg,120.6035,135.6966,79.6705,26.1599,16.6812,14.1571,1.4406,0.8795,0.6483,0.8962,0.4435,46373.8824,823.251,0.8986,0.9256,1.058,7.7244,0.0083,2.2407,0.0931,0.0673,0.0358,0.0894,0,No Disease
spinach_2_0103.jpg,120.6615,114.3228,48.4662,35.27,29.3821,17.1688,6.6055,0.9301,0.3813,0.6481,0.5892,58860.4949,964.7759,0.8844,0.9062,1.1803,10.6067,0.0283,6.6167,0.2991,0.1728,0.0944,0.3551,2,Anthracnose
spinach_5_0172.jpg,95.0412,117.42,63.4394,35.5465,21.6819,20.1908,5.3785,0.8568,0.3848,0.6916,0.4409,44943.1401,922.7885,0.8414,0.8837,1.0423,19.4395,0.0456,7.4696,0.288,0.2209,0.1454,0.3158,5,Spinach Blight (Cucumber Mosaic Virus)
spinach_2_0166.jpg,133.7654,131.4759,59.5034,25.5429,35.1201,21.5257,5.8811,0.6466,0.2798,0.6674,0.6667,53653.283,841.1912,0.724,0.8599,1.0968,14.2905,0.0226,5.2586,0.2494,0.2156,0.0905,0.3571,2,Anthracnose
spinach_2_0116.jpg,117.3186,119.7468,54.6972,30.1894,27.8236,24.5995,8.2484,0.6174,0.2627,0.7059,0.5153,48381.695,829.081,0.8295,0.9496,0.9244,23.0967,0.0251,6.7261,0.1593,0.1999,0.111,0.3451,2,Anthracnose
spinach_2_0108.jpg,109.1754,118.7797,63.3057,28.3156,27.181,18.6247,4.7144,0.5601,0.4319,0.6763,0.5029,49684.5552,755.1179,0.8996,0.8855,1.1345,18.3559,0.0194,6.2369,0.2577,0.1646,0.119,0.2436,2,Anthracnose
spinach_3_0140.jpg,117.123,150.72,70.7963,30.1441,15.4221,22.6193,3.1485,0.663,0.4791,0.796,0.5553,55087.7921,992.3566,0.8682,0.8902,1.2302,15.5292,0.0141,0.9967,0.1008,0.1015,0.1204,0.2814,3,White Rust
spinach_1_0027.jpg,126.1326,129.4747,60.8346,26.4402,23.4761,20.6865,5.1804,0.7602,0.4903,0.6739,0.5049,42257.4099,986.6397,0.805,0.9226,0.9856,17.1398,0.0151,5.1028,0.2327,0.0905,0.0663,0.3243,1,Downy Mildew
spinach_1_0109.jpg,110.9248,128.741,67.0772,25.7464,21.3276,18.3829,6.0762,0.7114,0.3937,0.6665,0.6178,50093.8828,867.8352,0.8019,0.9287,1.1561,12.2109,0.0181,3.7794,0.1378,0.1063,0.0805,0.2471,1,Downy Mildew
spinach_5_0122.jpg,115.127,101.5503,81.1139,25.1268,30.5014,22.0264,6.3134,0.6058,0.4726,0.6398,0.5057,55298.5151,1048.9606,0.77,0.9251,1.1537,11.6339,0.0347,5.1055,0.2359,0.0998,0.0597,0.4335,5,Spinach Blight (Cucumber Mosaic Virus)
spinach_0_0064.jpg,99.0678,135.419,76.0792,19.4739,15.0238,20.8687,1.8058,1.0,0.5873,1.0,0.4557,56814.8029,847.5389,0.7188,0.9415,1.1991,2.161,0.0,0.0,0.0286,0.0093,0.0427,0.29,0,No Disease
spinach_1_0062.jpg,105.9598,129.2832,76.3622,35.5716,28.9366,22.35,3.7913,0.7975,0.4174,0.7992,0.5467,50135.3344,916.4147,0.8048,0.9223,1.0537,4.6269,0.033,9.2807,0.2124,0.077,0.0607,0.3507,1,Downy Mildew
spinach_5_0081.jpg,108.1236,109.0155,64.5164,27.3752,32.5634,21.5515,5.6124,0.6743,0.3727,0.6544,0.6028,50088.3481,910.4381,0.8822,0.906,1.052,7.9558,0.0264,5.1887,0.2058,0.1605,0.103,0.3616,5,Spinach Blight (Cucumber Mosaic Virus)
spinach_0_0042.jpg,117.0031,142.183,69.1544,21.6792,2.347,16.5315,0.01,0.7621,0.6161,0.9134,0.3038,48439.4898,1057.0541,0.741,0.9861,1.1198,3.6321,0.0189,1.4358,0.0499,0.0756,0.0391,0.0908,0,No Disease
spinach_2_0152.jpg,101.9588,125.8855,57.2861,32.2054,21.0178,22.2867,8.8654,0.7576,0.3162,0.6618,0.5911,46717.9354,740.0932,0.7917,0.9158,1.0172,13.6376,0.0252,7.9992,0.1994,0.137,0.0888,0.259,2,Anthracnose
spinach_2_0060.jpg,105.8476,103.7663,62.227,30.057,25.1986,20.7333,7.8586,0.7424,0.2896,0.6099,0.7855,43124.3338,934.7487,0.897,0.9405,1.139,16.8352,0.045,1.8981,0.2068,0.1939,0.1016,0.4492,2,Anthracnose
spinach_0_0040.jpg,96.3768,144.2676,59.7149,21.9485,17.5128,14.4102,4.7001,0.8502,0.7448,0.8642,0.2923,52349.5979,812.3755,0.7249,0.9399,1.1644,0.0,0.0139,3.2835,0.1718,0.1012,0.0741,0.0495,0,No Disease
spinach_5_0072.jpg,95.6915,119.2234,52.8689,33.9539,17.9741,21.0169,3.682,0.6255,0.5038,0.8031,0.7651,42255.0586,764.8944,0.8304,0.9179,1.026,9.6843,0.0149,8.3848,0.1863,0.1513,0.0921,0.4284,5,Spinach Blight (Cucumber Mosaic Virus)
spinach_2_0111.jpg,113.3989,109.8769,56.8469,40.7931,37.6022,18.7836,5.4454,0.5952,0.4646,0.6721,0.714,59984.8367,878.9535,0.8424,0.913,1.0329,18.2366,0.0202,8.5118,0.2006,0.1409,0.0828,0.2761,2,Anthracnose
spinach_4_0176.jpg,118.3122,116.3817,61.7691,39.6541,34.2443,29.223,5.9187,0.5356,0.3574,0.714,0.7081,47012.0757,1029.3843,0.8312,0.9164,1.0347,15.9199,0.0416,7.0271,0.2395,0.1535,0.1172,0.46,4,Cladosporium Leaf Spot
spinach_3_0024.jpg,128.7313,131.0796,63.6482,21.1579,24.6847,16.8007,2.9354,0.8605,0.4457,0.7697,0.6192,48162.0665,858.1847,0.7983,0.8815,1.1277,4.9772,0.0238,4.984,0.1907,0.0557,0.0674,0.1858,3,White Rust
spinach_1_0020.jpg,93.6166,124.7517,69.0876,25.2345,28.0059,21.5949,7.6897,0.7164,0.4674,0.7954,0.7602,42466.8135,854.1592,0.8409,0.9486,1.1192,8.8292,0.0261,6.3637,0.172,0.1432,0.1095,0.4612,1,Downy Mildew
spinach_3_0019.jpg,117.0992,135.4166,62.6997,25.0158,19.1636,19.1058,2.8015,0.8093,0.474,0.6668,0.6493,50618.5602,921.1762,0.8259,0.9282,1.2032,6.8268,0.0253,4.2213,0.1954,0.1361,0.101,0.3377,3,White Rust
spinach_3_0078.jpg,136.5616,146.8298,67.2806,28.3895,26.1149,20.233,5.4845,0.8175,0.499,0.7255,0.4822,50057.0267,834.3336,0.6916,0.9369,1.1377,2.6425,0.0151,3.6683,0.1791,0.0767,0.0362,0.3216,3,White Rust
spinach_3_0058.jpg,108.9969,112.3416,77.0152,25.3903,23.0321,15.0038,3.2648,0.855,0.5992,0.7365,0.6171,52450.1247,892.9471,0.8911,0.9087,1.2093,9.5257,0.0169,6.4696,0.1845,0.1161,0.1045,0.3799,3,White Rust
spinach_2_0172.jpg,112.1804,107.3356,54.1633,27.739,26.7592,20.8859,5.195,0.6869,0.4654,0.709,0.629,49384.268,674.9367,0.7916,0.89,1.0053,10.9916,0.0237,7.8864,0.2846,0.1229,0.097,0.3106,2,Anthracnose
spinach_4_0097.jpg,117.4785,106.7512,65.1147,27.1117,24.8374,26.502,11.1754,0.8058,0.2568,0.6182,0.8116,56343.9467,673.5916,0.7952,0.8778,0.9161,12.6513,0.0295,7.6059,0.3204,0.2042,0.1537,0.3921,4,Cladosporium Leaf Spot
spinach_2_0060.jpg,105.8476,103.7663,62.227,30.057,25.1986,20.7333,7.8586,0.7424,0.2896,0.6099,0.7855,43124.3338,934.7487,0.897,0.9405,1.139,16.8352,0.045,1.8981,0.2068,0.1939,0.1016,0.4492,2,Anthracnose
spinach_3_0166.jpg,119.6876,125.7948,77.5562,24.6333,21.6821,14.8735,4.022,0.8043,0.3561,0.7423,0.508,51832.204,1052.956,0.762,0.9027,1.3297,6.2673,0.0155,3.3559,0.1562,0.1231,0.093,0.3123,3,White Rust
spinach_1_0065.jpg,111.1692,145.9594,69.1679,25.0461,23.4639,20.5891,5.5537,0.7778,0.6328,0.7733,0.6763,42567.6165,851.51,0.8637,0.9201,0.7489,12.6961,0.0353,1.2074,0.266,0.0191,0.1034,0.3093,1,Downy Mildew
spinach_0_0087.jpg,120.7508,144.3754,73.365,17.1978,17.1552,13.9917,0.6638,0.8768,0.5959,0.8263,0.3394,45198.7828,959.0725,0.8027,0.9358,1.1972,2.3515,0.0091,1.7469,0.0954,0.0588,0.0954,0.1638,0,No Disease
spinach_5_0029.jpg,77.687,116.5982,68.8993,27.8239,14.68,21.756,5.192,0.8442,0.43,0.6743,0.4447,52453.0884,939.6149,0.7971,0.9151,1.0621,16.2689,0.0319,2.4499,0.1402,0.2313,0.1133,0.239,5,Spinach Blight (Cucumber Mosaic Virus)
spinach_0_0022.jpg,110.8078,138.3754,70.6367,16.1026,19.1515,11.5939,3.1315,0.9868,0.6093,0.86,0.4654,50456.6347,1013.5547,0.6601,0.9216,0.9607,0.0,0.0169,2.8113,0.064,0.0199,0.0,0.1565,0,No Disease
spinach_0_0016.jpg,84.3676,132.4979,76.7273,12.092,24.3797,16.4734,3.4392,0.8543,0.6451,0.9548,0.4433,53172.0045,947.0343,0.7182,0.9263,1.1078,3.5336,0.014,0.0,0.0937,0.1393,0.0214,0.1342,0,No Disease
spinach_0_0129.jpg,103.679,141.4988,84.8004,22.1123,20.6301,19.6771,0.0116,0.9604,0.5564,0.7039,0.2072,46909.4119,973.1223,0.7768,0.9346,1.2761,0.0,0.0058,1.748,0.0632,0.0811,0.0,0.3128,0,No Disease
spinach_3_0044.jpg,132.2267,146.616,64.9822,15.7388,18.2168,19.6092,3.48,0.6856,0.4656,0.9501,0.5012,51485.9707,773.7964,0.8546,0.9419,1.1745,13.4392,0.0136,3.4556,0.2555,0.1453,0.0145,0.3164,3,White Rust
spinach_0_0065.jpg,104.8658,114.1354,70.4739,19.186,27.48,9.1714,1.3358,1.0,0.616,0.9194,0.4315,53649.7177,997.761,0.7214,0.952,1.0102,3.3135,0.0074,0.0907,0.0989,0.0551,0.0132,0.1717,0,No Disease
spinach_2_0059.jpg,123.8129,137.4002,62.9588,31.1441,20.0751,24.2324,6.0607,0.6969,0.3844,0.733,0.6803,54675.101,607.6846,0.8114,0.9301,1.2296,16.9278,0.0405,6.4041,0.2301,0.1812,0.1099,0.2874,2,Anthracnose
spinach_3_0016.jpg,127.3143,141.0318,84.3817,26.391,12.4388,24.6521,4.4534,0.931,0.5777,0.7446,0.6222,48530.2243,905.2691,0.8206,0.9478,1.1816,8.3,0.0369,3.343,0.0896,0.0634,0.1069,0.2739,3,White Rust
spinach_5_0123.jpg,106.5121,110.433,80.2628,38.4866,28.1958,16.1774,6.2103,0.6434,0.4072,0.6645,0.5304,38186.9338,886.7257,0.6721,0.892,1.1456,9.1116,0.0153,5.2779,0.1686,0.1574,0.0642,0.3316,5,Spinach Blight (Cucumber Mosaic Virus)
spinach_3_0166.jpg,119.6876,125.7948,77.5562,24.6333,21.6821,14.8735,4.022,0.8043,0.3561,0.7423,0.508,51832.204,1052.956,0.762,0.9027,1.3297,6.2673,0.0155,3.3559,0.1562,0.1231,0.093,0.3123,3,White Rust
spinach_4_0119.jpg,122.4612,121.3248,65.0027,34.4108,39.5178,26.0135,7.0422,0.6459,0.1305,0.6577,0.8693,53510.9206,919.8556,0.829,0.9176,1.184,19.7898,0.0315,3.3357,0.3189,0.2106,0.1338,0.335,4,Cladosporium Leaf Spot
spinach_2_0076.jpg,111.656,132.1407,45.3926,21.55,30.8484,26.4632,6.6715,0.712,0.4396,0.643,0.6193,50948.6309,970.4089,0.73,0.8951,1.0605,15.6718,0.0269,5.1174,0.2924,0.1384,0.1027,0.2227,2,Anthracnose
spinach_0_0060.jpg,99.9289,134.4863,69.9683,18.111,21.5816,8.0672,3.4654,0.8696,0.6102,0.8011,0.5529,58228.1748,1015.9591,0.6791,0.9507,1.1524,0.0,0.0058,1.8562,0.1278,0.0871,0.0473,0.3179,0,No Disease
spinach_0_0029.jpg,101.6267,137.438,76.9221,11.3466,17.822,13.4381,5.1413,0.8861,0.7134,0.8027,0.4787,53597.0013,833.0953,0.7806,0.9603,1.0941,0.0,0.0059,0.0,0.0829,0.0767,0.0,0.0707,0,No Disease
spinach_2_0064.jpg,134.36,106.7833,58.6961,23.9043,27.2081,22.465,4.4679,0.9061,0.3404,0.6654,0.7869,59071.2744,992.6437,0.7279,0.9053,0.9295,17.6068,0.0139,4.6542,0.2298,0.1778,0.1035,0.4715,2,Anthracnose
spinach_2_0073.jpg,110.5429,124.6526,56.4089,22.724,29.8448,19.764,4.7488,0.5982,0.4027,0.6932,0.4767,48081.7203,996.9231,0.7729,0.8959,1.1634,17.182,0.0352,1.1094,0.3167,0.1855,0.1715,0.2874,2,Anthracnose
spinach_2_0133.jpg,85.7207,98.7507,55.4215,41.8756,17.9963,18.0257,7.3685,0.8216,0.3962,0.7491,0.6562,47446.8921,888.2184,0.7605,0.9181,0.9515,17.5599,0.0273,5.7135,0.1479,0.1208,0.14,0.3333,2,Anthracnose
spinach_5_0069.jpg,114.9754,107.5274,77.5021,20.7203,20.016,21.4131,5.7697,0.6566,0.4107,0.693,0.6141,50892.1254,803.2463,0.8036,0.8839,0.9936,15.0548,0.0377,7.3162,0.2266,0.1243,0.0828,0.4246,5,Spinach Blight (Cucumber Mosaic Virus)
spinach_3_0095.jpg,126.7946,147.0433,69.9672,20.6796,19.4965,17.7486,4.483,0.9136,0.6164,0.8386,0.5619,44691.7389,927.0008,0.7326,0.9608,0.9815,9.5379,0.01,3.9829,0.2033,0.1609,0.0685,0.3409,3,White Rust
spinach_0_0044.jpg,100.1721,148.5761,83.8342,28.9719,23.574,14.5611,2.5996,0.9613,0.5897,0.8892,0.5024,51703.5868,847.0713,0.7451,0.9458,1.1202,3.3608,0.0114,0.5253,0.1378,0.0952,0.0091,0.3154,0,No Disease
spinach_2_0136.jpg,101.5753,128.8708,51.5631,34.8784,24.8486,23.5657,4.6436,0.6313,0.31,0.7158,0.6993,52313.2495,830.9477,0.7442,0.9046,0.9976,18.3137,0.0261,5.513,0.2531,0.1569,0.0685,0.2651,2,Anthracnose
spinach_0_0047.jpg,106.1835,143.892,70.7705,27.2703,14.7176,19.5289,0.9046,0.8952,0.4942,0.9119,0.5645,51613.2191,900.3114,0.7031,0.9243,0.9926,0.0,0.0078,3.5742,0.2405,0.0565,0.0759,0.2195,0,No Disease
spinach_3_0075.jpg,127.1071,133.7636,70.5961,23.1753,18.6493,22.1749,5.7979,0.7294,0.4126,0.7672,0.4948,59125.5955,936.6476,0.7809,0.8967,1.1691,5.5536,0.0118,5.3907,0.1894,0.0199,0.0661,0.29,3,White Rust
spinach_3_0037.jpg,122.6642,149.4167,74.271,19.3061,18.5967,21.8992,5.4007,0.686,0.5199,0.7176,0.6804,54147.2458,791.8076,0.7483,0.9063,1.1228,7.1841,0.0078,1.4903,0.1975,0.1314,0.0726,0.3017,3,White Rust
spinach_0_0079.jpg,86.4784,135.4173,69.3816,19.2596,14.1826,13.228,1.9325,0.9354,0.5556,0.8513,0.4292,42395.4204,967.7035,0.77,0.931,1.1969,0.0,0.0,1.6928,0.0996,0.0868,0.0284,0.2531,0,No Disease
spinach_1_0027.jpg,126.1326,129.4747,60.8346,26.4402,23.4761,20.6865,5.1804,0.7602,0.4903,0.6739,0.5049,42257.4099,986.6397,0.805,0.9226,0.9856,17.1398,0.0151,5.1028,0.2327,0.0905,0.0663,0.3243,1,Downy Mildew
spinach_3_0135.jpg,128.2761,146.3278,73.9685,38.3825,28.0903,19.645,3.2501,0.7491,0.4335,0.8158,0.48,57460.8859,766.0437,0.682,0.9166,1.0426,2.9671,0.0119,2.6293,0.1705,0.0952,0.0565,0.2796,3,White Rust
spinach_4_0139.jpg,103.9674,137.3262,55.1212,33.7704,27.989,24.3685,10.6317,0.6232,0.3115,0.6411,0.7097,47149.5465,840.0553,0.8898,0.9078,1.0424,21.9266,0.0213,9.9762,0.3348,0.2795,0.1553,0.425,4,Cladosporium Leaf Spot
spinach_0_0028.jpg,105.3211,141.958,67.0427,22.3557,14.3327,13.3534,4.3165,0.8168,0.387,0.9928,0.6749,49973.6537,726.3162,0.7514,0.9228,1.1048,0.0,0.0106,2.1441,0.0253,0.108,0.0913,0.2138,0,No Disease
spinach_4_0118.jpg,138.6409,122.5362,67.9342,29.6925,21.2846,30.7033,6.289,0.6579,0.3754,0.6652,0.6815,49751.8388,794.9949,0.8386,0.9043,1.0683,15.7266,0.0509,5.1563,0.1928,0.1867,0.1235,0.4778,4,Cladosporium Leaf Spot
spinach_4_0135.jpg,126.7025,121.6093,74.3031,38.4158,24.7389,26.2863,5.5696,0.7517,0.3579,0.7544,0.7491,41218.6625,1153.7368,0.7979,0.865,1.1617,26.1434,0.0324,7.3214,0.2819,0.1456,0.1127,0.5326,4,Cladosporium Leaf Spot
spinach_0_0127.jpg,96.372,147.894,67.5164,12.9675,22.1061,12.8516,1.3049,0.9033,0.6714,0.8814,0.3001,54719.385,871.501,0.8833,0.93,0.9412,3.4295,0.0216,4.0367,0.1915,0.0392,0.0628,0.1422,0,No Disease
spinach_1_0139.jpg,113.1677,129.8264,53.278,26.1509,19.315,19.8904,1.1481,0.6498,0.5471,0.8181,0.7419,57938.6063,967.2987,0.7628,0.8841,1.1917,10.2583,0.04,4.1428,0.2886,0.1237,0.1134,0.4457,1,Downy Mildew
spinach_1_0063.jpg,131.4112,116.6582,62.0053,27.9797,28.3229,19.6256,2.8415,0.7897,0.52,0.7542,0.6505,48627.5439,815.4227,0.8516,0.9197,1.1392,16.0085,0.0116,3.8064,0.1979,0.1074,0.0996,0.295,1,Downy Mildew
spinach_3_0056.jpg,124.3711,138.7384,76.5898,29.889,18.2513,19.7656,4.0375,0.6355,0.4513,0.9091,0.3788,51379.691,899.3862,0.7973,0.8959,0.996,2.4856,0.0276,2.2312,0.145,0.2042,0.0516,0.3074,3,White Rust
spinach_3_0048.jpg,134.2299,138.2533,68.3091,24.3094,30.4178,17.1469,4.2515,0.671,0.5181,0.7392,0.503,48915.3168,911.2722,0.705,0.8639,1.1466,0.0,0.0238,6.8053,0.1618,0.172,0.0694,0.4079,3,White Rust
spinach_3_0137.jpg,107.853,118.7962,61.9779,24.8668,19.5185,22.5713,6.651,0.7923,0.5048,0.799,0.551,45032.2065,802.2008,0.6989,0.9163,1.1286,2.203,0.0176,2.4246,0.1165,0.095,0.042,0.3285,3,White Rust
spinach_4_0025.jpg,110.9005,117.4918,59.1539,25.4172,30.5787,21.9506,7.2298,0.5736,0.293,0.6013,0.7847,49722.0345,894.8008,0.9312,0.8861,1.1184,20.875,0.0335,7.9928,0.271,0.1981,0.1153,0.3505,4,Cladosporium Leaf Spot
spinach_5_0164.jpg,104.1361,104.4614,70.9106,30.4673,32.2728,24.8725,5.221,0.9433,0.4444,0.6915,0.6706,52654.1681,929.2794,0.8398,0.9242,1.1595,8.6097,0.0409,8.944,0.25,0.1515,0.0914,0.3141,5,Spinach Blight (Cucumber Mosaic Virus)
spinach_0_0150.jpg,110.251,159.6485,78.3401,11.9747,24.0174,13.6364,2.1822,0.7977,0.6221,0.8344,0.43,50579.505,1112.5013,0.8889,0.9312,1.1251,0.5062,0.0148,0.6079,0.0789,0.1191,0.0265,0.197,0,No Disease
spinach_3_0086.jpg,145.8919,142.8251,44.7035,38.2615,12.7538,19.176,2.8732,0.7108,0.4828,0.635,0.541,57236.7121,820.676,0.6966,0.9165,1.0829,5.6191,0.0075,4.9345,0.1998,0.0774,0.0468,0.2909,3,White Rust
spinach_0_0091.jpg,101.5785,123.5239,56.178,18.6922,17.2825,9.8555,1.9414,0.9043,0.4075,0.8159,0.4607,53935.2936,804.6325,0.7795,0.9556,1.1822,1.6189,0.0023,0.0672,0.1234,0.0878,0.0557,0.2105,0,No Disease
spinach_0_0070.jpg,114.4277,128.1651,68.3558,13.0678,9.9502,14.3046,0.7597,0.9302,0.6162,0.9025,0.4439,59888.841,813.2406,0.7667,0.9583,1.2212,0.0,0.0035,3.6446,0.1254,0.0878,0.0346,0.1693,0,No Disease
spinach_0_0039.jpg,86.0805,117.4555,71.9014,18.8952,16.4829,14.8881,2.3835,0.9758,0.4911,0.798,0.3107,53444.5833,1044.4947,0.7441,0.8675,0.9837,0.0,0.0015,0.4649,0.1019,0.0675,0.0662,0.1459,0,No Disease
spinach_2_0087.jpg,119.0217,107.755,46.7992,32.8342,26.7207,17.2842,7.7286,0.6585,0.4225,0.7309,0.6292,53164.2238,830.2095,0.774,0.8867,1.1705,12.8777,0.038,9.3103,0.1931,0.0432,0.1361,0.3226,2,Anthracnose
spinach_3_0163.jpg,105.267,140.2097,64.8801,17.8151,16.7269,16.3024,6.317,0.867,0.5912,0.6688,0.4133,44321.8676,1033.8857,0.805,0.922,1.1284,7.7729,0.008,4.9237,0.1607,0.072,0.0844,0.2459,3,White Rust
spinach_4_0150.jpg,121.7965,129.9468,67.3618,39.6916,28.754,27.1206,6.9479,0.5528,0.4812,0.6032,0.8241,53155.214,1007.4981,0.6905,0.9123,1.0654,15.6004,0.032,9.3662,0.3066,0.1849,0.1015,0.3045,4,Cladosporium Leaf Spot
spinach_2_0020.jpg,125.1996,131.4397,58.4481,22.5073,38.4475,24.5491,6.4494,0.7565,0.4362,0.7918,0.6238,51592.3671,761.413,0.84,0.8994,1.1025,13.4146,0.025,4.5372,0.2695,0.2196,0.0961,0.3943,2,Anthracnose
spinach_3_0028.jpg,136.8869,127.2646,61.5799,20.8572,18.0829,25.9708,4.3856,0.7611,0.522,0.6636,0.5553,46015.6414,875.5585,0.7448,0.9041,1.128,8.8849,0.0152,4.6672,0.1266,0.1473,0.0648,0.2413,3,White Rust
spinach_5_0140.jpg,90.455,105.0364,52.5046,31.4739,21.9858,23.5987,7.3138,0.7873,0.4201,0.8088,0.7886,50791.0759,901.8527,0.7766,0.8753,1.1926,14.423,0.0295,4.3367,0.2912,0.1409,0.07,0.2941,5,Spinach Blight (Cucumber Mosaic Virus)
spinach_0_0144.jpg,94.715,136.6114,74.2188,17.5263,19.7698,12.668,3.0546,0.9354,0.5751,0.8491,0.4352,54751.2687,1126.1799,0.8264,0.9544,1.3671,4.0638,0.0099,2.4672,0.0496,0.0622,0.0273,0.2518,0,No Disease
spinach_2_0008.jpg,124.3638,132.0961,60.11,33.544,30.8372,28.5831,8.2377,0.5738,0.5408,0.7746,0.639,44851.8746,930.4813,0.7833,0.9082,1.1395,11.7342,0.0181,6.7945,0.2033,0.1658,0.0764,0.3298,2,Anthracnose
spinach_3_0072.jpg,124.1276,141.2852,67.7821,33.1903,25.5239,19.5709,6.0551,0.7739,0.4636,0.8707,0.4602,51616.5482,1023.971,0.7985,0.9108,0.9735,0.0,0.0336,4.5553,0.1408,0.134,0.0463,0.2535,3,White Rust
spinach_4_0154.jpg,102.7208,100.2539,64.8127,34.9879,31.9628,21.3633,9.9101,0.6865,0.3406,0.649,0.6951,51460.8092,1051.7248,0.8583,0.8836,1.1131,13.5943,0.0398,6.0045,0.3045,0.3088,0.1157,0.6238,4,Cladosporium Leaf Spot
spinach_4_0078.jpg,105.9204,130.6245,74.7844,27.5693,29.1963,29.3606,8.3961,0.4902,0.3755,0.5915,0.6329,41861.26,1009.0407,0.7399,0.8983,1.1163,18.6473,0.0364,8.1859,0.2769,0.1596,0.1088,0.3816,4,Cladosporium Leaf Spot
spinach_5_0131.jpg,100.5943,105.9465,70.2568,34.1528,22.4279,14.0096,3.2953,0.7309,0.5232,0.6389,0.6228,47757.7522,1062.0532,0.9455,0.9106,1.1618,15.4808,0.0138,6.6573,0.159,0.1431,0.1185,0.3465,5,Spinach Blight (Cucumber Mosaic Virus)
spinach_0_0002.jpg,103.4547,134.2884,69.1829,22.6615,18.8272,16.6509,2.7324,1.0,0.5475,0.8441,0.3386,55079.8971,1032.8972,0.7632,0.909,1.054,4.6024,0.0119,2.1777,0.0667,0.0893,0.0429,0.2175,0,No Disease
spinach_3_0068.jpg,129.1103,156.0813,72.3947,27.1215,20.4688,15.8501,3.8312,0.714,0.2551,0.7094,0.7102,53343.0011,867.3476,0.8039,0.8712,1.1326,13.11,0.016,0.8104,0.1493,0.1712,0.0765,0.1665,3,White Rust
spinach_0_0168.jpg,104.1207,142.2564,86.8037,20.43,5.3291,14.6241,6.6572,0.9693,0.5151,0.9214,0.3458,45230.9624,885.1631,0.7755,0.8832,1.0281,2.0413,0.0027,1.9107,0.0393,0.1086,0.0104,0.3314,0,No Disease
spinach_2_0026.jpg,96.8327,103.3737,65.5404,27.8442,21.0912,29.1119,7.7838,0.6495,0.2883,0.8433,0.6876,56986.6403,969.3634,0.7687,0.8872,1.1957,19.8501,0.012,7.0896,0.2239,0.1187,0.1165,0.242,2,Anthracnose
spinach_4_0104.jpg,120.8835,110.1676,63.2447,35.2397,34.8562,27.0412,8.7467,0.7057,0.3155,0.6888,0.6979,56051.4835,729.0289,0.839,0.8904,1.1472,14.8778,0.0347,7.6091,0.2917,0.1481,0.1459,0.2423,4,Cladosporium Leaf Spot
spinach_1_0049.jpg,128.5496,131.546,88.9301,32.2727,25.6244,17.4963,5.335,0.8541,0.5668,0.8635,0.6885,44721.699,948.7162,0.7155,0.8728,1.1191,12.0928,0.0272,5.6948,0.2166,0.0906,0.0774,0.1894,1,Downy Mildew
spinach_1_0141.jpg,112.3627,125.5298,59.2994,33.1774,23.7954,21.3164,4.7509,0.777,0.5379,0.8054,0.6787,54031.151,761.9757,0.7374,0.9049,1.0419,5.7419,0.005,2.3762,0.1772,0.1272,0.0602,0.3163,1,Downy Mildew
spinach_5_0174.jpg,87.3963,114.8424,66.5306,29.9747,26.735,19.3904,7.4057,0.655,0.314,0.7772,0.7436,52530.9905,849.2805,0.6936,0.937,0.9336,14.3442,0.0409,5.669,0.2246,0.1652,0.095,0.528,5,Spinach Blight (Cucumber Mosaic Virus)
spinach_3_0131.jpg,125.7179,144.7999,60.4528,20.044,22.1174,22.157,7.2867,0.6843,0.4346,0.8623,0.7473,46534.545,831.1188,0.8029,0.9056,1.0493,8.9779,0.0294,1.6429,0.2449,0.097,0.0786,0.4073,3,White Rust
spinach_2_0009.jpg,118.1495,122.6653,51.6931,24.1587,27.0788,25.2441,7.6888,0.639,0.4038,0.8052,0.7105,41834.2603,900.32,0.9226,0.8678,1.0824,13.0947,0.0278,6.4497,0.287,0.1634,0.1419,0.3406,2,Anthracnose
spinach_3_0100.jpg,124.5864,147.4886,73.3062,18.6802,24.7499,24.0228,4.7657,0.7503,0.3343,0.8279,0.5709,46889.0804,872.416,0.7893,0.906,1.1102,1.0003,0.0278,4.0286,0.115,0.0216,0.0957,0.3246,3,White Rust
spinach_0_0176.jpg,95.3526,131.9179,77.0777,19.1554,17.982,10.1028,1.2152,0.947,0.6276,0.8293,0.4362,62994.2393,918.2402,0.7284,0.9257,1.1274,1.3953,0.0057,0.0,0.0519,0.074,0.0359,0.1547,0,No Disease
spinach_4_0030.jpg,127.3822,139.1779,69.0229,33.2052,22.1218,16.8951,9.6929,0.7374,0.2748,0.6411,0.7043,47580.4996,997.4961,0.8031,0.8843,1.2826,12.2623,0.0384,5.6118,0.2621,0.1959,0.1511,0.3691,4,Cladosporium Leaf Spot
spinach_3_0061.jpg,102.0286,135.9187,71.0339,24.6206,25.5179,18.919,3.6203,0.7266,0.444,0.839,0.5013,50055.1565,962.0217,0.7681,0.9479,1.0364,3.4545,0.0194,4.7277,0.1268,0.1737,0.1181,0.2298,3,White Rust
spinach_5_0053.jpg,100.7533,110.7349,73.6255,22.5703,22.803,26.814,6.8986,0.754,0.4363,0.7621,0.8321,49957.7033,768.8657,0.8483,0.8858,1.0812,13.4807,0.0174,4.4815,0.2338,0.1281,0.1143,0.2611,5,Spinach Blight (Cucumber Mosaic Virus)
spinach_4_0113.jpg,103.9689,137.4372,58.9019,41.0269,30.3269,27.0272,7.4175,0.7426,0.3887,0.761,0.7778,50264.8067,949.513,0.8766,0.9154,1.0811,10.5711,0.0405,4.9103,0.2718,0.1854,0.0946,0.4198,4,Cladosporium Leaf Spot
spinach_4_0162.jpg,120.5713,94.0673,58.3956,31.9817,26.764,33.6855,11.3014,0.7126,0.266,0.7945,0.8219,45790.1017,893.2717,0.8475,0.875,1.0812,19.2659,0.0252,7.0138,0.2187,0.2247,0.1073,0.4133,4,Cladosporium Leaf Spot
spinach_1_0012.jpg,108.7683,117.2191,65.0024,27.3299,21.6779,16.9437,3.3468,0.7361,0.3928,0.712,0.7647,50588.3716,1027.0043,0.758,0.9161,1.0956,3.2095,0.0314,4.5567,0.2273,0.0999,0.0759,0.2407,1,Downy Mildew
spinach_1_0067.jpg,118.0738,131.8562,66.031,28.2212,22.6783,22.1448,7.2035,0.7324,0.4554,0.747,0.5453,53614.3983,844.4774,0.8132,0.9107,1.0757,8.6874,0.0159,1.8376,0.2091,0.1393,0.1012,0.2675,1,Downy Mildew
spinach_4_0071.jpg,130.8179,117.4717,50.0726,28.6006,20.9452,19.8169,9.3407,0.5143,0.365,0.6618,0.7068,51636.7499,796.2338,0.8405,0.8725,1.0391,15.9786,0.0395,8.48,0.1389,0.2002,0.0864,0.3627,4,Cladosporium Leaf Spot
spinach_4_0009.jpg,103.1067,148.305,61.5036,38.1435,26.2486,28.8557,4.0436,0.5972,0.3321,0.6924,0.8672,45029.2854,955.9968,0.8636,0.9486,1.1265,16.162,0.0238,10.7926,0.3069,0.1891,0.0895,0.3155,4,Cladosporium Leaf Spot
spinach_2_0052.jpg,123.5036,130.4043,63.3709,27.8867,29.989,21.6047,9.7715,0.7123,0.401,0.7089,0.864,42831.2483,1063.8288,0.7888,0.8648,1.0198,7.3968,0.0322,4.2311,0.2384,0.2054,0.0932,0.3286,2,Anthracnose
spinach_1_0106.jpg,118.6447,136.9096,61.1099,24.734,23.1712,20.9703,2.5415,0.7769,0.3939,0.8483,0.6691,56850.332,798.8996,0.7677,0.8789,1.0436,15.0084,0.0319,2.7334,0.1671,0.127,0.0946,0.1692,1,Downy Mildew
spinach_0_0086.jpg,94.7547,148.9887,62.3784,18.5682,14.0697,15.6573,0.9112,0.8783,0.5611,0.8286,0.4685,53191.9419,911.1386,0.7442,0.9499,1.1011,0.7732,0.0068,4.2539,0.033,0.1108,0.0,0.2174,0,No Disease
spinach_2_0075.jpg,101.3034,116.0036,65.6361,34.5715,30.9742,24.2115,8.2308,0.7898,0.414,0.5714,0.6371,53481.8504,817.2904,0.8972,0.8984,1.0868,18.499,0.0255,6.4173,0.275,0.1011,0.1029,0.4163,2,Anthracnose
spinach_2_0178.jpg,108.2781,102.0036,60.4564,27.6877,27.9252,23.6206,7.6576,0.72,0.3525,0.7129,0.7136,37855.5485,944.6526,0.809,0.9141,0.9771,12.7369,0.0183,7.4403,0.1597,0.1229,0.1234,0.2997,2,Anthracnose
spinach_0_0117.jpg,104.801,131.7868,77.5285,27.1799,14.6781,16.9408,1.5927,0.9292,0.7053,0.9156,0.2427,54269.9782,1043.2864,0.7567,0.9549,1.0648,0.0,0.0071,0.0,0.088,0.1315,0.0,0.0976,0,No Disease
spinach_1_0179.jpg,116.3642,126.7424,59.5899,28.1597,26.0541,21.7934,3.4964,0.6601,0.4619,0.863,0.6252,48941.6579,922.434,0.7218,0.9427,1.1149,7.3222,0.0187,3.8513,0.2556,0.1219,0.0839,0.3559,1,Downy Mildew
spinach_1_0120.jpg,113.1358,130.0115,63.9698,18.4695,22.846,24.1809,4.8568,0.722,0.443,0.7512,0.5069,50818.2694,999.4073,0.7269,0.9006,0.9895,13.7655,0.0193,3.2696,0.1946,0.0819,0.0542,0.1932,1,Downy Mildew
spinach_4_0157.jpg,103.004,142.5721,56.9955,33.6498,20.2051,30.4306,8.4842,0.5945,0.3052,0.7209,0.4647,46379.0333,878.0916,0.7822,0.9526,1.043,21.9609,0.0485,8.7071,0.2363,0.1386,0.1486,0.5216,4,Cladosporium Leaf Spot
spinach_3_0159.jpg,121.5749,139.01,50.4123,19.0068,20.1232,17.1481,2.0786,0.8386,0.4808,0.7898,0.4806,51896.9648,956.4449,0.7641,0.9311,1.0463,8.3899,0.0261,6.2176,0.2364,0.1314,0.0708,0.2441,3,White Rust
spinach_3_0068.jpg,129.1103,156.0813,72.3947,27.1215,20.4688,15.8501,3.8312,0.714,0.2551,0.7094,0.7102,53343.0011,867.3476,0.8039,0.8712,1.1326,13.11,0.016,0.8104,0.1493,0.1712,0.0765,0.1665,3,White Rust
spinach_3_0046.jpg,122.1168,129.9855,71.6206,25.4565,16.8899,25.884,6.6532,0.8969,0.479,0.7775,0.6204,48612.6249,918.006,0.7695,0.8835,1.1202,6.2361,0.0151,4.6548,0.2336,0.086,0.0616,0.2188,3,White Rust
spinach_3_0091.jpg,109.3774,154.2549,69.5511,14.6327,29.9594,23.8889,4.072,0.6928,0.3345,0.9491,0.4577,45182.0572,931.7919,0.6817,0.8955,1.1896,9.8568,0.0139,4.033,0.1479,0.1175,0.051,0.2336,3,White Rust
spinach_2_0008.jpg,124.3638,132.0961,60.11,33.544,30.8372,28.5831,8.2377,0.5738,0.5408,0.7746,0.639,44851.8746,930.4813,0.7833,0.9082,1.1395,11.7342,0.0181,6.7945,0.2033,0.1658,0.0764,0.3298,2,Anthracnose
spinach_0_0091.jpg,101.5785,123.5239,56.178,18.6922,17.2825,9.8555,1.9414,0.9043,0.4075,0.8159,0.4607,53935.2936,804.6325,0.7795,0.9556,1.1822,1.6189,0.0023,0.0672,0.1234,0.0878,0.0557,0.2105,0,No Disease
spinach_3_0038.jpg,117.8108,138.0239,87.308,30.8728,20.558,17.9065,0.01,0.8555,0.5229,0.7419,0.4068,45723.6628,949.4398,0.7746,0.9373,1.1169,11.867,0.02,5.4918,0.0655,0.0706,0.0609,0.3664,3,White Rust
spinach_0_0118.jpg,94.6797,138.3035,69.0743,26.9957,21.7717,16.9811,2.2476,0.9315,0.511,0.94,0.3088,56176.885,1038.6143,0.7827,0.9256,1.152,0.0,0.0084,0.996,0.0975,0.1083,0.0381,0.1088,0,No Disease
spinach_3_0122.jpg,140.3775,114.9825,62.3237,29.8593,22.0017,14.7341,5.5249,0.7754,0.4427,0.7363,0.5465,48590.3919,1148.4533,0.7656,0.9107,1.0667,15.1078,0.0039,4.647,0.158,0.0631,0.0495,0.3054,3,White Rust
spinach_3_0161.jpg,124.3456,147.6894,68.532,20.3409,22.2823,26.4049,5.646,0.7607,0.6405,0.8611,0.6317,53086.7123,978.0274,0.8258,0.8654,1.1416,7.3568,0.013,3.6482,0.0922,0.0478,0.1012,0.317,3,White Rust
spinach_2_0178.jpg,108.2781,102.0036,60.4564,27.6877,27.9252,23.6206,7.6576,0.72,0.3525,0.7129,0.7136,37855.5485,944.6526,0.809,0.9141,0.9771,12.7369,0.0183,7.4403,0.1597,0.1229,0.1234,0.2997,2,Anthracnose
spinach_2_0054.jpg,100.3931,93.7719,51.9592,23.8937,36.1287,22.9587,8.5868,0.6572,0.3656,0.6977,0.8007,51558.1238,774.2666,0.8974,0.8927,1.0436,2.682,0.0321,6.2818,0.235,0.1439,0.0956,0.3204,2,Anthracnose
spinach_3_0028.jpg,136.8869,127.2646,61.5799,20.8572,18.0829,25.9708,4.3856,0.7611,0.522,0.6636,0.5553,46015.6414,875.5585,0.7448,0.9041,1.128,8.8849,0.0152,4.6672,0.1266,0.1473,0.0648,0.2413,3,White Rust
spinach_2_0146.jpg,112.0552,128.0218,60.3637,27.8435,27.3338,23.3255,6.8441,0.5745,0.4794,0.7747,0.5856,48496.3718,857.4914,0.7306,0.8533,1.0264,12.5744,0.0155,6.4186,0.2881,0.1937,0.1068,0.2028,2,Anthracnose
spinach_1_0035.jpg,119.8714,115.5344,51.6787,32.6128,29.9799,22.2916,8.0427,0.8245,0.4847,0.6962,0.7831,53681.5072,861.4161,0.7499,0.9164,0.9663,12.7987,0.0124,5.4671,0.1639,0.1194,0.0611,0.2971,1,Downy Mildew
spinach_4_0020.jpg,132.5173,118.2872,54.869,34.3519,32.7014,25.4418,9.9057,0.6139,0.3502,0.6862,0.7887,58566.3581,926.9556,0.7718,0.9032,1.1507,21.0969,0.0398,4.8035,0.1454,0.241,0.141,0.3883,4,Cladosporium Leaf Spot
spinach_3_0092.jpg,117.8932,128.0155,75.3513,28.8506,17.3382,15.2224,4.5326,0.9424,0.3778,0.7687,0.5589,50956.7891,859.179,0.8493,0.9314,1.1777,10.3575,0.0242,6.8519,0.2366,0.213,0.1004,0.2264,3,White Rust
spinach_0_0160.jpg,124.1543,129.0237,72.0345,20.0744,19.0122,13.2821,2.5351,0.8865,0.4534,0.8807,0.3099,43328.0712,933.6873,0.7993,0.9432,1.1654,0.0,0.0,4.7523,0.0476,0.1044,0.0228,0.2064,0,No Disease
spinach_5_0143.jpg,98.2469,88.8062,69.1086,23.6083,29.7094,21.9947,8.0033,0.6341,0.3572,0.7062,0.5018,55057.101,707.4577,0.8758,0.9106,1.0741,13.3805,0.0265,4.6792,0.2249,0.1792,0.0664,0.3677,5,Spinach Blight (Cucumber Mosaic Virus)
spinach_5_0041.jpg,93.187,116.8207,76.6868,33.459,32.7353,19.1261,6.4621,0.6487,0.4192,0.7531,0.746,56067.4593,938.8977,0.7584,0.8662,1.1316,18.0021,0.0238,2.6507,0.3142,0.1696,0.0943,0.2466,5,Spinach Blight (Cucumber Mosaic Virus)
spinach_3_0111.jpg,130.8906,125.1152,64.1392,22.2749,26.0444,19.3829,6.5862,0.6778,0.4561,0.7397,0.4274,51162.4448,1078.2928,0.7288,0.9168,1.005,2.1631,0.0107,3.19,0.1497,0.111,0.0288,0.2299,3,White Rust
spinach_2_0070.jpg,123.7708,120.5212,48.3734,26.0612,28.1561,25.7191,6.1705,0.746,0.2366,0.627,0.4836,45512.9743,1030.8077,0.9235,0.9059,1.0289,13.1134,0.0308,3.2866,0.2014,0.2174,0.0839,0.2901,2,Anthracnose
spinach_1_0006.jpg,127.8107,110.8884,71.9406,34.5557,22.1527,22.1673,7.4024,0.7027,0.4994,0.713,0.5622,47003.3177,934.2647,0.8595,0.9054,0.9983,5.6692,0.0232,8.1194,0.2097,0.1145,0.0992,0.2908,1,Downy Mildew
spinach_2_0157.jpg,113.4716,112.5774,61.6941,28.1176,35.2378,31.0695,8.4857,0.8033,0.2569,0.6005,0.6578,50206.1548,860.1793,0.7015,0.9288,1.2523,19.124,0.0357,6.507,0.1879,0.1629,0.1626,0.3218,2,Anthracnose
spinach_2_0046.jpg,112.8561,110.1574,53.4292,33.1791,15.0163,26.1895,3.8142,0.5668,0.3389,0.8519,0.8577,53532.4388,915.6542,0.6883,0.9039,1.0361,10.7333,0.0282,5.252,0.2735,0.0826,0.1119,0.2797,2,Anthracnose
spinach_0_0071.jpg,107.8822,136.2239,71.6594,20.393,13.6096,17.1285,6.9542,0.7578,0.6059,0.8268,0.4777,52232.7874,996.1855,0.8405,0.9348,1.2106,0.0,0.0187,1.8751,0.1539,0.0312,0.0192,0.2117,0,No Disease
spinach_4_0109.jpg,106.1394,129.209,50.1001,25.3444,29.0442,25.5337,8.8461,0.5948,0.4136,0.5997,0.8227,51570.6034,950.0649,0.8609,0.8786,1.0171,11.2464,0.0178,7.1832,0.2646,0.1466,0.1082,0.5119,4,Cladosporium Leaf Spot
spinach_0_0139.jpg,112.7681,119.6258,78.9047,20.8856,20.1355,16.5201,0.322,0.7802,0.523,0.9195,0.489,45160.2886,821.8901,0.7266,0.9211,1.011,0.0,0.0,1.3553,0.041,0.0754,0.0665,0.0959,0,No Disease
spinach_0_0106.jpg,118.5676,130.8052,66.9433,23.0812,5.3645,7.5552,1.5228,1.0,0.5451,0.8871,0.5334,62534.4237,862.3152,0.769,0.9756,0.9982,6.1103,0.0,1.3845,0.0879,0.0417,0.0154,0.2221,0,No Disease
spinach_4_0138.jpg,122.5821,99.8367,58.6667,37.5214,26.3498,21.3851,9.5606,0.61,0.3076,0.7492,0.6433,48201.9637,976.6447,0.7161,0.9344,1.0527,21.4981,0.041,7.2259,0.246,0.1883,0.1478,0.3111,4,Cladosporium Leaf Spot
spinach_0_0066.jpg,93.9601,142.5508,62.7993,23.5599,11.0926,12.7348,0.9382,1.0,0.6064,0.8652,0.4699,41464.0383,915.6866,0.8899,0.9333,1.1254,4.1925,0.0132,0.0,0.0159,0.0884,0.0221,0.305,0,No Disease
spinach_3_0131.jpg,125.7179,144.7999,60.4528,20.044,22.1174,22.157,7.2867,0.6843,0.4346,0.8623,0.7473,46534.545,831.1188,0.8029,0.9056,1.0493,8.9779,0.0294,1.6429,0.2449,0.097,0.0786,0.4073,3,White Rust
spinach_2_0016.jpg,118.6734,109.7028,48.5224,29.0721,34.0024,23.724,9.544,0.6201,0.4638,0.6543,0.7125,51083.4141,946.1492,0.815,0.8815,1.1504,20.9266,0.0223,2.7966,0.255,0.1468,0.1067,0.3945,2,Anthracnose
spinach_3_0083.jpg,139.7319,145.8001,79.9897,25.051,20.9526,15.01,5.3945,0.7543,0.4412,0.8933,0.5374,58154.9072,746.1925,0.9413,0.9107,1.1666,11.4651,0.013,5.4743,0.2136,0.0915,0.0525,0.2836,3,White Rust
spinach_2_0140.jpg,113.8061,117.3485,80.1317,34.5556,21.5914,24.4809,5.654,0.7157,0.27,0.6225,0.7244,54988.3456,930.2644,0.8512,0.9093,1.0938,11.9852,0.0335,7.9448,0.2268,0.1553,0.1498,0.3484,2,Anthracnose
spinach_0_0007.jpg,124.9673,171.0525,75.3153,15.0523,6.3398,16.0708,0.618,0.8668,0.531,0.8701,0.5266,52785.2428,904.1365,0.7079,0.8881,1.0811,1.7849,0.0201,1.4345,0.1491,0.06,0.0104,0.1228,0,No Disease
spinach_1_0141.jpg,112.3627,125.5298,59.2994,33.1774,23.7954,21.3164,4.7509,0.777,0.5379,0.8054,0.6787,54031.151,761.9757,0.7374,0.9049,1.0419,5.7419,0.005,2.3762,0.1772,0.1272,0.0602,0.3163,1,Downy Mildew
spinach_2_0147.jpg,118.157,117.6103,61.3948,39.6805,22.8759,11.5007,5.2091,0.7189,0.3822,0.6149,0.548,48226.9549,755.3905,0.8312,0.8897,1.0298,10.9669,0.0291,6.1767,0.2401,0.1672,0.1082,0.2673,2,Anthracnose
spinach_1_0007.jpg,114.2171,119.4569,74.2676,14.304,27.9893,19.145,4.8024,0.8754,0.3729,0.7124,0.597,53069.2369,855.8144,0.6956,0.8884,1.2025,10.2991,0.0236,4.3294,0.157,0.1971,0.0753,0.2745,1,Downy Mildew
spinach_1_0116.jpg,106.948,110.6167,57.8323,19.7268,20.8859,23.9776,4.8618,0.7685,0.3721,0.7646,0.8021,49257.5696,938.4429,0.6961,0.948,1.0618,14.2021,0.019,5.9008,0.2236,0.1119,0.1073,0.2493,1,Downy Mildew
spinach_3_0072.jpg,124.1276,141.2852,67.7821,33.1903,25.5239,19.5709,6.0551,0.7739,0.4636,0.8707,0.4602,51616.5482,1023.971,0.7985,0.9108,0.9735,0.0,0.0336,4.5553,0.1408,0.134,0.0463,0.2535,3,White Rust
spinach_1_0055.jpg,111.3141,134.1729,75.2203,32.73,17.7407,19.9437,3.918,0.7186,0.5584,0.6604,0.4481,46857.2292,928.7311,0.8272,0.9209,1.1941,2.9477,0.0295,4.2382,0.2266,0.0771,0.0801,0.3289,1,Downy Mildew
spinach_1_0023.jpg,117.4122,121.5839,64.3602,25.8188,19.2769,24.9676,6.2256,0.7042,0.4416,0.7541,0.5232,51352.4811,837.8988,0.7333,0.8694,1.0713,12.2679,0.0144,9.3373,0.2343,0.1822,0.0999,0.4582,1,Downy Mildew
spinach_0_0172.jpg,115.9918,143.3614,73.6692,25.9986,19.3486,15.2724,4.5168,0.9092,0.5557,0.8214,0.4903,58185.2527,914.9413,0.8485,0.8807,1.1156,1.8396,0.0002,5.4909,0.0967,0.0637,0.0406,0.0398,0,No Disease
spinach_2_0173.jpg,119.0955,117.6006,58.7423,32.6813,24.0179,28.4555,6.997,0.6115,0.3616,0.7862,0.6475,54747.789,817.4654,0.7541,0.9165,1.0101,17.2902,0.0298,4.5275,0.2264,0.138,0.1187,0.501,2,Anthracnose
spinach_3_0174.jpg,116.7486,144.8422,54.9786,20.6525,22.6299,22.6528,7.6543,0.7508,0.3907,0.7158,0.4812,62605.134,980.6874,0.8468,0.914,1.1099,10.7971,0.013,3.4756,0.1363,0.1021,0.0712,0.2143,3,White Rust
spinach_1_0003.jpg,121.9952,125.9564,57.1794,37.6084,29.016,24.2877,6.4797,0.6597,0.5322,0.701,0.6383,42803.0505,695.9141,0.8091,0.8898,0.9409,12.1624,0.037,7.3012,0.1771,0.1304,0.1022,0.3998,1,Downy Mildew
spinach_4_0051.jpg,132.0881,131.3304,67.4007,29.0507,34.6294,28.2127,8.5222,0.5832,0.3485,0.7754,0.6506,46501.0047,827.2198,0.7654,0.8896,1.1467,19.8457,0.0345,7.9986,0.3012,0.1227,0.1568,0.3239,4,Cladosporium Leaf Spot
spinach_0_0065.jpg,104.8658,114.1354,70.4739,19.186,27.48,9.1714,1.3358,1.0,0.616,0.9194,0.4315,53649.7177,997.761,0.7214,0.952,1.0102,3.3135,0.0074,0.0907,0.0989,0.0551,0.0132,0.1717,0,No Disease
spinach_1_0035.jpg,119.8714,115.5344,51.6787,32.6128,29.9799,22.2916,8.0427,0.8245,0.4847,0.6962,0.7831,53681.5072,861.4161,0.7499,0.9164,0.9663,12.7987,0.0124,5.4671,0.1639,0.1194,0.0611,0.2971,1,Downy Mildew
spinach_0_0069.jpg,95.5978,132.0171,62.6922,20.8103,20.6486,8.6516,2.0427,0.8824,0.6073,0.8791,0.2746,45688.0535,922.9424,0.8317,0.8746,1.1477,6.7585,0.0048,2.1904,0.0648,0.0752,0.0,0.0125,0,No Disease
spinach_1_0156.jpg,113.8995,149.3181,53.7003,24.1821,19.4756,18.7449,7.2534,0.8582,0.3739,0.7094,0.4943,57531.4269,1012.1004,0.7836,0.8751,0.9955,10.6825,0.0244,1.0809,0.1739,0.1947,0.0746,0.4292,1,Downy Mildew
spinach_4_0108.jpg,114.6413,118.1648,67.4004,27.606,30.7484,26.2003,6.7569,0.757,0.3164,0.5905,0.8453,50772.4779,930.8428,0.7189,0.9103,1.2438,12.9487,0.0368,6.0864,0.4045,0.2396,0.1371,0.2918,4,Cladosporium Leaf Spot
spinach_2_0033.jpg,106.9533,116.7878,52.9789,27.1309,29.0594,23.7412,10.6237,0.7151,0.4721,0.625,0.7425,46385.0933,919.5453,0.8413,0.9012,1.2726,19.7119,0.0364,7.4757,0.3182,0.1025,0.1443,0.2707,2,Anthracnose
spinach_0_0017.jpg,107.0231,148.2882,72.0914,26.6448,21.284,18.3673,2.942,1.0,0.5636,0.7398,0.5804,49711.5028,930.788,0.8486,0.8899,1.0199,0.0,0.0,1.9913,0.1262,0.0911,0.0047,0.0152,0,No Disease
spinach_3_0037.jpg,122.6642,149.4167,74.271,19.3061,18.5967,21.8992,5.4007,0.686,0.5199,0.7176,0.6804,54147.2458,791.8076,0.7483,0.9063,1.1228,7.1841,0.0078,1.4903,0.1975,0.1314,0.0726,0.3017,3,White Rust
spinach_1_0175.jpg,122.7708,140.7792,52.7031,26.3913,23.8051,20.025,6.2546,0.7908,0.4614,0.7476,0.5364,56485.9304,934.9733,0.7289,0.9052,0.9605,10.1415,0.0184,3.766,0.2692,0.0838,0.0977,0.4849,1,Downy Mildew
spinach_0_0180.jpg,114.7466,131.2299,66.1314,16.772,20.6632,11.0001,2.6064,0.9597,0.5729,0.9507,0.3896,50930.722,822.2754,0.831,0.9108,1.148,1.7147,0.0,0.1036,0.1691,0.0881,0.0148,0.2244,0,No Disease
spinach_5_0163.jpg,92.9098,113.3404,66.6728,25.4505,23.406,22.8665,4.6642,0.6617,0.4427,0.7283,0.6023,44984.6534,768.6789,0.8021,0.9506,1.1353,6.6685,0.0297,4.034,0.2098,0.1264,0.1406,0.2493,5,Spinach Blight (Cucumber Mosaic Virus)
spinach_0_0093.jpg,105.627,140.1829,73.7208,23.8627,19.7757,15.1769,0.6245,0.9054,0.5778,0.8935,0.6407,49381.1361,962.2289,0.8341,0.9325,1.307,0.4878,0.0086,0.0,0.0824,0.09,0.0612,0.2255,0,No Disease
spinach_0_0171.jpg,118.5259,165.6469,68.194,13.3979,5.8154,14.0236,1.4622,0.8479,0.5977,0.9077,0.4523,50419.3756,809.8378,0.8099,0.9303,1.1911,5.1603,0.0,0.0,0.0622,0.0377,0.0589,0.2281,0,No Disease
spinach_1_0009.jpg,108.6677,125.1328,71.3605,29.36,26.842,13.9152,8.6227,0.6446,0.5523,0.8315,0.6677,46725.0761,915.159,0.7617,0.9107,1.08,1.8456,0.029,4.654,0.1658,0.1076,0.089,0.2385,1,Downy Mildew
spinach_1_0172.jpg,119.9733,153.5365,56.0511,26.7041,31.0676,23.4685,9.7163,0.6814,0.3508,0.8457,0.4904,50016.1601,893.4353,0.8522,0.9254,1.1366,8.3903,0.0297,12.0465,0.2246,0.134,0.0476,0.259,1,Downy Mildew
spinach_3_0065.jpg,130.2797,128.4594,77.1704,18.6626,21.7138,19.372,3.3968,0.7943,0.5648,0.8673,0.6224,43020.3875,771.4048,0.79,0.9191,1.0702,15.6213,0.0178,4.9763,0.2194,0.1222,0.1348,0.2048,3,White Rust
spinach_3_0045.jpg,118.183,145.8799,70.2655,16.2973,23.3442,20.8425,5.4179,0.816,0.5797,0.809,0.5523,57239.8378,1129.2741,0.8349,0.9252,1.1446,9.0242,0.0171,7.8973,0.1325,0.1662,0.0669,0.1616,3,White Rust
spinach_0_0096.jpg,105.1733,137.6601,68.2526,30.0546,19.7449,17.9044,0.4172,0.8201,0.5829,0.8921,0.2344,51098.4649,921.4072,0.7571,0.9097,1.0768,1.2926,0.0067,2.2886,0.154,0.0682,0.0286,0.235,0,No Disease
spinach_0_0078.jpg,105.7202,124.7512,85.6487,25.5975,18.4846,9.6128,2.3581,0.8103,0.697,0.9366,0.4295,39818.1217,821.6584,0.8113,0.9603,1.2087,0.0,0.0084,3.0279,0.0171,0.0797,0.0468,0.1759,0,No Disease
spinach_1_0015.jpg,128.8633,123.2132,70.8894,29.6925,23.9399,19.7403,9.6253,0.6746,0.4538,0.7075,0.7886,55434.1316,832.165,0.8208,0.9164,1.0587,13.0327,0.0231,5.1883,0.1879,0.1472,0.0857,0.3147,1,Downy Mildew
spinach_3_0063.jpg,132.0501,132.6956,62.6119,28.5819,16.3524,21.8307,5.4333,0.748,0.4918,0.7871,0.5997,44829.4885,966.4502,0.8416,0.928,1.1581,7.5603,0.0241,4.1174,0.1126,0.1528,0.0291,0.3026,3,White Rust
spinach_3_0105.jpg,108.8094,146.5305,72.5097,22.3232,24.0456,25.0319,6.7358,0.7248,0.3409,0.6878,0.5188,58811.5857,832.1555,0.7442,0.9046,1.0675,7.9551,0.0068,5.9518,0.1628,0.2192,0.0407,0.4072,3,White Rust
spinach_1_0003.jpg,121.9952,125.9564,57.1794,37.6084,29.016,24.2877,6.4797,0.6597,0.5322,0.701,0.6383,42803.0505,695.9141,0.8091,0.8898,0.9409,12.1624,0.037,7.3012,0.1771,0.1304,0.1022,0.3998,1,Downy Mildew
spinach_3_0092.jpg,117.8932,128.0155,75.3513,28.8506,17.3382,15.2224,4.5326,0.9424,0.3778,0.7687,0.5589,50956.7891,859.179,0.8493,0.9314,1.1777,10.3575,0.0242,6.8519,0.2366,0.213,0.1004,0.2264,3,White Rust
spinach_4_0153.jpg,129.1903,104.041,48.2576,31.1585,29.5122,20.7602,8.5772,0.6513,0.3016,0.8023,0.803,56142.4452,744.3787,0.7021,0.9015,1.2184,13.9603,0.0351,5.2768,0.2341,0.1977,0.1177,0.2856,4,Cladosporium Leaf Spot
spinach_4_0003.jpg,124.9989,133.1624,68.4096,33.6818,27.7114,15.5687,8.825,0.4477,0.1861,0.6487,0.7865,48244.5755,1043.5531,0.8177,0.8838,1.1809,24.2605,0.0381,6.1045,0.2425,0.1321,0.1289,0.306,4,Cladosporium Leaf Spot
spinach_2_0066.jpg,113.4191,103.3801,62.9799,21.7941,17.8503,22.5123,6.6409,0.7018,0.328,0.832,0.7061,51164.4089,899.7234,0.8602,0.9144,1.1154,16.9439,0.0124,2.8837,0.2262,0.1521,0.1245,0.3516,2,Anthracnose
spinach_1_0172.jpg,119.9733,153.5365,56.0511,26.7041,31.0676,23.4685,9.7163,0.6814,0.3508,0.8457,0.4904,50016.1601,893.4353,0.8522,0.9254,1.1366,8.3903,0.0297,12.0465,0.2246,0.134,0.0476,0.259,1,Downy Mildew
spinach_4_0058.jpg,116.9018,114.8462,71.3331,29.9962,19.5315,24.1038,9.0165,0.6574,0.3667,0.7646,0.6485,48381.4583,1044.5054,0.672,0.8887,1.1683,22.8561,0.0393,8.7338,0.2179,0.2449,0.1,0.2988,4,Cladosporium Leaf Spot
spinach_2_0165.jpg,137.1108,134.1061,34.2048,30.3167,31.6606,22.2707,6.2178,0.6586,0.4242,0.6196,0.8089,49720.035,786.4976,0.8675,0.8614,1.0356,11.7133,0.0442,4.867,0.1223,0.1367,0.1214,0.4127,2,Anthracnose
spinach_0_0042.jpg,117.0031,142.183,69.1544,21.6792,2.347,16.5315,0.01,0.7621,0.6161,0.9134,0.3038,48439.4898,1057.0541,0.741,0.9861,1.1198,3.6321,0.0189,1.4358,0.0499,0.0756,0.0391,0.0908,0,No Disease
spinach_0_0058.jpg,113.0457,131.5737,75.2316,22.8273,26.1811,14.1882,2.6393,0.7812,0.6752,0.8268,0.3639,51888.761,763.7116,0.7837,0.9542,1.1434,0.0,0.005,2.5357,0.0061,0.037,0.0619,0.2216,0,No Disease
spinach_2_0064.jpg,134.36,106.7833,58.6961,23.9043,27.2081,22.465,4.4679,0.9061,0.3404,0.6654,0.7869,59071.2744,992.6437,0.7279,0.9053,0.9295,17.6068,0.0139,4.6542,0.2298,0.1778,0.1035,0.4715,2,Anthracnose
spinach_1_0003.jpg,121.9952,125.9564,57.1794,37.6084,29.016,24.2877,6.4797,0.6597,0.5322,0.701,0.6383,42803.0505,695.9141,0.8091,0.8898,0.9409,12.1624,0.037,7.3012,0.1771,0.1304,0.1022,0.3998,1,Downy Mildew
spinach_0_0122.jpg,115.6598,143.2325,72.7558,20.054,16.7178,12.6932,1.2359,1.0,0.5713,0.825,0.3684,57501.8534,987.5607,0.8036,0.9236,1.1659,0.0,0.0039,2.9456,0.1437,0.0407,0.0186,0.2087,0,No Disease
spinach_5_0041.jpg,93.187,116.8207,76.6868,33.459,32.7353,19.1261,6.4621,0.6487,0.4192,0.7531,0.746,56067.4593,938.8977,0.7584,0.8662,1.1316,18.0021,0.0238,2.6507,0.3142,0.1696,0.0943,0.2466,5,Spinach Blight (Cucumber Mosaic Virus)
spinach_5_0133.jpg,104.2898,102.4272,69.2945,26.2765,34.7033,23.7165,5.2097,0.7374,0.326,0.748,0.6274,45365.6442,786.0559,0.9561,0.9023,1.0555,9.5803,0.0278,4.2507,0.1553,0.1487,0.089,0.3066,5,Spinach Blight (Cucumber Mosaic Virus)
spinach_3_0040.jpg,123.032,121.7371,64.3359,23.4408,31.6505,20.8805,6.5613,0.7606,0.3101,0.8271,0.4842,49821.9994,799.7029,0.7844,0.9466,1.1846,14.3448,0.0308,0.3174,0.1103,0.0477,0.0858,0.2246,3,White Rust
spinach_2_0092.jpg,104.8964,140.0567,63.0642,31.3727,22.1181,26.645,4.6919,0.5546,0.3353,0.8368,0.8798,47743.8154,812.5801,0.7016,0.902,1.093,17.1582,0.0343,5.7446,0.2578,0.132,0.1234,0.3094,2,Anthracnose
spinach_2_0030.jpg,107.3195,111.4107,67.2187,36.4915,31.7711,17.5978,8.4665,0.7207,0.2463,0.5553,0.7938,49099.5035,751.4818,0.7875,0.9091,1.0734,7.7921,0.0421,7.9076,0.2132,0.1482,0.119,0.2596,2,Anthracnose
spinach_3_0001.jpg,102.6985,140.8194,67.7469,21.6754,22.9003,20.6805,2.9989,0.7965,0.5558,0.764,0.4632,50612.0997,990.4613,0.7064,0.9345,1.0558,8.9683,0.0125,2.9794,0.2462,0.0636,0.0821,0.4185,3,White Rust
spinach_3_0040.jpg,123.032,121.7371,64.3359,23.4408,31.6505,20.8805,6.5613,0.7606,0.3101,0.8271,0.4842,49821.9994,799.7029,0.7844,0.9466,1.1846,14.3448,0.0308,0.3174,0.1103,0.0477,0.0858,0.2246,3,White Rust
spinach_1_0044.jpg,118.8139,119.6974,63.0954,27.0653,17.1644,18.8419,4.9504,0.7731,0.4669,0.7193,0.6569,50089.6054,613.038,0.7609,0.937,0.9655,10.4508,0.0327,3.4309,0.1901,0.0778,0.1207,0.3033,1,Downy Mildew
spinach_0_0111.jpg,116.4826,144.9641,73.9575,20.7276,16.1252,19.1826,0.5289,0.7702,0.6292,0.9242,0.468,54038.6418,887.946,0.8172,0.9289,1.081,0.7524,0.0222,0.0,0.125,0.0128,0.0373,0.1653,0,No Disease
spinach_1_0088.jpg,121.5538,151.5821,62.6565,31.7665,21.7438,18.9416,4.3482,0.5752,0.533,0.7151,0.5299,45100.1416,879.5641,0.8958,0.9623,0.9671,8.5822,0.0117,6.579,0.2043,0.1045,0.0818,0.2718,1,Downy Mildew
spinach_3_0180.jpg,114.5397,119.0871,55.269,20.1367,28.1675,18.7517,4.8533,0.6936,0.5107,0.9113,0.4612,60123.7419,941.4424,0.781,0.93,1.1412,15.4284,0.0212,4.974,0.1489,0.1536,0.0461,0.2887,3,White Rust
spinach_0_0109.jpg,103.997,137.7425,72.8568,24.2398,23.8887,14.991,3.386,0.8439,0.6413,0.8267,0.5291,63053.2044,907.7916,0.6384,0.9163,1.2186,4.2123,0.008,3.0156,0.1242,0.1287,0.063,0.3217,0,No Disease
spinach_3_0067.jpg,138.5129,134.6184,70.103,28.8728,16.2543,15.4921,2.5912,0.7614,0.4333,0.6795,0.5649,51021.9054,1023.224,0.9008,0.9314,1.0543,10.5869,0.0171,3.5678,0.1269,0.1014,0.0656,0.3443,3,White Rust
spinach_1_0046.jpg,116.1125,153.2719,74.1482,18.296,20.6702,18.3238,5.3643,0.7352,0.6697,0.6846,0.6329,54082.5387,899.8428,0.7966,0.8839,1.1085,12.0456,0.0226,5.8264,0.2606,0.1675,0.0818,0.2163,1,Downy Mildew
spinach_4_0063.jpg,101.4706,113.4761,54.9876,36.6781,34.0627,20.8004,9.4804,0.6821,0.2456,0.6541,0.7941,51316.1771,718.9459,0.7979,0.9059,1.1964,15.3248,0.0296,7.124,0.2846,0.1939,0.1451,0.3,4,Cladosporium Leaf Spot
spinach_0_0065.jpg,104.8658,114.1354,70.4739,19.186,27.48,9.1714,1.3358,1.0,0.616,0.9194,0.4315,53649.7177,997.761,0.7214,0.952,1.0102,3.3135,0.0074,0.0907,0.0989,0.0551,0.0132,0.1717,0,No Disease
spinach_2_0159.jpg,113.436,117.067,54.7114,29.5723,23.0797,23.0433,7.0987,0.608,0.4014,0.7183,0.6734,62105.2352,865.9298,0.7832,0.8894,1.0023,16.7436,0.0215,5.0777,0.2031,0.1206,0.0662,0.313,2,Anthracnose
spinach_5_0092.jpg,93.4487,122.3874,54.9677,29.638,24.7874,22.1851,4.7186,0.745,0.5269,0.662,0.669,53779.3656,840.3259,0.8916,0.8893,1.0807,8.0274,0.025,5.4054,0.2418,0.1246,0.073,0.377,5,Spinach Blight (Cucumber Mosaic Virus)
spinach_2_0032.jpg,125.258,116.0793,65.1705,21.791,18.9901,28.749,7.1721,0.6883,0.2905,0.7071,0.5754,55934.3522,1152.7831,0.829,0.8841,0.8773,7.2621,0.0394,4.2475,0.2115,0.1862,0.1471,0.334,2,Anthracnose
spinach_3_0123.jpg,115.3561,138.8552,80.8332,25.853,14.7324,16.6128,4.3148,0.7418,0.4722,0.8019,0.7231,51481.4017,789.7806,0.8492,0.9516,1.1286,7.0144,0.022,3.6201,0.0672,0.1425,0.0923,0.3953,3,White Rust
spinach_0_0137.jpg,97.7386,143.0668,77.3473,16.6516,17.2592,12.5056,1.1049,0.81,0.6813,0.9546,0.4737,61860.9798,901.0754,0.9519,0.9243,1.1404,0.4089,0.009,2.7041,0.0943,0.1511,0.046,0.2216,0,No Disease
spinach_2_0023.jpg,127.4028,134.551,47.0948,28.2514,19.1694,29.0795,8.7219,0.708,0.3933,0.7966,0.8111,55790.2235,925.668,0.779,0.9192,1.1453,13.2375,0.0242,8.14,0.3132,0.13,0.1034,0.3781,2,Anthracnose
spinach_4_0180.jpg,100.2832,122.206,50.0821,37.3622,28.5401,22.7127,10.173,0.5475,0.2802,0.532,0.891,59864.3285,722.6406,0.7411,0.8917,1.0287,17.8747,0.0331,8.2336,0.222,0.1977,0.1021,0.3571,4,Cladosporium Leaf Spot
spinach_0_0176.jpg,95.3526,131.9179,77.0777,19.1554,17.982,10.1028,1.2152,0.947,0.6276,0.8293,0.4362,62994.2393,918.2402,0.7284,0.9257,1.1274,1.3953,0.0057,0.0,0.0519,0.074,0.0359,0.1547,0,No Disease
spinach_5_0021.jpg,111.63,81.781,77.9077,30.652,32.6733,17.3015,3.4185,0.8529,0.3259,0.7082,0.7027,53364.4333,977.8416,0.8234,0.8736,1.1465,14.8902,0.0095,7.9536,0.0856,0.1914,0.0741,0.3964,5,Spinach Blight (Cucumber Mosaic Virus)
spinach_2_0031.jpg,114.2268,101.3619,57.4357,24.1571,21.4096,29.5829,7.1007,0.6966,0.2191,0.6582,0.7361,50970.6813,664.597,0.8124,0.9092,1.1827,11.3791,0.0091,4.3058,0.1751,0.1895,0.0421,0.3141,2,Anthracnose
spinach_3_0089.jpg,128.9966,127.7773,60.3436,34.4798,29.057,19.5222,5.0288,0.7183,0.4708,0.7328,0.5421,60551.6469,895.4386,0.7171,0.8858,1.1202,4.9564,0.019,1.0849,0.2045,0.0776,0.0712,0.2529,3,White Rust
spinach_0_0168.jpg,104.1207,142.2564,86.8037,20.43,5.3291,14.6241,6.6572,0.9693,0.5151,0.9214,0.3458,45230.9624,885.1631,0.7755,0.8832,1.0281,2.0413,0.0027,1.9107,0.0393,0.1086,0.0104,0.3314,0,No Disease
spinach_3_0135.jpg,128.2761,146.3278,73.9685,38.3825,28.0903,19.645,3.2501,0.7491,0.4335,0.8158,0.48,57460.8859,766.0437,0.682,0.9166,1.0426,2.9671,0.0119,2.6293,0.1705,0.0952,0.0565,0.2796,3,White Rust
spinach_4_0123.jpg,102.9369,115.4314,50.8507,42.0476,31.1965,24.6175,11.1274,0.5258,0.329,0.8,0.7456,62734.0689,968.5605,0.8684,0.9234,1.0701,16.0472,0.0331,5.7235,0.2667,0.1898,0.1722,0.4375,4,Cladosporium Leaf Spot
spinach_2_0113.jpg,112.1853,123.1639,48.887,31.758,28.026,23.5561,5.8384,0.7751,0.544,0.6223,0.762,35610.7492,946.861,0.6878,0.8869,0.975,13.1376,0.0337,2.7568,0.212,0.1395,0.1495,0.3845,2,Anthracnose
spinach_5_0077.jpg,109.0239,109.0277,52.7962,28.0246,26.9574,18.726,6.1991,0.7043,0.3955,0.8164,0.5188,59669.0123,866.7165,0.8448,0.9032,0.9519,7.7737,0.0198,7.1887,0.1408,0.1158,0.0941,0.3778,5,Spinach Blight (Cucumber Mosaic Virus)
spinach_3_0127.jpg,110.0934,112.34,64.0111,27.8025,20.1882,24.9463,4.7203,0.8786,0.5522,0.8536,0.4296,51585.7033,1027.2773,0.7963,0.9339,0.999,15.6752,0.0107,0.41,0.1524,0.0221,0.0429,0.4847,3,White Rust
spinach_1_0171.jpg,121.7432,139.7042,64.7208,29.777,22.4217,21.4633,4.425,0.8411,0.5517,0.8566,0.5692,46231.1298,1027.6974,0.8226,0.9182,1.0493,11.7027,0.0113,5.9413,0.2589,0.1952,0.0977,0.1994,1,Downy Mildew
spinach_4_0161.jpg,117.5602,128.231,70.4722,29.9796,34.0592,30.3213,11.2327,0.6702,0.3526,0.6268,0.6141,49110.2323,901.2338,0.7834,0.9049,0.9537,17.2721,0.05,9.2921,0.3008,0.2056,0.1209,0.2497,4,Cladosporium Leaf Spot
spinach_0_0044.jpg,100.1721,148.5761,83.8342,28.9719,23.574,14.5611,2.5996,0.9613,0.5897,0.8892,0.5024,51703.5868,847.0713,0.7451,0.9458,1.1202,3.3608,0.0114,0.5253,0.1378,0.0952,0.0091,0.3154,0,No Disease
spinach_3_0022.jpg,106.2926,153.3171,68.0842,28.0501,25.6254,17.1678,3.2456,0.6874,0.4402,0.8289,0.4916,54539.6582,668.2079,0.7569,0.9492,1.0963,4.6834,0.0117,0.0,0.1194,0.1623,0.0554,0.2428,3,White Rust
spinach_4_0052.jpg,111.5649,124.7448,60.3968,34.4347,29.7091,23.8427,10.7989,0.6866,0.3642,0.7085,0.6895,61373.8587,781.2363,0.7968,0.8828,1.044,16.183,0.0278,9.639,0.2098,0.2293,0.1462,0.3595,4,Cladosporium Leaf Spot
spinach_4_0165.jpg,124.6307,141.0071,62.7927,38.762,26.6071,27.9503,7.1288,0.5897,0.3478,0.5713,0.7929,48940.209,691.2439,0.7625,0.8814,1.1382,19.1408,0.0456,8.4362,0.2423,0.1877,0.1213,0.429,4,Cladosporium Leaf Spot
spinach_2_0100.jpg,105.4655,118.052,45.6006,27.1509,32.047,20.1349,8.3847,0.4935,0.3352,0.688,0.8643,44154.6856,947.0993,0.8634,0.882,1.0501,14.5665,0.0151,5.2808,0.2938,0.1809,0.1061,0.359,2,Anthracnose
spinach_3_0098.jpg,115.8431,134.0852,60.8437,24.0046,21.4062,27.3772,4.359,0.6,0.5716,0.8114,0.5369,49313.9232,810.3074,0.8963,0.9213,0.971,9.311,0.0266,4.2816,0.1249,0.0804,0.0471,0.4017,3,White Rust
spinach_1_0110.jpg,118.9606,119.38,49.7121,31.097,21.6279,17.6519,3.6405,0.7738,0.54,0.7318,0.5884,56358.1592,718.9554,0.908,0.9711,0.8835,9.61,0.0142,4.3234,0.1691,0.1625,0.0772,0.2371,1,Downy Mildew
spinach_0_0050.jpg,104.0155,136.3171,55.2204,15.529,15.6846,12.2566,4.3489,0.8868,0.6831,0.8843,0.4237,51556.0178,920.3796,0.8731,0.872,0.9599,0.0,0.0061,2.4422,0.1237,0.0646,0.0655,0.2824,0,No Disease
spinach_3_0018.jpg,131.4912,129.7193,67.6367,27.0092,23.9547,21.0166,3.6887,0.7259,0.3693,0.6707,0.5385,55581.2981,766.9718,0.7964,0.9396,0.9631,6.9177,0.0302,4.9935,0.0765,0.1463,0.0513,0.3353,3,White Rust
spinach_4_0004.jpg,112.7093,123.8666,45.1303,25.6813,26.4658,24.7899,7.3604,0.6084,0.2835,0.5585,0.7065,49434.1574,858.961,0.7967,0.9005,1.1245,15.4658,0.0214,9.7889,0.2893,0.1518,0.1369,0.4754,4,Cladosporium Leaf Spot
spinach_2_0091.jpg,103.0829,95.8851,44.2291,27.3177,23.8316,22.1038,3.1373,0.6727,0.4622,0.8136,0.5006,45993.0362,794.5766,0.8087,0.8695,1.2146,14.1741,0.026,8.9669,0.2292,0.176,0.0912,0.2404,2,Anthracnose
spinach_0_0110.jpg,108.588,148.9579,69.543,16.9927,25.5338,15.8648,3.3683,0.9099,0.5331,0.8808,0.5636,54776.2004,748.8527,0.7571,0.9746,1.1029,0.0,0.0211,2.4283,0.0965,0.0651,0.0671,0.1566,0,No Disease
spinach_2_0004.jpg,96.733,118.6219,55.3296,34.1909,20.662,19.9707,2.941,0.5053,0.5239,0.8459,0.6993,45880.8562,850.1551,0.8524,0.8871,1.099,13.949,0.0224,5.1529,0.2447,0.1209,0.1213,0.3123,2,Anthracnose
spinach_2_0140.jpg,113.8061,117.3485,80.1317,34.5556,21.5914,24.4809,5.654,0.7157,0.27,0.6225,0.7244,54988.3456,930.2644,0.8512,0.9093,1.0938,11.9852,0.0335,7.9448,0.2268,0.1553,0.1498,0.3484,2,Anthracnose
spinach_5_0002.jpg,112.6874,99.2391,59.8986,18.3209,26.7565,24.5901,2.0558,0.7251,0.4483,0.7683,0.5304,53365.5999,870.9304,0.8455,0.8969,1.1205,16.4369,0.0224,5.9114,0.2725,0.1447,0.0619,0.3941,5,Spinach Blight (Cucumber Mosaic Virus)
spinach_0_0118.jpg,94.6797,138.3035,69.0743,26.9957,21.7717,16.9811,2.2476,0.9315,0.511,0.94,0.3088,56176.885,1038.6143,0.7827,0.9256,1.152,0.0,0.0084,0.996,0.0975,0.1083,0.0381,0.1088,0,No Disease
spinach_0_0080.jpg,114.3264,144.3238,69.9134,9.4616,20.8462,19.8869,3.0957,0.8296,0.6339,0.9402,0.5759,47619.4504,897.3545,0.8148,0.9314,1.0306,3.6585,0.0106,1.3583,0.111,0.0697,0.077,0.1279,0,No Disease
spinach_2_0041.jpg,113.5676,105.4356,55.5255,39.0173,24.6666,21.8559,5.3977,0.7717,0.1189,0.669,0.6854,46694.6134,966.3546,0.8721,0.8647,1.2475,8.307,0.0373,6.3697,0.2048,0.1436,0.1092,0.3667,2,Anthracnose
spinach_1_0165.jpg,116.3785,111.3941,54.2152,24.6102,20.6384,21.4713,6.4919,0.9216,0.4284,0.8381,0.527,42625.2684,864.7698,0.6941,0.9104,1.0376,2.1829,0.0339,3.8324,0.1081,0.1659,0.0618,0.3972,1,Downy Mildew
spinach_3_0146.jpg,128.3885,126.3164,76.0133,31.3147,24.6459,24.9855,4.8125,0.9487,0.5197,0.717,0.557,50737.4899,879.9576,0.6806,0.9297,0.9991,0.0,0.0142,2.6394,0.1269,0.0,0.0487,0.2661,3,White Rust
spinach_0_0059.jpg,109.1197,159.4544,75.7484,23.2894,30.5537,14.1448,0.6436,0.9342,0.6151,0.8431,0.3168,63549.2221,952.6843,0.7261,0.9529,1.1113,0.9885,0.0105,0.0,0.1176,0.1565,0.0517,0.1699,0,No Disease
spinach_1_0011.jpg,102.4529,123.5113,53.9096,35.8575,28.3783,12.1892,2.9266,0.7294,0.3922,0.6673,0.8045,52562.6996,947.4816,0.7485,0.9281,1.0696,8.8666,0.0249,1.8678,0.2699,0.1373,0.112,0.224,1,Downy Mildew
spinach_3_0054.jpg,117.1117,128.5044,68.4751,24.13,19.5525,18.5437,3.4501,0.7556,0.5491,0.6741,0.5846,58400.4635,886.6813,0.7483,0.9431,1.0313,7.9092,0.0087,0.6338,0.1624,0.0695,0.0697,0.3692,3,White Rust
spinach_0_0080.jpg,114.3264,144.3238,69.9134,9.4616,20.8462,19.8869,3.0957,0.8296,0.6339,0.9402,0.5759,47619.4504,897.3545,0.8148,0.9314,1.0306,3.6585,0.0106,1.3583,0.111,0.0697,0.077,0.1279,0,No Disease
spinach_4_0114.jpg,137.5432,117.5613,67.127,43.7784,33.3131,22.4206,8.6029,0.6685,0.4547,0.745,0.483,46218.9772,882.9973,0.7291,0.7975,1.012,17.9856,0.0298,5.7055,0.2721,0.2037,0.1183,0.4997,4,Cladosporium Leaf Spot
spinach_5_0015.jpg,94.5889,121.012,64.8609,35.753,23.8514,15.5818,6.8038,0.6898,0.2545,0.6561,0.5763,57276.917,940.7446,0.7891,0.9118,0.9268,9.7404,0.0272,5.6977,0.183,0.1485,0.0985,0.3393,5,Spinach Blight (Cucumber Mosaic Virus)
spinach_1_0026.jpg,134.3643,139.5544,60.1359,28.4369,24.774,10.0175,3.959,0.7359,0.4015,0.7773,0.7229,49392.3211,794.2345,0.8095,0.9018,1.0875,8.8329,0.0379,0.7667,0.1706,0.1299,0.0605,0.382,1,Downy Mildew
spinach_1_0123.jpg,137.5549,138.3527,74.0602,30.8339,32.5495,28.4034,7.117,0.7965,0.4136,0.7571,0.5762,54106.2581,827.9652,0.7785,0.8511,1.2378,9.1181,0.0236,7.424,0.205,0.1878,0.049,0.5018,1,Downy Mildew
spinach_4_0077.jpg,110.7135,128.9842,60.1221,37.7357,39.1708,20.6253,9.5081,0.7344,0.2623,0.6197,0.7014,49836.0938,854.3634,0.7781,0.9109,0.9183,14.1044,0.0394,8.495,0.2171,0.2124,0.1632,0.3861,4,Cladosporium Leaf Spot
spinach_3_0023.jpg,100.6819,118.0608,76.5204,28.0865,15.5128,17.4777,4.7504,0.6743,0.2997,0.7689,0.6073,54459.2866,992.5237,0.6868,0.9214,1.0885,7.6511,0.0153,2.8112,0.0191,0.1665,0.0782,0.1613,3,White Rust
spinach_1_0031.jpg,104.8434,108.5796,54.3,22.942,15.9276,18.0634,2.075,0.6586,0.526,0.7883,0.6287,45986.1072,746.3915,0.7217,0.9089,1.1695,13.6095,0.025,3.4724,0.1912,0.1171,0.075,0.473,1,Downy Mildew
spinach_0_0119.jpg,103.586,139.7431,72.9195,20.8096,22.1968,10.6559,2.2987,1.0,0.4412,0.8926,0.3615,50146.4481,829.5192,0.7598,0.976,1.0188,0.0,0.0,4.3094,0.0769,0.079,0.0299,0.1244,0,No Disease
spinach_4_0137.jpg,114.2212,111.7609,57.2205,33.3058,25.4696,28.7835,8.9311,0.7215,0.2889,0.6018,0.8736,51149.7698,869.7483,0.8319,0.9065,0.9695,23.5386,0.0307,10.56,0.2033,0.2027,0.1254,0.232,4,Cladosporium Leaf Spot
spinach_0_0077.jpg,100.0825,148.8214,65.8039,16.9053,13.7181,12.7374,3.8686,0.9503,0.7168,1.0,0.3169,52352.0956,802.38,0.7233,0.9142,1.0354,0.0,0.0048,0.0,0.1421,0.0433,0.1102,0.1639,0,No Disease
spinach_4_0149.jpg,119.6583,124.9879,63.706,32.9291,25.8594,19.0586,8.6814,0.5274,0.2298,0.6334,0.8031,60438.7962,987.9259,0.876,0.9063,1.0993,28.0232,0.0234,6.7562,0.2532,0.2257,0.1055,0.4511,4,Cladosporium Leaf Spot
spinach_4_0008.jpg,120.3007,112.9146,57.8963,25.3215,36.4351,26.8006,6.6426,0.6517,0.4327,0.7295,0.6672,34830.8059,929.5386,0.7368,0.9056,1.146,22.4545,0.048,9.7254,0.3575,0.2452,0.1667,0.3867,4,Cladosporium Leaf Spot
spinach_2_0167.jpg,120.5827,107.4627,57.8749,29.81,20.4435,23.674,7.0536,0.7244,0.285,0.7007,0.8282,60387.4992,1008.0129,0.7294,0.9113,1.0413,15.1356,0.0208,3.0157,0.2128,0.1889,0.1172,0.3822,2,Anthracnose
spinach_3_0134.jpg,114.3471,137.6271,78.752,34.7885,25.8521,19.3006,6.0548,0.8781,0.2994,0.8837,0.4955,48825.1852,869.5072,0.7992,0.8922,1.0872,10.1011,0.0187,4.6855,0.1538,0.1477,0.0964,0.3597,3,White Rust
spinach_2_0119.jpg,116.3902,121.8037,71.1425,40.1801,25.8326,25.6927,7.1432,0.6294,0.4017,0.747,0.7117,45594.094,833.6439,0.7726,0.8789,1.1051,15.6724,0.0348,4.5563,0.2011,0.2222,0.1059,0.3524,2,Anthracnose
spinach_0_0074.jpg,102.194,122.4926,63.7967,17.3109,23.1421,12.442,3.0884,0.8569,0.5998,0.8701,0.5073,49325.9433,762.7472,0.6871,0.9167,1.0201,3.6408,0.0023,5.4743,0.0131,0.0881,0.0118,0.1605,0,No Disease
spinach_0_0005.jpg,100.767,138.1231,58.5013,12.7644,10.3865,11.011,2.6796,0.8276,0.5497,0.9709,0.3844,55687.5778,826.6382,0.7577,0.9062,1.0929,5.3612,0.0,1.982,0.1119,0.0562,0.0038,0.2058,0,No Disease
spinach_2_0147.jpg,118.157,117.6103,61.3948,39.6805,22.8759,11.5007,5.2091,0.7189,0.3822,0.6149,0.548,48226.9549,755.3905,0.8312,0.8897,1.0298,10.9669,0.0291,6.1767,0.2401,0.1672,0.1082,0.2673,2,Anthracnose
spinach_3_0024.jpg,128.7313,131.0796,63.6482,21.1579,24.6847,16.8007,2.9354,0.8605,0.4457,0.7697,0.6192,48162.0665,858.1847,0.7983,0.8815,1.1277,4.9772,0.0238,4.984,0.1907,0.0557,0.0674,0.1858,3,White Rust
spinach_0_0159.jpg,103.2855,124.8018,69.8913,26.6819,18.1867,9.6158,0.01,1.0,0.5728,0.8347,0.3926,44613.4612,1062.3095,0.7464,0.9642,1.1241,7.7181,0.0081,2.7358,0.136,0.1049,0.0487,0.1814,0,No Disease
spinach_3_0041.jpg,119.1082,133.6174,70.0606,17.5734,15.7057,20.0052,6.8379,0.768,0.3967,0.6296,0.6453,47820.3418,790.2563,0.6771,0.884,1.0331,7.0446,0.0073,4.3343,0.1577,0.2089,0.0274,0.2929,3,White Rust
spinach_2_0030.jpg,107.3195,111.4107,67.2187,36.4915,31.7711,17.5978,8.4665,0.7207,0.2463,0.5553,0.7938,49099.5035,751.4818,0.7875,0.9091,1.0734,7.7921,0.0421,7.9076,0.2132,0.1482,0.119,0.2596,2,Anthracnose
spinach_3_0045.jpg,118.183,145.8799,70.2655,16.2973,23.3442,20.8425,5.4179,0.816,0.5797,0.809,0.5523,57239.8378,1129.2741,0.8349,0.9252,1.1446,9.0242,0.0171,7.8973,0.1325,0.1662,0.0669,0.1616,3,White Rust
spinach_5_0056.jpg,110.0721,122.2843,52.3666,21.6111,28.9207,19.0128,7.9208,0.5796,0.3921,0.7276,0.698,44344.2,673.3236,0.8203,0.9132,1.1706,10.5658,0.0302,6.2744,0.2761,0.1478,0.0468,0.3346,5,Spinach Blight (Cucumber Mosaic Virus)
spinach_1_0064.jpg,108.0747,130.7235,64.3627,31.6734,25.9657,22.8446,6.0445,0.7249,0.3727,0.7802,0.5767,59449.1131,1034.2182,0.828,0.9195,1.093,4.9555,0.0183,4.9825,0.2015,0.1488,0.103,0.2546,1,Downy Mildew
spinach_0_0144.jpg,94.715,136.6114,74.2188,17.5263,19.7698,12.668,3.0546,0.9354,0.5751,0.8491,0.4352,54751.2687,1126.1799,0.8264,0.9544,1.3671,4.0638,0.0099,2.4672,0.0496,0.0622,0.0273,0.2518,0,No Disease
spinach_3_0083.jpg,139.7319,145.8001,79.9897,25.051,20.9526,15.01,5.3945,0.7543,0.4412,0.8933,0.5374,58154.9072,746.1925,0.9413,0.9107,1.1666,11.4651,0.013,5.4743,0.2136,0.0915,0.0525,0.2836,3,White Rust
spinach_0_0033.jpg,112.7777,147.8771,59.041,8.7637,22.0087,19.7509,0.2649,0.7512,0.5879,0.9452,0.5998,54581.4879,882.8283,0.7164,0.9303,1.0961,0.0,0.0224,4.4133,0.1568,0.0432,0.0614,0.2512,0,No Disease
spinach_2_0102.jpg,107.3652,114.915,64.9153,34.8656,33.9922,24.7024,6.813,0.6598,0.2412,0.7938,0.6578,52529.4853,947.8997,0.7253,0.8769,1.2038,15.1617,0.0224,5.8726,0.2843,0.1974,0.0733,0.4807,2,Anthracnose
spinach_3_0024.jpg,128.7313,131.0796,63.6482,21.1579,24.6847,16.8007,2.9354,0.8605,0.4457,0.7697,0.6192,48162.0665,858.1847,0.7983,0.8815,1.1277,4.9772,0.0238,4.984,0.1907,0.0557,0.0674,0.1858,3,White Rust
spinach_3_0165.jpg,125.2658,118.5157,62.7917,27.0238,22.4286,10.7984,3.8361,0.8517,0.5071,0.8653,0.4514,57904.6477,900.5594,0.8755,0.9201,0.9462,11.397,0.0135,3.3228,0.0973,0.1849,0.057,0.406,3,White Rust
spinach_0_0062.jpg,100.0834,132.6128,77.5574,21.2795,20.2587,14.9648,2.8724,0.8665,0.7584,0.7702,0.5461,58839.5373,834.7841,0.9038,0.9549,1.1977,2.1121,0.0043,0.8231,0.1195,0.136,0.0445,0.1271,0,No Disease
spinach_1_0086.jpg,128.1702,140.9017,56.2575,31.9923,23.7796,19.7016,4.2955,0.6952,0.5694,0.7815,0.6275,49688.7657,1144.5979,0.8683,0.892,1.0781,9.143,0.0212,3.5378,0.2119,0.1881,0.0472,0.2197,1,Downy Mildew
spinach_5_0139.jpg,93.8124,115.0,75.8073,31.7105,22.2118,17.9372,9.5788,0.6267,0.3557,0.7561,0.6281,52369.026,723.2228,0.7974,0.9169,1.1445,9.7102,0.0158,5.7847,0.1444,0.2014,0.0939,0.2843,5,Spinach Blight (Cucumber Mosaic Virus)
spinach_3_0132.jpg,127.2532,132.7276,72.7454,24.1342,24.6068,19.1813,6.264,0.6585,0.3789,0.6814,0.5444,43852.3089,835.8168,0.7135,0.957,1.0307,2.8538,0.019,7.0363,0.1642,0.1185,0.1023,0.3503,3,White Rust
spinach_0_0055.jpg,121.8359,133.1593,80.359,20.3399,14.9393,7.7692,1.7083,0.7752,0.6574,0.9862,0.3403,53509.8537,847.4608,0.7323,0.9494,1.1169,8.9586,0.0021,2.9988,0.1049,0.1118,0.0288,0.196,0,No Disease
spinach_0_0137.jpg,97.7386,143.0668,77.3473,16.6516,17.2592,12.5056,1.1049,0.81,0.6813,0.9546,0.4737,61860.9798,901.0754,0.9519,0.9243,1.1404,0.4089,0.009,2.7041,0.0943,0.1511,0.046,0.2216,0,No Disease
spinach_2_0016.jpg,118.6734,109.7028,48.5224,29.0721,34.0024,23.724,9.544,0.6201,0.4638,0.6543,0.7125,51083.4141,946.1492,0.815,0.8815,1.1504,20.9266,0.0223,2.7966,0.255,0.1468,0.1067,0.3945,2,Anthracnose
spinach_3_0043.jpg,118.0208,152.527,74.5156,20.8604,21.2398,22.0677,4.1808,0.7432,0.4629,0.7054,0.3267,52695.6743,706.11,0.7204,0.8757,0.9781,9.7054,0.0152,3.5349,0.1042,0.0938,0.0794,0.2758,3,White Rust
spinach_0_0130.jpg,98.1839,161.3454,71.7402,25.1403,16.7335,14.877,1.0072,0.9095,0.6054,0.8251,0.4075,48949.5057,1149.9664,0.7646,0.9686,1.1044,3.0372,0.0,0.3953,0.1105,0.1434,0.0455,0.3107,0,No Disease
spinach_2_0140.jpg,113.8061,117.3485,80.1317,34.5556,21.5914,24.4809,5.654,0.7157,0.27,0.6225,0.7244,54988.3456,930.2644,0.8512,0.9093,1.0938,11.9852,0.0335,7.9448,0.2268,0.1553,0.1498,0.3484,2,Anthracnose
spinach_0_0152.jpg,110.5043,124.6,76.8859,9.3125,15.8859,19.5518,2.0313,0.8601,0.6511,0.9482,0.551,56371.7121,1028.1375,0.814,0.9366,1.1272,1.051,0.0,0.0,0.0859,0.0897,0.076,0.1967,0,No Disease
spinach_2_0060.jpg,105.8476,103.7663,62.227,30.057,25.1986,20.7333,7.8586,0.7424,0.2896,0.6099,0.7855,43124.3338,934.7487,0.897,0.9405,1.139,16.8352,0.045,1.8981,0.2068,0.1939,0.1016,0.4492,2,Anthracnose
spinach_2_0098.jpg,115.9444,121.4912,51.4749,22.1528,16.8861,23.2794,7.5067,0.5855,0.4637,0.7107,0.8249,51852.6793,773.3666,0.8275,0.9168,1.0362,8.2316,0.0278,4.2985,0.286,0.1437,0.1531,0.1801,2,Anthracnose
spinach_0_0065.jpg,104.8658,114.1354,70.4739,19.186,27.48,9.1714,1.3358,1.0,0.616,0.9194,0.4315,53649.7177,997.761,0.7214,0.952,1.0102,3.3135,0.0074,0.0907,0.0989,0.0551,0.0132,0.1717,0,No Disease
spinach_1_0081.jpg,110.4962,146.4826,61.3472,30.5221,11.6062,23.2732,5.2257,0.7015,0.4445,0.7253,0.3976,55611.2397,924.3018,0.7712,0.8858,0.9824,10.8956,0.0329,5.1657,0.1209,0.139,0.0787,0.3791,1,Downy Mildew
spinach_2_0062.jpg,122.4454,107.693,44.3442,31.6148,16.7817,21.7956,9.0177,0.7263,0.4634,0.7434,0.931,47058.8019,919.8132,0.7737,0.9239,1.0751,20.8754,0.0228,8.6328,0.2597,0.1587,0.1236,0.3709,2,Anthracnose
spinach_3_0086.jpg,145.8919,142.8251,44.7035,38.2615,12.7538,19.176,2.8732,0.7108,0.4828,0.635,0.541,57236.7121,820.676,0.6966,0.9165,1.0829,5.6191,0.0075,4.9345,0.1998,0.0774,0.0468,0.2909,3,White Rust
spinach_0_0061.jpg,117.2603,107.4624,69.4605,19.1767,8.2395,15.3767,4.1229,0.8131,0.6069,0.8159,0.3528,59386.9682,865.7442,0.7977,0.8832,1.269,4.4106,0.0045,2.236,0.0295,0.1273,0.0319,0.1837,0,No Disease
spinach_1_0176.jpg,128.7727,129.6531,53.9275,20.1897,21.9422,18.252,4.2768,0.7139,0.4218,0.794,0.4862,47588.781,884.0328,0.7783,0.9559,1.1186,3.5456,0.0233,5.7822,0.1837,0.0815,0.124,0.2244,1,Downy Mildew
spinach_0_0141.jpg,119.2698,139.9391,58.708,10.7794,18.2754,12.6321,0.4452,0.895,0.6292,0.7783,0.3751,59549.3534,812.4712,0.8222,0.9179,1.1637,6.3893,0.0119,2.8365,0.0424,0.1245,0.0187,0.2208,0,No Disease
spinach_3_0074.jpg,109.1259,123.86,70.1238,20.8873,23.2081,16.0851,1.8349,0.884,0.4919,0.7566,0.4979,58824.5018,964.153,0.8488,0.9054,1.1141,9.6088,0.0126,3.828,0.1408,0.136,0.037,0.3258,3,White Rust
spinach_2_0179.jpg,101.7161,125.9739,65.5817,33.6104,31.2435,22.0737,6.6522,0.6282,0.3934,0.663,0.6467,52999.5022,998.4539,0.8239,0.9449,1.0236,6.6481,0.0327,4.7107,0.2163,0.0892,0.0875,0.2298,2,Anthracnose
spinach_2_0010.jpg,107.4986,108.639,43.4633,31.3789,37.27,24.8329,8.1675,0.647,0.3605,0.7689,0.8909,57439.7397,960.5245,0.8021,0.9052,1.0197,8.2073,0.018,6.1896,0.2154,0.1012,0.1091,0.3245,2,Anthracnose
spinach_2_0154.jpg,115.3498,115.784,49.3426,26.7366,25.5178,23.9927,7.0159,0.6968,0.258,0.7466,0.6903,62763.5453,841.2366,0.8194,0.9707,1.0955,13.7295,0.0191,8.8509,0.172,0.1771,0.0982,0.3349,2,Anthracnose
spinach_0_0158.jpg,97.345,132.6262,68.2924,10.7364,21.3088,19.7664,0.8077,0.9279,0.5588,0.903,0.3572,47582.8742,1025.2075,0.7662,0.9806,1.1237,0.0,0.0158,2.3354,0.1363,0.1276,0.0237,0.1898,0,No Disease
spinach_1_0041.jpg,107.5157,138.8198,55.1889,25.9088,22.5236,22.4324,1.8975,0.8113,0.3758,0.8454,0.5622,50755.7821,1091.3786,0.7734,0.941,1.1031,11.6617,0.0206,6.3261,0.1557,0.0906,0.064,0.318,1,Downy Mildew
spinach_3_0070.jpg,131.6498,140.8529,63.6362,29.5103,22.0949,16.1198,5.3977,0.789,0.5368,0.8382,0.5391,49139.5653,905.1744,0.8018,0.9321,1.1341,7.637,0.025,2.7863,0.294,0.1505,0.0418,0.2948,3,White Rust
spinach_4_0014.jpg,117.5566,114.4001,71.4476,21.8872,31.2195,27.9583,6.7918,0.7079,0.3379,0.6218,0.8563,45071.5779,976.9193,0.6711,0.8971,1.0735,15.8412,0.0371,7.3568,0.3227,0.2124,0.1413,0.4133,4,Cladosporium Leaf Spot
spinach_2_0068.jpg,97.7865,106.7032,58.7114,29.411,42.3236,17.6168,6.7873,0.5661,0.349,0.6757,0.7745,47751.6673,860.868,0.7742,0.865,1.0278,12.4723,0.0276,7.1061,0.2183,0.1499,0.067,0.3932,2,Anthracnose
spinach_2_0029.jpg,99.315,123.5937,57.989,27.5863,25.5268,20.239,8.511,0.5666,0.3005,0.677,0.8514,55271.4027,715.9159,0.8811,0.9337,0.9861,3.9142,0.0264,8.1204,0.3096,0.1252,0.1538,0.1718,2,Anthracnose
spinach_0_0158.jpg,97.345,132.6262,68.2924,10.7364,21.3088,19.7664,0.8077,0.9279,0.5588,0.903,0.3572,47582.8742,1025.2075,0.7662,0.9806,1.1237,0.0,0.0158,2.3354,0.1363,0.1276,0.0237,0.1898,0,No Disease
spinach_4_0020.jpg,132.5173,118.2872,54.869,34.3519,32.7014,25.4418,9.9057,0.6139,0.3502,0.6862,0.7887,58566.3581,926.9556,0.7718,0.9032,1.1507,21.0969,0.0398,4.8035,0.1454,0.241,0.141,0.3883,4,Cladosporium Leaf Spot
spinach_1_0076.jpg,101.5093,126.8378,73.5979,29.3037,34.089,21.7089,9.6613,0.7542,0.4318,0.6704,0.7211,48489.3744,835.2952,0.8669,0.939,1.1906,8.5512,0.0196,4.6923,0.2291,0.1921,0.0892,0.468,1,Downy Mildew
spinach_3_0028.jpg,136.8869,127.2646,61.5799,20.8572,18.0829,25.9708,4.3856,0.7611,0.522,0.6636,0.5553,46015.6414,875.5585,0.7448,0.9041,1.128,8.8849,0.0152,4.6672,0.1266,0.1473,0.0648,0.2413,3,White Rust
spinach_3_0148.jpg,105.4324,139.1993,79.3303,19.8536,27.1085,19.7624,1.7988,0.6984,0.3835,0.7578,0.592,60744.6142,761.8854,0.7509,0.8976,1.0086,8.3818,0.017,0.7352,0.1709,0.0718,0.0703,0.3816,3,White Rust
spinach_0_0075.jpg,106.4142,113.4209,73.8946,29.5145,14.7328,16.0392,3.7424,0.8869,0.5335,0.7207,0.4841,51434.158,818.7316,0.7776,0.9154,1.0777,4.4252,0.0,3.0852,0.0301,0.0535,0.0881,0.2902,0,No Disease
spinach_3_0157.jpg,126.937,129.6414,54.4151,22.8631,25.2039,21.5762,4.8526,0.8419,0.4437,0.7839,0.502,56283.0899,934.1529,0.7466,0.8828,1.1984,5.0237,0.0176,8.2347,0.2101,0.1844,0.0565,0.3657,3,White Rust
spinach_2_0038.jpg,102.8599,110.9616,63.0956,24.8937,26.1097,21.4565,6.8243,0.5993,0.2318,0.7365,0.7864,41039.1252,916.8926,0.865,0.9149,1.0467,10.226,0.0276,6.546,0.2348,0.1528,0.0829,0.3838,2,Anthracnose
spinach_5_0143.jpg,98.2469,88.8062,69.1086,23.6083,29.7094,21.9947,8.0033,0.6341,0.3572,0.7062,0.5018,55057.101,707.4577,0.8758,0.9106,1.0741,13.3805,0.0265,4.6792,0.2249,0.1792,0.0664,0.3677,5,Spinach Blight (Cucumber Mosaic Virus)
spinach_0_0095.jpg,118.0116,145.9676,76.8399,26.2361,31.0632,8.1631,0.7448,0.8507,0.5119,0.8046,0.39,45916.9814,953.5042,0.7731,0.942,1.1606,4.412,0.003,5.0181,0.1117,0.0055,0.0149,0.0608,0,No Disease
spinach_5_0032.jpg,98.6288,115.3934,75.9151,31.4521,27.301,24.5541,6.1314,0.7247,0.3609,0.6215,0.6843,51233.4004,841.2287,0.8721,0.882,0.9483,9.2115,0.0117,6.0085,0.1724,0.1894,0.1141,0.266,5,Spinach Blight (Cucumber Mosaic Virus)
spinach_4_0049.jpg,104.4686,128.1217,70.7466,38.9951,25.1464,27.6295,8.3278,0.7778,0.229,0.6061,0.5789,51223.0814,1116.384,0.7873,0.8925,1.114,17.5348,0.0369,8.206,0.2277,0.1862,0.1485,0.4643,4,Cladosporium Leaf Spot
spinach_1_0152.jpg,112.7512,113.0052,57.5706,33.6339,28.1607,19.9799,7.8345,0.7998,0.4087,0.7484,0.6429,46840.5653,900.4505,0.8085,0.8678,1.0849,8.7878,0.0282,1.4799,0.1709,0.1107,0.104,0.3065,1,Downy Mildew
spinach_3_0053.jpg,110.8998,130.4857,63.3038,31.0237,18.9588,21.8096,5.1327,0.8423,0.528,0.7777,0.3804,50341.2956,903.0044,0.7972,0.9016,1.2013,8.0545,0.0096,3.1752,0.2664,0.1466,0.0962,0.1967,3,White Rust
spinach_0_0145.jpg,103.2583,140.5205,80.6996,24.3158,16.1914,12.32,3.93,0.9619,0.4515,0.8581,0.4366,55894.1486,1011.0101,0.787,0.9446,1.1251,0.0,0.0039,1.2342,0.0983,0.0046,0.0301,0.2045,0,No Disease
spinach_4_0048.jpg,119.7992,105.1339,61.4908,31.7187,23.8789,24.114,8.9408,0.6297,0.227,0.6409,0.7132,51467.5676,898.5533,0.7653,0.8787,1.0754,21.8519,0.0362,10.0615,0.3267,0.2499,0.1642,0.515,4,Cladosporium Leaf Spot
spinach_3_0076.jpg,120.604,137.764,52.5225,10.8449,17.1227,21.129,0.01,0.7025,0.3062,0.763,0.7458,50414.12,894.2497,0.8304,0.9205,1.0928,11.7066,0.0208,4.5195,0.1631,0.1062,0.0929,0.2531,3,White Rust
spinach_5_0053.jpg,100.7533,110.7349,73.6255,22.5703,22.803,26.814,6.8986,0.754,0.4363,0.7621,0.8321,49957.7033,768.8657,0.8483,0.8858,1.0812,13.4807,0.0174,4.4815,0.2338,0.1281,0.1143,0.2611,5,Spinach Blight (Cucumber Mosaic Virus)
spinach_0_0015.jpg,116.7125,147.2596,86.5652,23.6539,9.1398,14.7322,0.01,0.8585,0.7009,0.9246,0.3501,46931.4132,923.2782,0.697,0.9132,1.145,6.6212,0.0109,0.0,0.1152,0.0829,0.0503,0.3293,0,No Disease
spinach_4_0131.jpg,111.7889,112.655,58.0805,35.9905,28.8301,24.9668,8.3,0.445,0.2188,0.633,0.6757,49341.0626,1030.4128,0.7855,0.8569,1.0066,24.8423,0.0463,8.5726,0.1919,0.2023,0.1396,0.392,4,Cladosporium Leaf Spot
spinach_0_0019.jpg,102.1512,141.1757,80.7137,26.6384,16.6543,20.4143,2.1566,0.833,0.5324,0.7764,0.3312,50209.9166,1000.3585,0.8732,0.8954,1.1514,0.0,0.0098,0.964,0.0085,0.1171,0.0249,0.1573,0,No Disease
spinach_2_0027.jpg,106.3354,107.2168,54.0017,29.6426,21.9222,29.2927,7.8386,0.8236,0.3672,0.6616,0.8658,47109.7013,862.1708,0.8432,0.8691,1.1369,16.3334,0.0372,7.7021,0.295,0.1556,0.0884,0.5188,2,Anthracnose
spinach_0_0157.jpg,97.0034,132.9829,71.6033,26.7366,26.005,16.7926,1.3598,1.0,0.5458,0.84,0.2425,58980.4578,1016.8246,0.9151,0.8953,1.2367,2.2805,0.0124,0.0,0.1734,0.1115,0.039,0.2516,0,No Disease
spinach_2_0171.jpg,124.0524,120.6435,51.4014,34.0234,38.2076,22.1295,7.9357,0.6455,0.3868,0.5945,0.6899,50217.8866,1059.8998,0.6923,0.893,1.183,13.0329,0.0256,4.6001,0.1834,0.087,0.0943,0.2709,2,Anthracnose
spinach_3_0033.jpg,135.0076,130.6378,67.6785,31.2419,18.4737,22.2902,4.4274,0.7865,0.4668,0.7248,0.5239,52224.6613,894.7276,0.8744,0.9452,1.1332,4.9474,0.0104,7.5529,0.1195,0.1246,0.079,0.2551,3,White Rust
spinach_0_0026.jpg,90.4518,153.698,81.9836,18.7374,18.8173,5.3603,0.0342,0.8765,0.4942,0.93,0.6197,46116.9264,836.2537,0.7841,0.9703,1.0222,2.9961,0.0206,0.0,0.0359,0.0631,0.027,0.265,0,No Disease
spinach_0_0085.jpg,96.3681,153.2286,61.1992,28.0211,16.8335,10.3523,0.8486,0.8359,0.478,0.8866,0.2972,41098.169,882.0324,0.6618,0.9112,1.0473,0.0,0.022,1.3015,0.1123,0.0089,0.0237,0.2172,0,No Disease
spinach_1_0088.jpg,121.5538,151.5821,62.6565,31.7665,21.7438,18.9416,4.3482,0.5752,0.533,0.7151,0.5299,45100.1416,879.5641,0.8958,0.9623,0.9671,8.5822,0.0117,6.579,0.2043,0.1045,0.0818,0.2718,1,Downy Mildew
spinach_3_0041.jpg,119.1082,133.6174,70.0606,17.5734,15.7057,20.0052,6.8379,0.768,0.3967,0.6296,0.6453,47820.3418,790.2563,0.6771,0.884,1.0331,7.0446,0.0073,4.3343,0.1577,0.2089,0.0274,0.2929,3,White Rust
spinach_0_0062.jpg,100.0834,132.6128,77.5574,21.2795,20.2587,14.9648,2.8724,0.8665,0.7584,0.7702,0.5461,58839.5373,834.7841,0.9038,0.9549,1.1977,2.1121,0.0043,0.8231,0.1195,0.136,0.0445,0.1271,0,No Disease
spinach_5_0057.jpg,101.8845,117.7001,52.7385,27.4398,30.3405,21.5837,5.8803,0.8625,0.3144,0.8163,0.7521,48374.1677,866.7109,0.8078,0.9045,1.0424,10.2874,0.0212,4.8181,0.1945,0.0604,0.0924,0.2978,5,Spinach Blight (Cucumber Mosaic Virus)
spinach_0_0180.jpg,114.7466,131.2299,66.1314,16.772,20.6632,11.0001,2.6064,0.9597,0.5729,0.9507,0.3896,50930.722,822.2754,0.831,0.9108,1.148,1.7147,0.0,0.1036,0.1691,0.0881,0.0148,0.2244,0,No Disease
spinach_2_0142.jpg,103.058,127.9348,66.6627,36.2864,28.8831,21.054,7.1856,0.7104,0.3352,0.7933,0.748,45538.8852,1068.2874,0.8058,0.8726,1.0136,19.9511,0.0416,7.9171,0.296,0.2087,0.1239,0.3763,2,Anthracnose
spinach_0_0055.jpg,121.8359,133.1593,80.359,20.3399,14.9393,7.7692,1.7083,0.7752,0.6574,0.9862,0.3403,53509.8537,847.4608,0.7323,0.9494,1.1169,8.9586,0.0021,2.9988,0.1049,0.1118,0.0288,0.196,0,No Disease
spinach_2_0044.jpg,110.6124,115.189,56.4338,25.7879,29.1633,21.7307,8.8762,0.6656,0.3028,0.5819,0.6728,43653.9771,745.0038,0.8316,0.8556,1.193,14.6389,0.0266,4.2374,0.2682,0.1599,0.0928,0.366,2,Anthracnose
spinach_5_0071.jpg,97.464,94.3754,52.8113,32.1055,19.0243,17.7003,6.2271,0.677,0.4709,0.7342,0.5702,54358.165,942.8791,0.7253,0.9063,1.0328,9.0342,0.039,5.6237,0.1991,0.1534,0.1119,0.2839,5,Spinach Blight (Cucumber Mosaic Virus)
spinach_5_0147.jpg,101.5024,101.0169,66.943,23.7347,24.5831,16.1895,5.0592,0.6767,0.4897,0.7625,0.7139,49371.1267,952.2849,0.7576,0.8817,1.1226,10.8834,0.0239,5.1046,0.2727,0.2022,0.0743,0.1992,5,Spinach Blight (Cucumber Mosaic Virus)
spinach_0_0018.jpg,105.5435,133.8105,75.6751,23.5098,17.6912,18.0405,2.3897,0.9424,0.5236,0.8674,0.4397,56102.6424,880.6259,0.8013,0.9234,1.1106,5.3181,0.0,0.0,0.0259,0.0,0.023,0.26,0,No Disease
spinach_1_0026.jpg,134.3643,139.5544,60.1359,28.4369,24.774,10.0175,3.959,0.7359,0.4015,0.7773,0.7229,49392.3211,794.2345,0.8095,0.9018,1.0875,8.8329,0.0379,0.7667,0.1706,0.1299,0.0605,0.382,1,Downy Mildew
spinach_0_0075.jpg,106.4142,113.4209,73.8946,29.5145,14.7328,16.0392,3.7424,0.8869,0.5335,0.7207,0.4841,51434.158,818.7316,0.7776,0.9154,1.0777,4.4252,0.0,3.0852,0.0301,0.0535,0.0881,0.2902,0,No Disease
spinach_3_0147.jpg,117.6585,140.2608,78.1413,27.5818,27.132,24.4365,3.0679,0.8051,0.5396,0.7495,0.4709,54152.0323,756.8371,0.7147,0.9033,1.146,8.8757,0.0253,2.3406,0.1212,0.141,0.05,0.2317,3,White Rust
spinach_2_0100.jpg,105.4655,118.052,45.6006,27.1509,32.047,20.1349,8.3847,0.4935,0.3352,0.688,0.8643,44154.6856,947.0993,0.8634,0.882,1.0501,14.5665,0.0151,5.2808,0.2938,0.1809,0.1061,0.359,2,Anthracnose
spinach_3_0095.jpg,126.7946,147.0433,69.9672,20.6796,19.4965,17.7486,4.483,0.9136,0.6164,0.8386,0.5619,44691.7389,927.0008,0.7326,0.9608,0.9815,9.5379,0.01,3.9829,0.2033,0.1609,0.0685,0.3409,3,White Rust
spinach_4_0067.jpg,139.2845,128.7322,57.3097,34.5591,31.3441,27.454,10.7415,0.4953,0.4611,0.7895,0.8168,53460.6754,865.8355,0.7904,0.9074,1.1207,20.8828,0.039,9.1171,0.3093,0.149,0.1508,0.5387,4,Cladosporium Leaf Spot
spinach_2_0073.jpg,110.5429,124.6526,56.4089,22.724,29.8448,19.764,4.7488,0.5982,0.4027,0.6932,0.4767,48081.7203,996.9231,0.7729,0.8959,1.1634,17.182,0.0352,1.1094,0.3167,0.1855,0.1715,0.2874,2,Anthracnose
spinach_0_0083.jpg,94.3644,141.196,59.5104,22.7143,22.1226,11.8673,0.0672,0.7275,0.5587,0.8393,0.2649,54265.0938,875.003,0.7055,0.9161,1.2057,4.4117,0.005,2.3144,0.042,0.0813,0.0437,0.1624,0,No Disease
spinach_0_0094.jpg,117.5911,137.9554,69.3427,33.5199,18.9712,12.1221,0.8198,0.8246,0.6549,0.8545,0.4327,51682.4566,993.1492,0.7192,0.9031,1.1379,4.4038,0.0087,0.0,0.1339,0.0502,0.027,0.1245,0,No Disease
spinach_0_0050.jpg,104.0155,136.3171,55.2204,15.529,15.6846,12.2566,4.3489,0.8868,0.6831,0.8843,0.4237,51556.0178,920.3796,0.8731,0.872,0.9599,0.0,0.0061,2.4422,0.1237,0.0646,0.0655,0.2824,0,No Disease
spinach_0_0105.jpg,88.4011,142.3968,64.9003,14.2008,14.7904,14.2668,0.9048,0.9471,0.5443,0.9486,0.4481,48512.214,833.406,0.6712,0.9373,1.0916,0.0,0.0017,0.0,0.1788,0.0119,0.004,0.2888,0,No Disease
spinach_4_0171.jpg,112.406,137.7729,61.0665,44.1028,32.0134,19.6024,11.747,0.7179,0.3704,0.7053,0.6411,41478.1194,885.825,0.8727,0.8999,1.2067,23.2849,0.0342,9.6308,0.3461,0.1868,0.1247,0.4012,4,Cladosporium Leaf Spot
spinach_2_0077.jpg,103.8637,121.6768,60.5648,32.9976,29.7549,31.3509,5.7286,0.5504,0.296,0.6507,0.5926,50468.3042,1005.2655,0.8924,0.9126,1.2513,12.5745,0.0139,7.9957,0.1381,0.1298,0.123,0.3418,2,Anthracnose
spinach_2_0108.jpg,109.1754,118.7797,63.3057,28.3156,27.181,18.6247,4.7144,0.5601,0.4319,0.6763,0.5029,49684.5552,755.1179,0.8996,0.8855,1.1345,18.3559,0.0194,6.2369,0.2577,0.1646,0.119,0.2436,2,Anthracnose
spinach_4_0060.jpg,119.8503,135.2637,55.9344,37.3417,33.5065,28.5596,7.9365,0.595,0.2704,0.6035,0.6683,52334.2388,867.1664,0.8159,0.9022,0.9852,13.6409,0.0322,6.1048,0.226,0.2578,0.0917,0.5518,4,Cladosporium Leaf Spot
spinach_3_0082.jpg,111.7318,130.3274,64.4766,35.2457,21.0587,15.2418,4.7004,0.7911,0.3576,0.8082,0.6709,52193.3564,825.2935,0.7483,0.8785,1.0993,9.2431,0.0098,7.4915,0.2096,0.0483,0.0257,0.2013,3,White Rust
spinach_0_0059.jpg,109.1197,159.4544,75.7484,23.2894,30.5537,14.1448,0.6436,0.9342,0.6151,0.8431,0.3168,63549.2221,952.6843,0.7261,0.9529,1.1113,0.9885,0.0105,0.0,0.1176,0.1565,0.0517,0.1699,0,No Disease
spinach_2_0144.jpg,118.588,115.5395,61.6001,25.0654,39.7693,21.8646,7.3461,0.7253,0.3471,0.7005,0.6896,45429.8095,923.8589,0.701,0.9438,1.1434,16.5565,0.0131,4.6734,0.2995,0.326,0.1399,0.433,2,Anthracnose
spinach_1_0125.jpg,115.2265,130.3763,68.5697,32.4121,22.4495,16.8231,5.6294,0.7777,0.3131,0.6977,0.5381,49960.8891,823.8966,0.8324,0.8699,0.9736,8.6644,0.0186,2.1816,0.1597,0.114,0.0702,0.3222,1,Downy Mildew
spinach_5_0161.jpg,86.5338,102.3169,68.3444,23.8629,23.2848,22.3273,6.8805,0.6262,0.4113,0.7579,0.5227,50574.2149,798.3417,0.8174,0.9181,1.0759,15.6537,0.0303,7.0341,0.2302,0.194,0.0996,0.2066,5,Spinach Blight (Cucumber Mosaic Virus)
spinach_1_0157.jpg,124.4905,118.0729,60.6586,26.3565,19.2374,17.1205,8.0615,0.6618,0.5163,0.7294,0.6074,53809.2221,840.1441,0.8241,0.8588,1.1352,0.1259,0.0182,6.3376,0.2211,0.0781,0.0508,0.2549,1,Downy Mildew
spinach_2_0010.jpg,107.4986,108.639,43.4633,31.3789,37.27,24.8329,8.1675,0.647,0.3605,0.7689,0.8909,57439.7397,960.5245,0.8021,0.9052,1.0197,8.2073,0.018,6.1896,0.2154,0.1012,0.1091,0.3245,2,Anthracnose
spinach_3_0159.jpg,121.5749,139.01,50.4123,19.0068,20.1232,17.1481,2.0786,0.8386,0.4808,0.7898,0.4806,51896.9648,956.4449,0.7641,0.9311,1.0463,8.3899,0.0261,6.2176,0.2364,0.1314,0.0708,0.2441,3,White Rust
spinach_0_0149.jpg,89.8431,125.2761,77.6773,28.3556,19.4672,14.8386,0.01,0.7382,0.5904,0.8549,0.3094,52327.6629,931.5131,0.8267,0.9334,1.2183,2.032,0.0051,3.1158,0.0511,0.1926,0.0494,0.2305,0,No Disease
spinach_2_0153.jpg,116.2918,114.5138,58.4385,36.3732,33.6604,16.4151,8.1013,0.6981,0.3431,0.7229,0.5174,57313.2117,931.4944,0.7481,0.8854,0.9437,12.7442,0.0231,3.7148,0.2688,0.2111,0.1093,0.3255,2,Anthracnose
spinach_0_0077.jpg,100.0825,148.8214,65.8039,16.9053,13.7181,12.7374,3.8686,0.9503,0.7168,1.0,0.3169,52352.0956,802.38,0.7233,0.9142,1.0354,0.0,0.0048,0.0,0.1421,0.0433,0.1102,0.1639,0,No Disease
spinach_4_0052.jpg,111.5649,124.7448,60.3968,34.4347,29.7091,23.8427,10.7989,0.6866,0.3642,0.7085,0.6895,61373.8587,781.2363,0.7968,0.8828,1.044,16.183,0.0278,9.639,0.2098,0.2293,0.1462,0.3595,4,Cladosporium Leaf Spot
spinach_3_0097.jpg,104.9535,118.5635,81.0247,27.3702,23.7069,21.7251,5.7711,0.794,0.3827,0.8373,0.6161,58642.1557,1081.4241,0.7998,0.8893,1.2518,3.9274,0.0197,3.5379,0.1485,0.1506,0.0761,0.3211,3,White Rust
spinach_4_0178.jpg,131.7624,132.6015,55.9756,29.7461,31.5219,27.1249,7.1224,0.5007,0.5091,0.7269,0.7757,51378.8762,952.1317,0.8345,0.8378,1.0419,16.1807,0.0327,8.8874,0.1805,0.136,0.113,0.4023,4,Cladosporium Leaf Spot
spinach_0_0085.jpg,96.3681,153.2286,61.1992,28.0211,16.8335,10.3523,0.8486,0.8359,0.478,0.8866,0.2972,41098.169,882.0324,0.6618,0.9112,1.0473,0.0,0.022,1.3015,0.1123,0.0089,0.0237,0.2172,0,No Disease
spinach_0_0054.jpg,118.2496,138.5112,82.3245,22.0549,20.9128,11.3964,2.8907,0.9583,0.5339,0.9192,0.4766,49252.2369,807.7232,0.699,0.9322,1.1462,0.0,0.0062,2.227,0.1309,0.1421,0.0719,0.1199,0,No Disease
spinach_0_0079.jpg,86.4784,135.4173,69.3816,19.2596,14.1826,13.228,1.9325,0.9354,0.5556,0.8513,0.4292,42395.4204,967.7035,0.77,0.931,1.1969,0.0,0.0,1.6928,0.0996,0.0868,0.0284,0.2531,0,No Disease
spinach_2_0110.jpg,129.4052,112.3884,58.7195,33.8143,18.4176,23.2884,7.1092,0.829,0.2811,0.6733,0.5972,44827.941,992.7403,0.8016,0.8861,1.0386,11.7471,0.0232,3.824,0.2171,0.1456,0.0911,0.3624,2,Anthracnose
spinach_0_0173.jpg,97.4013,149.8156,66.9684,15.8556,23.5476,20.361,2.8789,0.8636,0.5608,0.8237,0.3205,46777.9176,858.1946,0.7079,0.8909,1.1376,2.9384,0.0196,0.0,0.1148,0.0925,0.0337,0.2595,0,No Disease
spinach_4_0144.jpg,129.9168,121.3161,60.6363,34.0863,26.0153,22.4195,8.0336,0.5564,0.3217,0.7958,0.8643,52040.1897,1045.1677,0.7405,0.9523,1.0332,26.0152,0.05,4.3442,0.3434,0.1786,0.1158,0.432,4,Cladosporium Leaf Spot
spinach_0_0092.jpg,113.1876,140.0405,78.2775,24.3541,12.9774,7.7674,4.6239,0.9205,0.4428,0.83,0.4972,50601.6158,868.7939,0.8541,0.9038,1.0561,2.8455,0.0091,2.0934,0.1456,0.0879,0.0522,0.1793,0,No Disease
spinach_4_0075.jpg,122.7628,130.681,65.399,36.4199,31.2569,27.2196,6.9562,0.7748,0.2413,0.6817,0.6263,50009.3563,832.8706,0.7981,0.8985,0.9935,17.8823,0.0451,5.1379,0.2273,0.2244,0.1319,0.4021,4,Cladosporium Leaf Spot
spinach_0_0071.jpg,107.8822,136.2239,71.6594,20.393,13.6096,17.1285,6.9542,0.7578,0.6059,0.8268,0.4777,52232.7874,996.1855,0.8405,0.9348,1.2106,0.0,0.0187,1.8751,0.1539,0.0312,0.0192,0.2117,0,No Disease
spinach_3_0071.jpg,131.7268,132.1569,55.0388,19.8047,24.7105,12.9815,2.3361,0.8129,0.4422,0.7313,0.5005,44145.9309,953.4453,0.7316,0.9066,1.1377,6.9735,0.0114,0.419,0.1884,0.1232,0.0571,0.197,3,White Rust
spinach_1_0082.jpg,124.0673,97.156,67.3619,21.9826,16.8914,20.2461,6.1987,0.6087,0.4864,0.8134,0.6147,46661.8818,802.0622,0.8516,0.8722,1.1852,9.3392,0.0192,1.7254,0.1827,0.1545,0.0466,0.3499,1,Downy Mildew
spinach_1_0114.jpg,107.9614,114.9466,74.7858,23.1091,31.4011,23.1003,6.0608,0.7155,0.4829,0.7589,0.5731,54480.0239,885.6028,0.7421,0.925,1.0949,11.9556,0.0164,2.6236,0.2768,0.1919,0.1021,0.279,1,Downy Mildew
spinach_5_0151.jpg,92.9445,108.9037,60.6415,36.5946,28.0092,27.0445,11.3219,0.7137,0.5202,0.681,0.7755,45462.4558,868.1585,0.8422,0.9174,0.9882,8.5319,0.0289,4.7381,0.1401,0.1472,0.087,0.3542,5,Spinach Blight (Cucumber Mosaic Virus)
spinach_0_0167.jpg,120.6035,135.6966,79.6705,26.1599,16.6812,14.1571,1.4406,0.8795,0.6483,0.8962,0.4435,46373.8824,823.251,0.8986,0.9256,1.058,7.7244,0.0083,2.2407,0.0931,0.0673,0.0358,0.0894,0,No Disease
spinach_2_0023.jpg,127.4028,134.551,47.0948,28.2514,19.1694,29.0795,8.7219,0.708,0.3933,0.7966,0.8111,55790.2235,925.668,0.779,0.9192,1.1453,13.2375,0.0242,8.14,0.3132,0.13,0.1034,0.3781,2,Anthracnose
spinach_0_0086.jpg,94.7547,148.9887,62.3784,18.5682,14.0697,15.6573,0.9112,0.8783,0.5611,0.8286,0.4685,53191.9419,911.1386,0.7442,0.9499,1.1011,0.7732,0.0068,4.2539,0.033,0.1108,0.0,0.2174,0,No Disease
spinach_0_0179.jpg,110.5195,119.5892,76.4028,24.0886,19.1814,14.1214,2.9604,0.9137,0.5178,1.0,0.3848,55878.7615,678.1386,0.8466,0.9667,1.1224,4.2351,0.0105,0.043,0.1274,0.0477,0.0248,0.2902,0,No Disease
spinach_0_0162.jpg,97.1881,144.746,70.143,19.1071,19.9847,14.4318,1.527,0.9376,0.6335,0.8697,0.4281,48091.0489,833.9317,0.8161,0.9411,1.1564,3.1234,0.0064,2.4535,0.1468,0.1164,0.0375,0.311,0,No Disease
spinach_3_0154.jpg,119.6758,140.6908,75.1758,30.9758,28.5594,18.912,4.7907,0.5716,0.4443,0.8564,0.6397,51067.5644,1074.9139,0.757,0.9021,1.0725,3.5101,0.022,4.5193,0.2005,0.1034,0.0685,0.1057,3,White Rust
spinach_3_0032.jpg,124.8586,148.044,64.0006,17.7799,24.3853,20.5055,5.6448,0.6688,0.6033,0.8297,0.5212,46822.7343,1012.7153,0.7139,0.9765,1.0609,14.882,0.0155,6.8453,0.1333,0.1208,0.0901,0.333,3,White Rust
spinach_2_0008.jpg,124.3638,132.0961,60.11,33.544,30.8372,28.5831,8.2377,0.5738,0.5408,0.7746,0.639,44851.8746,930.4813,0.7833,0.9082,1.1395,11.7342,0.0181,6.7945,0.2033,0.1658,0.0764,0.3298,2,Anthracnose
spinach_4_0038.jpg,130.5391,105.4063,48.2061,33.104,35.9371,26.3016,4.9621,0.4953,0.3478,0.5775,0.7737,51479.9756,841.0242,0.8989,0.9048,1.1669,21.6823,0.0328,7.15,0.2551,0.2172,0.1137,0.528,4,Cladosporium Leaf Spot
spinach_3_0089.jpg,128.9966,127.7773,60.3436,34.4798,29.057,19.5222,5.0288,0.7183,0.4708,0.7328,0.5421,60551.6469,895.4386,0.7171,0.8858,1.1202,4.9564,0.019,1.0849,0.2045,0.0776,0.0712,0.2529,3,White Rust
spinach_2_0113.jpg,112.1853,123.1639,48.887,31.758,28.026,23.5561,5.8384,0.7751,0.544,0.6223,0.762,35610.7492,946.861,0.6878,0.8869,0.975,13.1376,0.0337,2.7568,0.212,0.1395,0.1495,0.3845,2,Anthracnose
spinach_2_0144.jpg,118.588,115.5395,61.6001,25.0654,39.7693,21.8646,7.3461,0.7253,0.3471,0.7005,0.6896,45429.8095,923.8589,0.701,0.9438,1.1434,16.5565,0.0131,4.6734,0.2995,0.326,0.1399,0.433,2,Anthracnose
spinach_3_0158.jpg,124.2667,140.0262,83.1667,23.6068,22.0963,16.3871,6.3104,0.7251,0.5418,0.6645,0.6049,48281.5335,978.0518,0.7792,0.9066,1.0791,4.5984,0.0237,2.1125,0.1566,0.1338,0.1103,0.2793,3,White Rust
spinach_3_0109.jpg,114.6976,130.8554,80.9884,18.0589,18.3405,23.8103,5.168,0.7067,0.5372,0.8509,0.5831,48438.0171,859.1695,0.7971,0.8872,1.2162,14.8008,0.0151,4.641,0.2293,0.1982,0.1089,0.1412,3,White Rust
spinach_5_0032.jpg,98.6288,115.3934,75.9151,31.4521,27.301,24.5541,6.1314,0.7247,0.3609,0.6215,0.6843,51233.4004,841.2287,0.8721,0.882,0.9483,9.2115,0.0117,6.0085,0.1724,0.1894,0.1141,0.266,5,Spinach Blight (Cucumber Mosaic Virus)
spinach_1_0124.jpg,128.8711,132.3012,74.4006,21.1568,22.5569,26.777,2.326,0.7848,0.4726,0.8978,0.4517,59048.1553,844.0529,0.7632,0.8794,1.013,11.6141,0.0111,6.1325,0.1569,0.0815,0.0668,0.3369,1,Downy Mildew
spinach_0_0081.jpg,99.1268,139.1208,79.0316,12.5131,10.4485,6.8491,2.0556,0.8105,0.5492,0.9263,0.3558,53156.4101,890.0662,0.8103,0.9419,1.0646,1.3254,0.0143,1.9081,0.0302,0.1062,0.0129,0.313,0,No Disease
spinach_5_0167.jpg,84.7558,111.2478,66.5839,29.2414,24.0106,19.8611,9.001,0.7043,0.595,0.767,0.621,52263.3942,880.8933,0.8905,0.8708,0.9459,13.4439,0.0307,5.9146,0.2436,0.171,0.053,0.3625,5,Spinach Blight (Cucumber Mosaic Virus)
spinach_0_0172.jpg,115.9918,143.3614,73.6692,25.9986,19.3486,15.2724,4.5168,0.9092,0.5557,0.8214,0.4903,58185.2527,914.9413,0.8485,0.8807,1.1156,1.8396,0.0002,5.4909,0.0967,0.0637,0.0406,0.0398,0,No Disease
spinach_1_0080.jpg,125.8054,114.0681,72.9331,24.9537,16.9865,27.3797,5.3855,0.8926,0.5277,0.7041,0.6015,51605.1897,1052.6303,0.8163,0.9144,1.084,9.7978,0.0304,4.8067,0.1703,0.1074,0.0662,0.1978,1,Downy Mildew
spinach_1_0138.jpg,109.4906,127.8747,66.109,22.7133,25.3515,20.1003,5.0834,0.7439,0.4357,0.7715,0.5501,48224.1414,888.1412,0.7873,0.899,1.1259,2.741,0.0142,4.2961,0.1472,0.1952,0.0805,0.3241,1,Downy Mildew
spinach_4_0076.jpg,126.223,112.2652,56.8453,28.7868,27.259,30.3581,5.3082,0.5345,0.2307,0.7581,0.6986,48866.6318,728.5366,0.7743,0.9117,1.0902,17.5685,0.0215,6.9097,0.2773,0.1503,0.1464,0.4608,4,Cladosporium Leaf Spot
spinach_0_0107.jpg,114.9554,137.5729,72.5609,22.8559,12.1419,17.9588,3.3929,1.0,0.5499,0.8479,0.4969,56095.5208,866.4913,0.7458,0.9435,1.0538,0.3579,0.0067,2.9927,0.0698,0.0063,0.0,0.0992,0,No Disease
spinach_2_0099.jpg,112.348,131.7233,50.8776,29.204,24.9848,20.2649,7.4159,0.5764,0.3711,0.7361,0.6685,44998.979,983.0185,0.8438,0.874,0.9765,10.1923,0.0314,6.596,0.2695,0.147,0.0869,0.4235,2,Anthracnose
spinach_0_0067.jpg,101.8483,117.7202,61.8559,6.2516,15.8294,14.2465,1.2784,0.9863,0.6759,0.8681,0.2065,55086.4079,975.536,0.7886,0.9545,1.0268,10.035,0.0,2.5486,0.0156,0.0428,0.0779,0.1791,0,No Disease
spinach_5_0042.jpg,101.1622,119.5557,69.0242,25.6006,25.7147,19.536,9.2291,0.7816,0.3581,0.6482,0.6778,47035.9131,828.1693,0.7419,0.8747,1.103,10.9325,0.044,6.4697,0.1524,0.0886,0.1,0.3083,5,Spinach Blight (Cucumber Mosaic Virus)
spinach_0_0161.jpg,98.6675,145.177,73.0942,17.7586,11.7491,16.0711,0.01,0.9342,0.7901,0.9745,0.4918,51571.9635,726.1247,0.6907,0.9621,1.0568,0.0,0.0047,0.0,0.0387,0.078,0.0177,0.1407,0,No Disease
spinach_3_0011.jpg,123.4932,123.4659,64.692,27.8967,24.8607,19.0801,5.9505,0.6916,0.3841,0.7624,0.6998,52316.2581,877.4634,0.8726,0.9128,1.2888,5.9549,0.0089,3.7005,0.1575,0.0877,0.135,0.3055,3,White Rust
spinach_4_0023.jpg,118.3761,120.8853,56.758,36.6986,26.4933,26.2313,8.5321,0.6005,0.2695,0.6301,0.9474,56062.2393,992.0389,0.7428,0.8541,1.1577,21.6191,0.0351,6.833,0.1968,0.2247,0.1597,0.3357,4,Cladosporium Leaf Spot
spinach_1_0076.jpg,101.5093,126.8378,73.5979,29.3037,34.089,21.7089,9.6613,0.7542,0.4318,0.6704,0.7211,48489.3744,835.2952,0.8669,0.939,1.1906,8.5512,0.0196,4.6923,0.2291,0.1921,0.0892,0.468,1,Downy Mildew
spinach_0_0124.jpg,129.9393,128.9325,79.8454,24.8525,12.0215,16.9731,1.8172,0.9443,0.5985,0.9637,0.4275,51160.6297,1029.6064,0.8048,0.9483,1.0668,0.0,0.0015,0.0825,0.1393,0.119,0.0361,0.3145,0,No Disease
spinach_2_0151.jpg,105.0554,113.3877,53.2622,29.5922,33.5407,32.8921,8.2676,0.767,0.5173,0.7174,0.847,53962.0057,894.3987,0.821,0.8545,1.1034,7.825,0.014,6.4472,0.1743,0.1597,0.1135,0.3646,2,Anthracnose
spinach_0_0151.jpg,89.1869,146.7461,87.5269,23.6061,24.309,11.6156,2.4018,0.8245,0.5618,0.9341,0.4302,44936.7949,788.4971,0.6871,0.9423,1.2851,7.4498,0.0,3.7579,0.1468,0.0182,0.0324,0.2876,0,No Disease
spinach_2_0046.jpg,112.8561,110.1574,53.4292,33.1791,15.0163,26.1895,3.8142,0.5668,0.3389,0.8519,0.8577,53532.4388,915.6542,0.6883,0.9039,1.0361,10.7333,0.0282,5.252,0.2735,0.0826,0.1119,0.2797,2,Anthracnose
spinach_0_0072.jpg,104.8296,142.1138,80.6761,11.1739,21.8691,15.0331,1.6536,0.7823,0.6202,0.711,0.4848,44539.4708,925.3458,0.7628,0.9592,1.1057,0.0,0.0019,3.4912,0.1268,0.0646,0.0341,0.0746,0,No Disease
spinach_3_0097.jpg,104.9535,118.5635,81.0247,27.3702,23.7069,21.7251,5.7711,0.794,0.3827,0.8373,0.6161,58642.1557,1081.4241,0.7998,0.8893,1.2518,3.9274,0.0197,3.5379,0.1485,0.1506,0.0761,0.3211,3,White Rust
spinach_0_0155.jpg,103.4597,143.45,69.8688,16.7547,25.0274,19.1958,0.7065,0.9455,0.5206,0.7971,0.5234,43479.5019,1012.6856,0.7548,0.9247,1.1528,4.3248,0.0,2.4919,0.1057,0.0298,0.0358,0.3105,0,No Disease
spinach_2_0170.jpg,113.3531,107.3585,57.2725,34.4423,18.6869,22.9749,5.3837,0.5958,0.4009,0.6618,0.5683,56621.416,972.009,0.6841,0.8631,1.1275,12.8605,0.039,7.2094,0.245,0.1191,0.1223,0.2479,2,Anthracnose
spinach_4_0166.jpg,116.5982,114.0858,61.0688,34.3059,23.9679,26.268,5.5162,0.7184,0.3822,0.774,0.6483,56167.2586,983.578,0.7791,0.8806,0.9832,12.6168,0.028,5.2396,0.3498,0.1299,0.1337,0.4249,4,Cladosporium Leaf Spot
spinach_2_0036.jpg,114.4415,109.6543,53.2832,21.4781,19.1432,18.172,7.3123,0.7661,0.2371,0.6616,0.5533,48678.6145,987.5769,0.7732,0.8988,1.1964,15.8316,0.0209,6.386,0.1886,0.1768,0.1229,0.2406,2,Anthracnose
spinach_2_0098.jpg,115.9444,121.4912,51.4749,22.1528,16.8861,23.2794,7.5067,0.5855,0.4637,0.7107,0.8249,51852.6793,773.3666,0.8275,0.9168,1.0362,8.2316,0.0278,4.2985,0.286,0.1437,0.1531,0.1801,2,Anthracnose
spinach_4_0001.jpg,144.8328,93.4539,62.8652,33.3581,27.8596,24.1819,8.3554,0.6098,0.3578,0.6259,0.9622,49239.9313,946.9611,0.7499,0.9133,1.1287,19.677,0.0258,6.1457,0.3543,0.1595,0.146,0.3144,4,Cladosporium Leaf Spot
spinach_5_0153.jpg,112.4773,116.4029,64.7354,19.0981,24.5085,18.4981,4.3323,0.6991,0.3571,0.6971,0.724,50777.8607,820.4485,0.7727,0.8886,1.0702,14.3362,0.0157,8.0252,0.2392,0.0405,0.0921,0.4233,5,Spinach Blight (Cucumber Mosaic Virus)
spinach_2_0070.jpg,123.7708,120.5212,48.3734,26.0612,28.1561,25.7191,6.1705,0.746,0.2366,0.627,0.4836,45512.9743,1030.8077,0.9235,0.9059,1.0289,13.1134,0.0308,3.2866,0.2014,0.2174,0.0839,0.2901,2,Anthracnose
spinach_5_0170.jpg,106.2727,113.4286,57.6055,23.4687,27.3833,24.8028,6.7553,0.8468,0.3454,0.7426,0.4807,50555.2276,1016.9373,0.7475,0.9211,1.2053,9.2411,0.0277,8.2433,0.2215,0.1815,0.0457,0.3878,5,Spinach Blight (Cucumber Mosaic Virus)
spinach_2_0162.jpg,112.0046,111.605,55.9134,31.5277,20.5356,18.5711,6.4879,0.6684,0.2899,0.7553,0.6482,47890.912,908.2659,0.7923,0.9209,1.0053,8.4105,0.0245,6.2084,0.168,0.1045,0.1146,0.2894,2,Anthracnose
spinach_3_0145.jpg,121.4309,125.9336,74.0166,24.4909,19.8311,19.2542,3.5543,0.7275,0.415,0.7599,0.6156,53535.5603,1059.6737,0.8527,0.9689,1.1547,10.1724,0.0131,5.4868,0.1372,0.0612,0.1082,0.1801,3,White Rust
spinach_3_0039.jpg,142.8053,134.1934,62.1074,15.2252,26.3178,17.7992,9.8292,0.7108,0.6284,0.8324,0.4472,52660.7189,982.1381,0.7665,0.9409,1.1753,10.3854,0.0169,1.8851,0.1662,0.127,0.0231,0.2935,3,White Rust
spinach_1_0176.jpg,128.7727,129.6531,53.9275,20.1897,21.9422,18.252,4.2768,0.7139,0.4218,0.794,0.4862,47588.781,884.0328,0.7783,0.9559,1.1186,3.5456,0.0233,5.7822,0.1837,0.0815,0.124,0.2244,1,Downy Mildew
spinach_3_0156.jpg,120.7463,124.2435,55.5789,16.6464,30.8136,11.1489,6.8293,0.7043,0.5549,0.6258,0.5265,58770.122,976.321,0.7598,0.8714,1.0042,13.5566,0.0142,3.8707,0.1842,0.0679,0.0802,0.2464,3,White Rust
spinach_0_0139.jpg,112.7681,119.6258,78.9047,20.8856,20.1355,16.5201,0.322,0.7802,0.523,0.9195,0.489,45160.2886,821.8901,0.7266,0.9211,1.011,0.0,0.0,1.3553,0.041,0.0754,0.0665,0.0959,0,No Disease
spinach_5_0096.jpg,98.5019,112.5746,55.8921,24.8727,24.7004,17.4226,7.6135,0.6854,0.284,0.6909,0.6601,47269.5477,909.9816,0.8444,0.96,1.1821,5.4545,0.0211,4.92,0.2388,0.1127,0.0767,0.2404,5,Spinach Blight (Cucumber Mosaic Virus)
spinach_2_0036.jpg,114.4415,109.6543,53.2832,21.4781,19.1432,18.172,7.3123,0.7661,0.2371,0.6616,0.5533,48678.6145,987.5769,0.7732,0.8988,1.1964,15.8316,0.0209,6.386,0.1886,0.1768,0.1229,0.2406,2,Anthracnose
spinach_3_0134.jpg,114.3471,137.6271,78.752,34.7885,25.8521,19.3006,6.0548,0.8781,0.2994,0.8837,0.4955,48825.1852,869.5072,0.7992,0.8922,1.0872,10.1011,0.0187,4.6855,0.1538,0.1477,0.0964,0.3597,3,White Rust
spinach_0_0141.jpg,119.2698,139.9391,58.708,10.7794,18.2754,12.6321,0.4452,0.895,0.6292,0.7783,0.3751,59549.3534,812.4712,0.8222,0.9179,1.1637,6.3893,0.0119,2.8365,0.0424,0.1245,0.0187,0.2208,0,No Disease
spinach_0_0066.jpg,93.9601,142.5508,62.7993,23.5599,11.0926,12.7348,0.9382,1.0,0.6064,0.8652,0.4699,41464.0383,915.6866,0.8899,0.9333,1.1254,4.1925,0.0132,0.0,0.0159,0.0884,0.0221,0.305,0,No Disease
spinach_5_0170.jpg,106.2727,113.4286,57.6055,23.4687,27.3833,24.8028,6.7553,0.8468,0.3454,0.7426,0.4807,50555.2276,1016.9373,0.7475,0.9211,1.2053,9.2411,0.0277,8.2433,0.2215,0.1815,0.0457,0.3878,5,Spinach Blight (Cucumber Mosaic Virus)
spinach_3_0119.jpg,137.8593,152.1268,79.4214,24.2109,18.2408,16.063,2.927,0.7709,0.5278,0.8715,0.5014,51306.5587,894.5812,0.7419,0.9384,1.139,8.5673,0.0199,5.1078,0.2003,0.0865,0.0924,0.3004,3,White Rust
spinach_2_0060.jpg,105.8476,103.7663,62.227,30.057,25.1986,20.7333,7.8586,0.7424,0.2896,0.6099,0.7855,43124.3338,934.7487,0.897,0.9405,1.139,16.8352,0.045,1.8981,0.2068,0.1939,0.1016,0.4492,2,Anthracnose
spinach_4_0173.jpg,90.5062,131.1336,52.3361,28.95,18.0838,29.0917,8.7956,0.6548,0.3643,0.5158,0.6615,48241.3644,815.1257,0.7737,0.8962,1.1505,12.0792,0.0339,8.7808,0.2238,0.1823,0.1417,0.3909,4,Cladosporium Leaf Spot
spinach_4_0107.jpg,94.7082,129.9698,74.103,27.6879,36.8983,24.288,8.7349,0.5725,0.4201,0.7184,0.9325,57703.0368,889.085,0.9765,0.9238,1.1132,14.0114,0.0218,4.8989,0.2233,0.2451,0.1422,0.3409,4,Cladosporium Leaf Spot
spinach_5_0055.jpg,99.2968,118.8743,56.9273,29.7342,33.7603,21.1015,9.5331,0.7231,0.3955,0.7382,0.6189,39597.2196,958.0175,0.9416,0.912,1.1333,11.2696,0.0333,5.3293,0.2234,0.0874,0.0768,0.3694,5,Spinach Blight (Cucumber Mosaic Virus)
spinach_2_0067.jpg,116.8186,102.2985,57.914,23.2947,28.9343,15.4869,7.5921,0.5625,0.3493,0.7626,0.7127,41771.6989,812.7606,0.7099,0.8576,1.0894,16.2412,0.0305,7.1847,0.2294,0.1491,0.0832,0.3148,2,Anthracnose
spinach_4_0111.jpg,115.4106,112.5215,64.0879,28.5003,26.2987,24.5946,5.6686,0.4655,0.4135,0.6082,0.9735,60359.1896,839.3521,0.9303,0.9134,1.0184,7.6726,0.0395,7.5563,0.2916,0.1808,0.1014,0.3558,4,Cladosporium Leaf Spot
spinach_4_0026.jpg,116.1692,99.3091,72.9686,42.8043,29.8518,27.6619,10.0378,0.524,0.4143,0.6301,0.9891,49558.7022,980.8182,0.7793,0.9449,1.029,22.6604,0.039,8.2278,0.2815,0.1633,0.0653,0.476,4,Cladosporium Leaf Spot
spinach_3_0047.jpg,115.6982,129.4597,65.4284,27.9294,23.6022,15.7726,7.0001,0.8456,0.3879,0.8657,0.5827,50717.7235,940.808,0.7785,0.9336,1.125,6.6503,0.0008,4.9489,0.1513,0.1511,0.082,0.2522,3,White Rust
spinach_5_0137.jpg,116.3729,129.9809,69.2688,29.1854,26.4742,22.0408,8.3266,0.6402,0.3871,0.7102,0.4774,53794.5745,976.2919,0.7719,0.9258,0.9633,12.0958,0.023,5.5579,0.2141,0.1469,0.0803,0.3313,5,Spinach Blight (Cucumber Mosaic Virus)
spinach_1_0161.jpg,118.1676,140.9534,64.2304,34.9371,18.6895,20.9671,6.6444,0.7248,0.5222,0.7298,0.8169,61610.9875,928.2072,0.8232,0.9398,1.005,4.752,0.0301,5.2932,0.1787,0.1304,0.0203,0.2948,1,Downy Mildew
spinach_2_0139.jpg,123.1478,113.3279,52.9928,37.0674,29.8975,19.3228,4.9199,0.7727,0.3813,0.5916,0.5117,44419.8064,756.0515,0.6772,0.8725,1.0065,12.1493,0.0405,5.6197,0.2216,0.1804,0.1041,0.382,2,Anthracnose
spinach_0_0092.jpg,113.1876,140.0405,78.2775,24.3541,12.9774,7.7674,4.6239,0.9205,0.4428,0.83,0.4972,50601.6158,868.7939,0.8541,0.9038,1.0561,2.8455,0.0091,2.0934,0.1456,0.0879,0.0522,0.1793,0,No Disease
spinach_0_0013.jpg,97.3694,126.7635,81.5291,21.3137,19.4007,8.0217,3.5766,0.9364,0.4912,0.847,0.4464,52262.334,890.7829,0.7638,0.9237,1.1322,7.886,0.0,0.7737,0.1088,0.0918,0.0307,0.0595,0,No Disease
spinach_1_0164.jpg,124.2155,129.954,59.1626,25.0652,21.0138,27.6015,4.2496,0.6342,0.4937,0.7449,0.8139,48368.9718,984.5984,0.8549,0.897,1.0406,12.9655,0.0246,2.2609,0.1336,0.0285,0.0949,0.2891,1,Downy Mildew
spinach_0_0027.jpg,107.4166,119.4754,76.1233,17.1123,23.3722,12.4896,0.9178,0.9433,0.641,0.9114,0.2514,54690.1722,816.5692,0.7841,0.8944,1.1557,0.0,0.0,2.4849,0.1121,0.0554,0.0763,0.1647,0,No Disease
spinach_0_0114.jpg,115.3829,133.0184,83.2905,19.5608,18.0235,19.7158,0.4743,0.8206,0.5643,0.9379,0.2869,43659.827,1002.3721,0.7338,0.9202,0.9715,0.0,0.0059,2.8747,0.0614,0.1463,0.0229,0.1454,0,No Disease
spinach_5_0056.jpg,110.0721,122.2843,52.3666,21.6111,28.9207,19.0128,7.9208,0.5796,0.3921,0.7276,0.698,44344.2,673.3236,0.8203,0.9132,1.1706,10.5658,0.0302,6.2744,0.2761,0.1478,0.0468,0.3346,5,Spinach Blight (Cucumber Mosaic Virus)
spinach_3_0020.jpg,119.5705,128.9461,66.602,21.1995,16.739,11.4878,2.1663,0.9288,0.4075,0.9132,0.5903,51251.2099,754.9395,0.7803,0.9673,1.2346,9.097,0.0078,2.2771,0.1274,0.1711,0.1108,0.2957,3,White Rust
spinach_3_0050.jpg,119.9078,129.4891,65.0649,22.679,32.9026,23.6475,3.1536,0.9329,0.4254,0.7821,0.6397,41650.0573,881.2974,0.7456,0.9251,1.1396,7.691,0.016,5.9172,0.1851,0.1217,0.0737,0.4269,3,White Rust
spinach_5_0011.jpg,100.2536,108.0749,62.3641,34.8964,36.7327,20.7468,4.1528,0.6912,0.4155,0.7263,0.7111,60559.5463,698.6879,0.7796,0.9385,1.0482,15.158,0.029,7.6264,0.3057,0.1633,0.0464,0.284,5,Spinach Blight (Cucumber Mosaic Virus)
spinach_4_0157.jpg,103.004,142.5721,56.9955,33.6498,20.2051,30.4306,8.4842,0.5945,0.3052,0.7209,0.4647,46379.0333,878.0916,0.7822,0.9526,1.043,21.9609,0.0485,8.7071,0.2363,0.1386,0.1486,0.5216,4,Cladosporium Leaf Spot
spinach_3_0132.jpg,127.2532,132.7276,72.7454,24.1342,24.6068,19.1813,6.264,0.6585,0.3789,0.6814,0.5444,43852.3089,835.8168,0.7135,0.957,1.0307,2.8538,0.019,7.0363,0.1642,0.1185,0.1023,0.3503,3,White Rust
spinach_2_0067.jpg,116.8186,102.2985,57.914,23.2947,28.9343,15.4869,7.5921,0.5625,0.3493,0.7626,0.7127,41771.6989,812.7606,0.7099,0.8576,1.0894,16.2412,0.0305,7.1847,0.2294,0.1491,0.0832,0.3148,2,Anthracnose
spinach_3_0159.jpg,121.5749,139.01,50.4123,19.0068,20.1232,17.1481,2.0786,0.8386,0.4808,0.7898,0.4806,51896.9648,956.4449,0.7641,0.9311,1.0463,8.3899,0.0261,6.2176,0.2364,0.1314,0.0708,0.2441,3,White Rust
spinach_1_0023.jpg,117.4122,121.5839,64.3602,25.8188,19.2769,24.9676,6.2256,0.7042,0.4416,0.7541,0.5232,51352.4811,837.8988,0.7333,0.8694,1.0713,12.2679,0.0144,9.3373,0.2343,0.1822,0.0999,0.4582,1,Downy Mildew
spinach_0_0015.jpg,116.7125,147.2596,86.5652,23.6539,9.1398,14.7322,0.01,0.8585,0.7009,0.9246,0.3501,46931.4132,923.2782,0.697,0.9132,1.145,6.6212,0.0109,0.0,0.1152,0.0829,0.0503,0.3293,0,No Disease
spinach_0_0112.jpg,84.1497,143.2794,68.9597,9.504,21.1978,20.74,4.5332,0.9287,0.5837,0.973,0.5882,57667.8435,825.8462,0.7821,0.941,0.9752,3.8774,0.0242,2.3519,0.1737,0.0873,0.0382,0.2305,0,No Disease
spinach_2_0146.jpg,112.0552,128.0218,60.3637,27.8435,27.3338,23.3255,6.8441,0.5745,0.4794,0.7747,0.5856,48496.3718,857.4914,0.7306,0.8533,1.0264,12.5744,0.0155,6.4186,0.2881,0.1937,0.1068,0.2028,2,Anthracnose
spinach_3_0123.jpg,115.3561,138.8552,80.8332,25.853,14.7324,16.6128,4.3148,0.7418,0.4722,0.8019,0.7231,51481.4017,789.7806,0.8492,0.9516,1.1286,7.0144,0.022,3.6201,0.0672,0.1425,0.0923,0.3953,3,White Rust
spinach_2_0137.jpg,121.5771,116.9227,44.5475,31.7606,24.2037,19.502,5.0537,0.76,0.2228,0.6414,0.702,57891.8153,935.3858,0.7492,0.9382,0.9716,15.0613,0.0309,4.514,0.2649,0.1394,0.1274,0.2028,2,Anthracnose
spinach_4_0173.jpg,90.5062,131.1336,52.3361,28.95,18.0838,29.0917,8.7956,0.6548,0.3643,0.5158,0.6615,48241.3644,815.1257,0.7737,0.8962,1.1505,12.0792,0.0339,8.7808,0.2238,0.1823,0.1417,0.3909,4,Cladosporium Leaf Spot
spinach_0_0067.jpg,101.8483,117.7202,61.8559,6.2516,15.8294,14.2465,1.2784,0.9863,0.6759,0.8681,0.2065,55086.4079,975.536,0.7886,0.9545,1.0268,10.035,0.0,2.5486,0.0156,0.0428,0.0779,0.1791,0,No Disease
spinach_3_0053.jpg,110.8998,130.4857,63.3038,31.0237,18.9588,21.8096,5.1327,0.8423,0.528,0.7777,0.3804,50341.2956,903.0044,0.7972,0.9016,1.2013,8.0545,0.0096,3.1752,0.2664,0.1466,0.0962,0.1967,3,White Rust
spinach_2_0157.jpg,113.4716,112.5774,61.6941,28.1176,35.2378,31.0695,8.4857,0.8033,0.2569,0.6005,0.6578,50206.1548,860.1793,0.7015,0.9288,1.2523,19.124,0.0357,6.507,0.1879,0.1629,0.1626,0.3218,2,Anthracnose
spinach_1_0055.jpg,111.3141,134.1729,75.2203,32.73,17.7407,19.9437,3.918,0.7186,0.5584,0.6604,0.4481,46857.2292,928.7311,0.8272,0.9209,1.1941,2.9477,0.0295,4.2382,0.2266,0.0771,0.0801,0.3289,1,Downy Mildew
spinach_0_0124.jpg,129.9393,128.9325,79.8454,24.8525,12.0215,16.9731,1.8172,0.9443,0.5985,0.9637,0.4275,51160.6297,1029.6064,0.8048,0.9483,1.0668,0.0,0.0015,0.0825,0.1393,0.119,0.0361,0.3145,0,No Disease
spinach_0_0118.jpg,94.6797,138.3035,69.0743,26.9957,21.7717,16.9811,2.2476,0.9315,0.511,0.94,0.3088,56176.885,1038.6143,0.7827,0.9256,1.152,0.0,0.0084,0.996,0.0975,0.1083,0.0381,0.1088,0,No Disease
spinach_4_0115.jpg,116.5771,111.4133,52.0037,30.9352,34.5671,21.7052,9.213,0.6376,0.4995,0.6873,0.6902,54181.8476,967.0022,0.7662,0.8609,1.1129,18.2541,0.0219,7.9581,0.2382,0.1294,0.1212,0.4926,4,Cladosporium Leaf Spot
spinach_5_0039.jpg,106.0322,104.4144,72.9809,27.0336,23.0478,25.5833,2.2302,0.7688,0.343,0.68,0.8458,46843.9361,965.5915,0.8268,0.9096,1.07,10.7891,0.0362,7.0748,0.185,0.1082,0.0754,0.4185,5,Spinach Blight (Cucumber Mosaic Virus)
spinach_1_0145.jpg,125.6333,112.9472,60.3865,28.6924,31.3479,18.6999,4.4061,0.7358,0.4581,0.7492,0.7149,47004.2808,912.0161,0.8167,0.9,1.1672,10.5958,0.0263,5.1494,0.2088,0.1047,0.0642,0.408,1,Downy Mildew
spinach_3_0061.jpg,102.0286,135.9187,71.0339,24.6206,25.5179,18.919,3.6203,0.7266,0.444,0.839,0.5013,50055.1565,962.0217,0.7681,0.9479,1.0364,3.4545,0.0194,4.7277,0.1268,0.1737,0.1181,0.2298,3,White Rust
spinach_5_0020.jpg,97.8692,120.1939,68.027,30.7806,25.8823,17.1999,1.808,0.8125,0.3507,0.5993,0.6938,51593.947,946.7892,0.8769,0.877,1.02,10.7252,0.0306,1.6152,0.2164,0.1873,0.1123,0.3967,5,Spinach Blight (Cucumber Mosaic Virus)
spinach_2_0042.jpg,101.7985,113.4267,51.8346,23.9248,22.9134,18.4001,6.2857,0.7146,0.3897,0.8382,0.469,52346.7048,880.642,0.8489,0.9179,1.0668,14.6906,0.021,7.2046,0.1361,0.1911,0.1094,0.311,2,Anthracnose
spinach_5_0028.jpg,116.4275,134.7612,78.8397,30.7033,24.9579,14.6816,6.4185,0.7515,0.4035,0.5978,0.6213,52726.6602,767.4085,0.8199,0.9108,1.1794,18.8504,0.021,5.7308,0.2208,0.176,0.1034,0.454,5,Spinach Blight (Cucumber Mosaic Virus)
spinach_0_0038.jpg,100.1025,148.9946,72.2487,21.3929,17.0699,16.3463,2.7224,0.745,0.6333,0.8113,0.2758,51707.9438,928.3981,0.7284,0.9508,1.0126,0.3722,0.0013,1.1161,0.1139,0.0397,0.0581,0.205,0,No Disease
spinach_4_0076.jpg,126.223,112.2652,56.8453,28.7868,27.259,30.3581,5.3082,0.5345,0.2307,0.7581,0.6986,48866.6318,728.5366,0.7743,0.9117,1.0902,17.5685,0.0215,6.9097,0.2773,0.1503,0.1464,0.4608,4,Cladosporium Leaf Spot
spinach_2_0111.jpg,113.3989,109.8769,56.8469,40.7931,37.6022,18.7836,5.4454,0.5952,0.4646,0.6721,0.714,59984.8367,878.9535,0.8424,0.913,1.0329,18.2366,0.0202,8.5118,0.2006,0.1409,0.0828,0.2761,2,Anthracnose
spinach_3_0051.jpg,125.7267,130.3411,51.728,17.8303,19.6649,19.5665,3.8554,0.7981,0.4145,0.716,0.6113,58346.9725,794.2832,0.7946,0.8724,0.992,5.6449,0.0261,2.5983,0.1292,0.1214,0.0709,0.2172,3,White Rust
spinach_2_0085.jpg,109.3361,119.9909,60.4442,27.5937,27.1013,15.6512,7.7823,0.6929,0.5379,0.7005,0.5957,49746.3843,847.22,0.8261,0.9007,0.9792,7.457,0.0291,8.5896,0.234,0.1925,0.1353,0.3713,2,Anthracnose
spinach_2_0045.jpg,94.1721,98.0114,49.0385,31.7476,26.9837,27.1959,5.436,0.726,0.3709,0.634,0.7285,49669.9407,817.0881,0.8025,0.8968,1.0677,12.3496,0.0166,6.2346,0.1899,0.1192,0.104,0.4087,2,Anthracnose
spinach_1_0019.jpg,135.8104,147.8595,65.8777,29.3119,27.9575,15.9721,6.5951,0.6813,0.4555,0.7441,0.6601,51590.5173,592.697,0.8007,0.9261,1.1357,9.5897,0.0331,5.3605,0.2119,0.1718,0.0891,0.2382,1,Downy Mildew
spinach_3_0026.jpg,134.8435,129.2931,65.3446,23.9861,24.7314,23.1697,5.0126,0.8401,0.4149,0.842,0.6516,54887.4817,918.417,0.8228,0.8976,1.1259,9.202,0.0064,4.8543,0.1076,0.1029,0.071,0.2215,3,White Rust
spinach_4_0007.jpg,94.7781,120.5466,57.5977,37.6859,26.8731,29.5545,6.459,0.6074,0.319,0.6947,0.7968,54111.1258,916.6831,0.8297,0.8676,1.1011,24.4328,0.0206,8.3802,0.3038,0.2484,0.1482,0.398,4,Cladosporium Leaf Spot
spinach_0_0081.jpg,99.1268,139.1208,79.0316,12.5131,10.4485,6.8491,2.0556,0.8105,0.5492,0.9263,0.3558,53156.4101,890.0662,0.8103,0.9419,1.0646,1.3254,0.0143,1.9081,0.0302,0.1062,0.0129,0.313,0,No Disease
spinach_4_0088.jpg,102.4872,112.7118,59.9414,26.6496,28.5171,27.8478,5.8655,0.6534,0.4335,0.688,0.7524,47159.4912,973.0842,0.7194,0.8961,1.072,22.5024,0.0293,6.6041,0.2079,0.2075,0.1194,0.321,4,Cladosporium Leaf Spot
spinach_0_0019.jpg,102.1512,141.1757,80.7137,26.6384,16.6543,20.4143,2.1566,0.833,0.5324,0.7764,0.3312,50209.9166,1000.3585,0.8732,0.8954,1.1514,0.0,0.0098,0.964,0.0085,0.1171,0.0249,0.1573,0,No Disease
spinach_3_0160.jpg,105.9252,121.2061,65.6556,24.4586,29.0611,25.2592,3.633,0.8355,0.4218,0.8278,0.6306,57710.4641,855.7357,0.8409,0.8732,1.2137,7.8999,0.017,0.3326,0.1506,0.1742,0.0593,0.3371,3,White Rust
spinach_2_0065.jpg,118.2324,123.092,48.1648,38.4968,22.9847,29.9502,10.4377,0.721,0.4626,0.4842,0.6705,55510.8282,972.451,0.7268,0.8927,0.8771,15.652,0.0119,8.1349,0.2891,0.141,0.123,0.3326,2,Anthracnose
spinach_0_0133.jpg,106.3911,137.9453,65.3212,19.64,23.2985,14.5239,0.4873,0.8606,0.5961,0.8539,0.4685,54614.2188,1008.8983,0.8554,0.9549,1.0453,0.0,0.0054,0.3879,0.0431,0.0623,0.0281,0.1463,0,No Disease
spinach_2_0145.jpg,116.2497,106.6775,65.9614,24.494,20.9471,17.9059,8.6587,0.6754,0.3881,0.6989,0.5774,46646.3455,817.9574,0.7157,0.8874,0.9935,16.3107,0.0323,3.7714,0.2152,0.2342,0.0855,0.3841,2,Anthracnose
spinach_3_0050.jpg,119.9078,129.4891,65.0649,22.679,32.9026,23.6475,3.1536,0.9329,0.4254,0.7821,0.6397,41650.0573,881.2974,0.7456,0.9251,1.1396,7.691,0.016,5.9172,0.1851,0.1217,0.0737,0.4269,3,White Rust
spinach_1_0172.jpg,119.9733,153.5365,56.0511,26.7041,31.0676,23.4685,9.7163,0.6814,0.3508,0.8457,0.4904,50016.1601,893.4353,0.8522,0.9254,1.1366,8.3903,0.0297,12.0465,0.2246,0.134,0.0476,0.259,1,Downy Mildew
spinach_0_0114.jpg,115.3829,133.0184,83.2905,19.5608,18.0235,19.7158,0.4743,0.8206,0.5643,0.9379,0.2869,43659.827,1002.3721,0.7338,0.9202,0.9715,0.0,0.0059,2.8747,0.0614,0.1463,0.0229,0.1454,0,No Disease
spinach_4_0111.jpg,115.4106,112.5215,64.0879,28.5003,26.2987,24.5946,5.6686,0.4655,0.4135,0.6082,0.9735,60359.1896,839.3521,0.9303,0.9134,1.0184,7.6726,0.0395,7.5563,0.2916,0.1808,0.1014,0.3558,4,Cladosporium Leaf Spot
spinach_4_0086.jpg,111.4805,109.2136,59.4368,29.8278,32.0108,26.0221,5.9805,0.5829,0.34,0.7118,1.0,54013.9789,788.75,0.7844,0.8945,1.0284,19.881,0.0158,8.4957,0.2462,0.1856,0.1666,0.2891,4,Cladosporium Leaf Spot
spinach_4_0020.jpg,132.5173,118.2872,54.869,34.3519,32.7014,25.4418,9.9057,0.6139,0.3502,0.6862,0.7887,58566.3581,926.9556,0.7718,0.9032,1.1507,21.0969,0.0398,4.8035,0.1454,0.241,0.141,0.3883,4,Cladosporium Leaf Spot
spinach_0_0082.jpg,115.241,142.1887,73.2579,18.9548,20.3926,13.5169,2.4005,0.9698,0.5351,0.8369,0.3006,46677.6363,737.1605,0.8138,0.9752,1.234,0.0,0.0118,3.7598,0.0772,0.0841,0.0,0.2213,0,No Disease
spinach_1_0101.jpg,124.0868,131.8442,72.9134,26.5455,24.1662,27.8863,8.2573,0.7393,0.3937,0.8624,0.69,52577.9063,867.8127,0.8099,0.9095,1.0469,10.5162,0.0221,4.1243,0.2352,0.1816,0.1042,0.2879,1,Downy Mildew
spinach_3_0119.jpg,137.8593,152.1268,79.4214,24.2109,18.2408,16.063,2.927,0.7709,0.5278,0.8715,0.5014,51306.5587,894.5812,0.7419,0.9384,1.139,8.5673,0.0199,5.1078,0.2003,0.0865,0.0924,0.3004,3,White Rust
spinach_4_0138.jpg,122.5821,99.8367,58.6667,37.5214,26.3498,21.3851,9.5606,0.61,0.3076,0.7492,0.6433,48201.9637,976.6447,0.7161,0.9344,1.0527,21.4981,0.041,7.2259,0.246,0.1883,0.1478,0.3111,4,Cladosporium Leaf Spot
spinach_2_0003.jpg,108.812,118.6184,51.8,34.3219,21.0581,31.9823,10.8045,0.8106,0.482,0.6941,0.8067,49519.1175,724.6482,0.8902,0.9282,1.0775,9.0993,0.0223,2.8219,0.2773,0.0959,0.1172,0.2825,2,Anthracnose
spinach_0_0132.jpg,106.1866,149.8597,67.4663,16.8452,22.2859,16.5146,0.01,0.802,0.7001,0.9081,0.3438,51147.9517,921.3237,0.8141,0.896,1.0527,3.0918,0.0052,2.2293,0.0385,0.0943,0.0673,0.2389,0,No Disease
spinach_3_0060.jpg,130.3735,128.3413,82.0574,26.264,18.031,18.934,3.5863,0.7455,0.4337,0.7274,0.577,53456.1208,805.3694,0.6805,0.9278,1.1526,10.9209,0.0214,6.8309,0.2199,0.2272,0.1475,0.1394,3,White Rust
spinach_3_0094.jpg,107.9482,127.8507,57.0273,16.0002,20.1849,19.7191,6.8069,0.8204,0.5067,0.7175,0.6385,58456.1642,944.4571,0.8054,0.8884,1.1944,15.1233,0.0196,2.9302,0.1619,0.1032,0.061,0.3318,3,White Rust
spinach_0_0031.jpg,108.1408,136.2966,79.6164,8.7411,12.8665,11.8703,0.01,0.8229,0.5068,0.8659,0.5313,50774.6967,816.9186,0.7666,0.9562,1.0419,0.0,0.0105,0.8012,0.1324,0.0795,0.0575,0.1172,0,No Disease
spinach_3_0032.jpg,124.8586,148.044,64.0006,17.7799,24.3853,20.5055,5.6448,0.6688,0.6033,0.8297,0.5212,46822.7343,1012.7153,0.7139,0.9765,1.0609,14.882,0.0155,6.8453,0.1333,0.1208,0.0901,0.333,3,White Rust
spinach_5_0159.jpg,107.7386,107.6728,61.0817,34.6325,24.3921,22.4434,6.0624,0.7506,0.4834,0.7885,0.6033,55545.2348,778.3649,0.7655,0.8968,1.1737,7.3194,0.0311,5.3015,0.1883,0.1939,0.0699,0.5229,5,Spinach Blight (Cucumber Mosaic Virus)
spinach_0_0147.jpg,94.8042,140.8217,71.5524,8.7039,18.0775,11.2867,2.8257,0.7975,0.5824,0.8602,0.4503,52623.4864,894.4836,0.6778,0.8931,1.0733,1.9669,0.0011,2.3254,0.086,0.0414,0.033,0.2181,0,No Disease
spinach_3_0107.jpg,127.2262,134.2612,65.4967,24.4538,22.1522,19.7746,3.85,0.8312,0.5262,0.9049,0.4896,54832.1936,714.0863,0.8297,0.8836,1.0313,9.3289,0.012,2.635,0.1458,0.1492,0.0467,0.2757,3,White Rust
spinach_0_0070.jpg,114.4277,128.1651,68.3558,13.0678,9.9502,14.3046,0.7597,0.9302,0.6162,0.9025,0.4439,59888.841,813.2406,0.7667,0.9583,1.2212,0.0,0.0035,3.6446,0.1254,0.0878,0.0346,0.1693,0,No Disease
spinach_4_0156.jpg,120.6301,121.2161,78.562,37.1103,37.8464,20.2802,6.1304,0.6794,0.3732,0.7475,0.5969,54017.9871,988.9269,0.8462,0.8798,1.1115,14.8974,0.0317,5.6227,0.2321,0.1804,0.1177,0.3293,4,Cladosporium Leaf Spot
spinach_4_0171.jpg,112.406,137.7729,61.0665,44.1028,32.0134,19.6024,11.747,0.7179,0.3704,0.7053,0.6411,41478.1194,885.825,0.8727,0.8999,1.2067,23.2849,0.0342,9.6308,0.3461,0.1868,0.1247,0.4012,4,Cladosporium Leaf Spot
spinach_5_0018.jpg,92.4095,124.7435,72.1127,18.9676,29.5775,24.3766,5.1708,0.6432,0.2728,0.7064,0.6323,53484.9839,896.938,0.7464,0.906,1.0697,8.2607,0.0113,6.5246,0.2323,0.1723,0.0718,0.3537,5,Spinach Blight (Cucumber Mosaic Virus)
spinach_0_0163.jpg,107.2846,145.9561,74.2567,21.235,13.3212,17.8054,6.837,0.87,0.5857,0.8488,0.3712,59722.2474,852.7029,0.7416,0.8903,1.0594,0.0,0.0111,6.2395,0.0817,0.0133,0.0625,0.1418,0,No Disease
spinach_0_0151.jpg,89.1869,146.7461,87.5269,23.6061,24.309,11.6156,2.4018,0.8245,0.5618,0.9341,0.4302,44936.7949,788.4971,0.6871,0.9423,1.2851,7.4498,0.0,3.7579,0.1468,0.0182,0.0324,0.2876,0,No Disease
spinach_3_0144.jpg,106.6187,128.5715,76.8594,34.1502,33.43,20.2014,5.5784,0.8354,0.562,0.8019,0.6426,53798.869,957.2224,0.7249,0.9118,1.0682,3.2444,0.0038,3.2375,0.1568,0.1242,0.0839,0.295,3,White Rust
spinach_3_0081.jpg,122.878,149.9393,64.4141,26.3605,27.4633,17.7758,2.655,0.6533,0.5067,0.8072,0.6562,50129.7764,761.9263,0.6388,0.9917,1.1522,8.5472,0.0192,1.4236,0.1303,0.1897,0.0865,0.2189,3,White Rust
spinach_1_0077.jpg,126.9719,127.4172,69.6297,35.5297,33.9914,25.7476,5.5436,0.7227,0.4761,0.8772,0.6534,53272.6594,905.1398,0.7703,0.9059,1.1108,16.8724,0.0181,4.8947,0.1467,0.1587,0.1142,0.44,1,Downy Mildew
spinach_0_0147.jpg,94.8042,140.8217,71.5524,8.7039,18.0775,11.2867,2.8257,0.7975,0.5824,0.8602,0.4503,52623.4864,894.4836,0.6778,0.8931,1.0733,1.9669,0.0011,2.3254,0.086,0.0414,0.033,0.2181,0,No Disease
spinach_3_0145.jpg,121.4309,125.9336,74.0166,24.4909,19.8311,19.2542,3.5543,0.7275,0.415,0.7599,0.6156,53535.5603,1059.6737,0.8527,0.9689,1.1547,10.1724,0.0131,5.4868,0.1372,0.0612,0.1082,0.1801,3,White Rust
spinach_4_0013.jpg,130.3254,121.9131,76.2136,24.5029,20.9655,28.9523,6.8081,0.7935,0.447,0.7711,0.8484,45892.0819,724.0658,0.8797,0.8525,1.1968,20.6785,0.0334,8.2957,0.2933,0.1819,0.1656,0.5013,4,Cladosporium Leaf Spot
spinach_0_0037.jpg,117.1419,109.5988,75.1675,27.8072,11.3611,13.4808,0.7201,0.8285,0.5539,0.9799,0.6037,50320.3039,1110.506,0.7721,0.9738,1.1125,2.5242,0.0089,6.9219,0.1426,0.0517,0.0642,0.1711,0,No Disease
spinach_0_0111.jpg,116.4826,144.9641,73.9575,20.7276,16.1252,19.1826,0.5289,0.7702,0.6292,0.9242,0.468,54038.6418,887.946,0.8172,0.9289,1.081,0.7524,0.0222,0.0,0.125,0.0128,0.0373,0.1653,0,No Disease
spinach_2_0099.jpg,112.348,131.7233,50.8776,29.204,24.9848,20.2649,7.4159,0.5764,0.3711,0.7361,0.6685,44998.979,983.0185,0.8438,0.874,0.9765,10.1923,0.0314,6.596,0.2695,0.147,0.0869,0.4235,2,Anthracnose
spinach_1_0097.jpg,124.4143,130.0983,66.0641,22.9158,34.352,18.6815,8.1452,0.7249,0.4946,0.8114,0.7247,46796.8815,1007.5635,0.9008,0.9035,1.1028,7.9062,0.0172,7.8806,0.1398,0.0923,0.1203,0.36,1,Downy Mildew
spinach_0_0132.jpg,106.1866,149.8597,67.4663,16.8452,22.2859,16.5146,0.01,0.802,0.7001,0.9081,0.3438,51147.9517,921.3237,0.8141,0.896,1.0527,3.0918,0.0052,2.2293,0.0385,0.0943,0.0673,0.2389,0,No Disease
spinach_1_0094.jpg,96.4439,136.1974,83.5754,30.1122,18.227,22.1273,3.3228,0.8386,0.3535,0.7652,0.5242,48267.7597,1048.6151,0.7962,0.896,1.0084,2.5132,0.01,5.0015,0.239,0.1076,0.1193,0.2526,1,Downy Mildew
spinach_0_0165.jpg,109.2036,145.007,80.7238,15.3184,12.4678,16.8396,1.879,0.7491,0.61,0.7503,0.3255,58758.4069,1102.4879,0.6971,0.9218,1.1234,9.1249,0.0021,0.3416,0.1774,0.065,0.0581,0.0818,0,No Disease
spinach_2_0052.jpg,123.5036,130.4043,63.3709,27.8867,29.989,21.6047,9.7715,0.7123,0.401,0.7089,0.864,42831.2483,1063.8288,0.7888,0.8648,1.0198,7.3968,0.0322,4.2311,0.2384,0.2054,0.0932,0.3286,2,Anthracnose
spinach_2_0180.jpg,106.657,111.6599,58.7197,36.1986,30.3845,16.5113,8.0336,0.6889,0.3722,0.6984,0.7105,46540.566,861.7649,0.871,0.8824,0.9976,13.7532,0.018,2.999,0.2128,0.2179,0.109,0.3643,2,Anthracnose
spinach_0_0015.jpg,116.7125,147.2596,86.5652,23.6539,9.1398,14.7322,0.01,0.8585,0.7009,0.9246,0.3501,46931.4132,923.2782,0.697,0.9132,1.145,6.6212,0.0109,0.0,0.1152,0.0829,0.0503,0.3293,0,No Disease
spinach_1_0092.jpg,136.083,128.2781,61.0985,26.1448,17.4168,16.8531,4.5979,0.8309,0.4273,0.7261,0.7327,58755.8857,1025.5382,0.7388,0.8976,1.2451,10.9646,0.0179,6.093,0.2404,0.1071,0.0855,0.3841,1,Downy Mildew
spinach_1_0059.jpg,120.6919,118.3269,55.947,30.177,28.4335,17.0574,6.64,0.6974,0.4313,0.8592,0.6907,54979.3599,1090.879,0.7478,0.8854,1.0422,8.982,0.0012,4.4266,0.1628,0.1614,0.0888,0.2619,1,Downy Mildew
spinach_0_0047.jpg,106.1835,143.892,70.7705,27.2703,14.7176,19.5289,0.9046,0.8952,0.4942,0.9119,0.5645,51613.2191,900.3114,0.7031,0.9243,0.9926,0.0,0.0078,3.5742,0.2405,0.0565,0.0759,0.2195,0,No Disease
spinach_0_0092.jpg,113.1876,140.0405,78.2775,24.3541,12.9774,7.7674,4.6239,0.9205,0.4428,0.83,0.4972,50601.6158,868.7939,0.8541,0.9038,1.0561,2.8455,0.0091,2.0934,0.1456,0.0879,0.0522,0.1793,0,No Disease
spinach_2_0082.jpg,106.5798,117.1854,53.2303,29.0179,40.0909,23.7288,7.7654,0.6236,0.4616,0.7532,0.7667,51074.4562,983.419,0.8763,0.9071,1.0708,17.5783,0.0198,4.8077,0.2273,0.0903,0.1307,0.273,2,Anthracnose
spinach_3_0082.jpg,111.7318,130.3274,64.4766,35.2457,21.0587,15.2418,4.7004,0.7911,0.3576,0.8082,0.6709,52193.3564,825.2935,0.7483,0.8785,1.0993,9.2431,0.0098,7.4915,0.2096,0.0483,0.0257,0.2013,3,White Rust
spinach_2_0037.jpg,112.7515,114.7067,62.3574,34.1567,29.3872,21.7872,8.5867,0.6102,0.2744,0.4763,0.683,45892.2678,919.7754,0.6817,0.8838,1.1176,9.8807,0.0303,5.0974,0.2284,0.1838,0.1338,0.3574,2,Anthracnose
spinach_4_0160.jpg,105.2503,125.0078,59.2642,35.9528,23.9406,25.8434,12.3983,0.6109,0.3549,0.5437,0.6747,52798.6035,857.0102,0.8269,0.9006,0.9646,22.0612,0.0241,6.1231,0.2815,0.2527,0.1049,0.4018,4,Cladosporium Leaf Spot
spinach_3_0095.jpg,126.7946,147.0433,69.9672,20.6796,19.4965,17.7486,4.483,0.9136,0.6164,0.8386,0.5619,44691.7389,927.0008,0.7326,0.9608,0.9815,9.5379,0.01,3.9829,0.2033,0.1609,0.0685,0.3409,3,White Rust
spinach_2_0129.jpg,132.6751,119.4361,61.6353,28.9745,29.3289,16.9432,5.5704,0.6884,0.1983,0.6788,0.6536,48486.5488,824.8918,0.7402,0.8544,1.0916,12.7995,0.016,6.2126,0.2153,0.1416,0.0561,0.4046,2,Anthracnose
spinach_4_0160.jpg,105.2503,125.0078,59.2642,35.9528,23.9406,25.8434,12.3983,0.6109,0.3549,0.5437,0.6747,52798.6035,857.0102,0.8269,0.9006,0.9646,22.0612,0.0241,6.1231,0.2815,0.2527,0.1049,0.4018,4,Cladosporium Leaf Spot
spinach_1_0002.jpg,104.5453,127.5188,65.4332,21.312,18.8787,20.6235,6.3562,0.8249,0.4786,0.7652,0.5354,45645.465,848.9123,0.8146,0.9184,0.932,6.8573,0.0296,4.9426,0.1191,0.2242,0.0793,0.3407,1,Downy Mildew
spinach_2_0056.jpg,120.8525,127.2877,44.8249,25.9092,24.68,25.3964,8.9432,0.8962,0.3427,0.6709,0.7489,46588.9164,865.9038,0.7751,0.8345,1.0899,13.2706,0.0372,6.1099,0.1673,0.1497,0.0577,0.2531,2,Anthracnose
spinach_0_0016.jpg,84.3676,132.4979,76.7273,12.092,24.3797,16.4734,3.4392,0.8543,0.6451,0.9548,0.4433,53172.0045,947.0343,0.7182,0.9263,1.1078,3.5336,0.014,0.0,0.0937,0.1393,0.0214,0.1342,0,No Disease
spinach_2_0113.jpg,112.1853,123.1639,48.887,31.758,28.026,23.5561,5.8384,0.7751,0.544,0.6223,0.762,35610.7492,946.861,0.6878,0.8869,0.975,13.1376,0.0337,2.7568,0.212,0.1395,0.1495,0.3845,2,Anthracnose
spinach_2_0039.jpg,115.7085,118.209,58.8879,38.3962,23.8781,28.1257,5.7522,0.7687,0.4787,0.6795,0.8561,52345.1794,792.2728,0.7776,0.9283,1.1538,9.7678,0.0259,6.4663,0.2046,0.2543,0.1158,0.3451,2,Anthracnose
spinach_0_0113.jpg,96.8417,128.3985,82.1304,26.8617,12.0445,18.872,1.8522,0.9272,0.6168,0.9496,0.4283,59050.81,950.9413,0.8075,0.9092,1.2927,3.8793,0.0117,0.0,0.0589,0.1295,0.0472,0.0469,0,No Disease
spinach_2_0098.jpg,115.9444,121.4912,51.4749,22.1528,16.8861,23.2794,7.5067,0.5855,0.4637,0.7107,0.8249,51852.6793,773.3666,0.8275,0.9168,1.0362,8.2316,0.0278,4.2985,0.286,0.1437,0.1531,0.1801,2,Anthracnose
spinach_4_0083.jpg,103.7518,111.8966,68.7204,31.1637,27.8964,29.2408,6.6449,0.4512,0.2718,0.6769,0.735,42697.8519,991.606,0.7998,0.8997,1.1036,12.8059,0.0364,9.1334,0.327,0.2189,0.1428,0.251,4,Cladosporium Leaf Spot
spinach_0_0003.jpg,113.7143,141.4596,77.4313,20.3379,18.4456,17.5252,0.01,0.8744,0.5424,0.8353,0.3925,59474.7066,833.4169,0.8281,0.8879,1.0932,2.651,0.0107,2.4802,0.1397,0.0661,0.0284,0.2686,0,No Disease
spinach_1_0111.jpg,116.2781,135.6626,53.5302,18.7688,33.9637,18.4303,5.2665,0.7082,0.4738,0.8841,0.668,43408.1743,761.5877,0.7661,0.9033,0.9622,13.2774,0.0113,7.4879,0.281,0.1201,0.091,0.2114,1,Downy Mildew
spinach_4_0005.jpg,133.2918,123.7567,69.4774,25.952,28.8205,23.6599,8.7824,0.7589,0.36,0.5944,0.6337,58728.9003,941.3793,0.8169,0.8814,1.0914,14.0522,0.0371,5.3852,0.252,0.1643,0.0486,0.3623,4,Cladosporium Leaf Spot
spinach_0_0163.jpg,107.2846,145.9561,74.2567,21.235,13.3212,17.8054,6.837,0.87,0.5857,0.8488,0.3712,59722.2474,852.7029,0.7416,0.8903,1.0594,0.0,0.0111,6.2395,0.0817,0.0133,0.0625,0.1418,0,No Disease
spinach_4_0107.jpg,94.7082,129.9698,74.103,27.6879,36.8983,24.288,8.7349,0.5725,0.4201,0.7184,0.9325,57703.0368,889.085,0.9765,0.9238,1.1132,14.0114,0.0218,4.8989,0.2233,0.2451,0.1422,0.3409,4,Cladosporium Leaf Spot
spinach_3_0111.jpg,130.8906,125.1152,64.1392,22.2749,26.0444,19.3829,6.5862,0.6778,0.4561,0.7397,0.4274,51162.4448,1078.2928,0.7288,0.9168,1.005,2.1631,0.0107,3.19,0.1497,0.111,0.0288,0.2299,3,White Rust
spinach_4_0162.jpg,120.5713,94.0673,58.3956,31.9817,26.764,33.6855,11.3014,0.7126,0.266,0.7945,0.8219,45790.1017,893.2717,0.8475,0.875,1.0812,19.2659,0.0252,7.0138,0.2187,0.2247,0.1073,0.4133,4,Cladosporium Leaf Spot
spinach_4_0171.jpg,112.406,137.7729,61.0665,44.1028,32.0134,19.6024,11.747,0.7179,0.3704,0.7053,0.6411,41478.1194,885.825,0.8727,0.8999,1.2067,23.2849,0.0342,9.6308,0.3461,0.1868,0.1247,0.4012,4,Cladosporium Leaf Spot
spinach_3_0090.jpg,141.1839,137.8864,82.5638,27.8037,29.127,19.1648,5.3874,0.8675,0.5324,0.8172,0.5172,50706.1175,1018.7662,0.8608,0.9052,1.0505,4.3835,0.0236,2.3269,0.2109,0.1418,0.0564,0.4051,3,White Rust
spinach_1_0104.jpg,121.9798,122.829,57.5046,29.0674,23.3114,13.2899,3.0256,0.6482,0.3594,0.789,0.6319,56326.3969,975.2802,0.8543,0.9252,1.1168,14.3974,0.0274,5.477,0.2536,0.0362,0.0727,0.2855,1,Downy Mildew
spinach_2_0010.jpg,107.4986,108.639,43.4633,31.3789,37.27,24.8329,8.1675,0.647,0.3605,0.7689,0.8909,57439.7397,960.5245,0.8021,0.9052,1.0197,8.2073,0.018,6.1896,0.2154,0.1012,0.1091,0.3245,2,Anthracnose
spinach_3_0157.jpg,126.937,129.6414,54.4151,22.8631,25.2039,21.5762,4.8526,0.8419,0.4437,0.7839,0.502,56283.0899,934.1529,0.7466,0.8828,1.1984,5.0237,0.0176,8.2347,0.2101,0.1844,0.0565,0.3657,3,White Rust
spinach_5_0098.jpg,88.989,115.3438,71.441,31.7267,28.5259,14.5349,8.6667,0.5846,0.3878,0.7733,0.6859,43110.8184,760.1674,0.8272,0.9128,1.0014,13.5704,0.0119,6.5239,0.1658,0.1532,0.0878,0.4329,5,Spinach Blight (Cucumber Mosaic Virus)
spinach_5_0155.jpg,107.4336,91.3047,59.0853,30.3384,27.8618,21.8102,9.5745,0.8356,0.3453,0.8427,0.8262,48880.4881,874.5403,0.807,0.8839,1.0463,17.2773,0.0275,4.4025,0.1637,0.1197,0.0859,0.4131,5,Spinach Blight (Cucumber Mosaic Virus)
spinach_3_0125.jpg,142.8356,123.2301,72.2011,30.7896,10.1723,21.6409,5.8258,0.7486,0.4083,0.7387,0.5171,49989.5198,855.9223,0.7593,0.9498,1.0128,1.0038,0.0267,3.6544,0.1506,0.1156,0.0752,0.2381,3,White Rust
spinach_1_0176.jpg,128.7727,129.6531,53.9275,20.1897,21.9422,18.252,4.2768,0.7139,0.4218,0.794,0.4862,47588.781,884.0328,0.7783,0.9559,1.1186,3.5456,0.0233,5.7822,0.1837,0.0815,0.124,0.2244,1,Downy Mildew
spinach_3_0049.jpg,119.4378,109.9863,66.3607,33.5398,24.6748,17.9387,5.3591,0.8477,0.4532,0.9638,0.4983,56512.5536,981.1937,0.738,0.9094,1.1914,8.5792,0.0197,1.0553,0.2028,0.1315,0.0684,0.3089,3,White Rust
spinach_3_0041.jpg,119.1082,133.6174,70.0606,17.5734,15.7057,20.0052,6.8379,0.768,0.3967,0.6296,0.6453,47820.3418,790.2563,0.6771,0.884,1.0331,7.0446,0.0073,4.3343,0.1577,0.2089,0.0274,0.2929,3,White Rust
spinach_4_0097.jpg,117.4785,106.7512,65.1147,27.1117,24.8374,26.502,11.1754,0.8058,0.2568,0.6182,0.8116,56343.9467,673.5916,0.7952,0.8778,0.9161,12.6513,0.0295,7.6059,0.3204,0.2042,0.1537,0.3921,4,Cladosporium Leaf Spot
spinach_2_0040.jpg,122.9085,111.9827,66.0594,21.6613,24.7317,27.1963,9.6693,0.6181,0.3088,0.7397,0.6277,48657.1104,967.6405,0.7674,0.8509,0.9759,14.0398,0.0121,5.5651,0.1604,0.2256,0.1641,0.2653,2,Anthracnose
spinach_2_0063.jpg,114.5595,113.7244,52.3873,28.3246,18.5843,26.3678,4.9002,0.6626,0.4318,0.7588,0.5125,49540.7596,925.9745,0.8031,0.9336,1.0143,5.8038,0.0335,5.1332,0.1421,0.1537,0.1408,0.2489,2,Anthracnose
spinach_2_0077.jpg,103.8637,121.6768,60.5648,32.9976,29.7549,31.3509,5.7286,0.5504,0.296,0.6507,0.5926,50468.3042,1005.2655,0.8924,0.9126,1.2513,12.5745,0.0139,7.9957,0.1381,0.1298,0.123,0.3418,2,Anthracnose
spinach_4_0165.jpg,124.6307,141.0071,62.7927,38.762,26.6071,27.9503,7.1288,0.5897,0.3478,0.5713,0.7929,48940.209,691.2439,0.7625,0.8814,1.1382,19.1408,0.0456,8.4362,0.2423,0.1877,0.1213,0.429,4,Cladosporium Leaf Spot
spinach_2_0106.jpg,120.9377,121.8419,58.9315,33.7516,36.1997,20.4509,5.3694,0.5986,0.4596,0.7791,0.6363,39319.9323,812.5243,0.8329,0.8983,1.0944,11.9066,0.0351,6.7177,0.2593,0.1664,0.1231,0.3867,2,Anthracnose
spinach_4_0012.jpg,120.704,129.1409,53.955,30.651,33.8845,24.76,5.6011,0.729,0.3229,0.7364,0.6205,49895.0663,940.9736,0.7848,0.8604,0.8791,24.0931,0.036,9.6002,0.3164,0.2139,0.122,0.4292,4,Cladosporium Leaf Spot
spinach_4_0118.jpg,138.6409,122.5362,67.9342,29.6925,21.2846,30.7033,6.289,0.6579,0.3754,0.6652,0.6815,49751.8388,794.9949,0.8386,0.9043,1.0683,15.7266,0.0509,5.1563,0.1928,0.1867,0.1235,0.4778,4,Cladosporium Leaf Spot
spinach_1_0175.jpg,122.7708,140.7792,52.7031,26.3913,23.8051,20.025,6.2546,0.7908,0.4614,0.7476,0.5364,56485.9304,934.9733,0.7289,0.9052,0.9605,10.1415,0.0184,3.766,0.2692,0.0838,0.0977,0.4849,1,Downy Mildew
spinach_4_0050.jpg,128.985,124.6898,63.8463,35.7509,26.0261,22.4569,7.9878,0.528,0.3726,0.7334,0.689,52675.7459,827.0869,0.729,0.9414,0.9898,12.8827,0.0357,7.9833,0.3034,0.27,0.1106,0.3437,4,Cladosporium Leaf Spot
spinach_5_0110.jpg,122.087,127.258,62.5041,28.3156,24.3348,23.4532,4.7477,0.6468,0.2266,0.7021,0.7565,48739.4949,860.3838,0.8267,0.8749,1.092,15.5613,0.0265,7.1607,0.2732,0.1765,0.0722,0.3125,5,Spinach Blight (Cucumber Mosaic Virus)
spinach_5_0101.jpg,105.6763,120.151,54.3042,37.3891,28.4163,19.1836,4.5358,0.789,0.4169,0.7638,0.6527,44486.2816,920.8618,0.7981,0.8995,1.2802,15.4763,0.0314,10.2969,0.2292,0.1548,0.073,0.3038,5,Spinach Blight (Cucumber Mosaic Virus)
spinach_2_0004.jpg,96.733,118.6219,55.3296,34.1909,20.662,19.9707,2.941,0.5053,0.5239,0.8459,0.6993,45880.8562,850.1551,0.8524,0.8871,1.099,13.949,0.0224,5.1529,0.2447,0.1209,0.1213,0.3123,2,Anthracnose
spinach_4_0166.jpg,116.5982,114.0858,61.0688,34.3059,23.9679,26.268,5.5162,0.7184,0.3822,0.774,0.6483,56167.2586,983.578,0.7791,0.8806,0.9832,12.6168,0.028,5.2396,0.3498,0.1299,0.1337,0.4249,4,Cladosporium Leaf Spot
spinach_0_0175.jpg,107.7332,163.6271,83.4383,18.4624,15.4099,16.8788,0.5754,0.9933,0.6089,0.898,0.4887,60614.1494,937.0955,0.7632,0.9677,1.1974,0.7161,0.006,1.5517,0.1181,0.0257,0.0014,0.129,0,No Disease
spinach_0_0022.jpg,110.8078,138.3754,70.6367,16.1026,19.1515,11.5939,3.1315,0.9868,0.6093,0.86,0.4654,50456.6347,1013.5547,0.6601,0.9216,0.9607,0.0,0.0169,2.8113,0.064,0.0199,0.0,0.1565,0,No Disease
spinach_3_0152.jpg,143.7193,125.5005,57.9592,24.0651,18.1572,20.0255,5.0642,0.7888,0.4501,0.7308,0.6143,50941.5362,855.4383,0.8688,0.917,1.1974,12.9074,0.0273,5.2441,0.17,0.1174,0.0639,0.1066,3,White Rust
spinach_1_0016.jpg,111.5898,148.6314,54.5966,29.1382,22.3988,28.0382,3.9641,0.6812,0.3524,0.7826,0.4727,48607.3575,684.7634,0.8044,0.8975,0.981,14.3424,0.0095,6.2345,0.1549,0.1941,0.0987,0.2294,1,Downy Mildew
spinach_1_0169.jpg,119.9402,109.4949,63.7927,23.0301,23.0681,14.2585,6.1883,0.6043,0.4419,0.6741,0.525,56773.6605,958.7918,0.859,0.949,1.0382,15.9959,0.0083,6.143,0.1653,0.0928,0.0954,0.3856,1,Downy Mildew
spinach_0_0002.jpg,103.4547,134.2884,69.1829,22.6615,18.8272,16.6509,2.7324,1.0,0.5475,0.8441,0.3386,55079.8971,1032.8972,0.7632,0.909,1.054,4.6024,0.0119,2.1777,0.0667,0.0893,0.0429,0.2175,0,No Disease
spinach_0_0055.jpg,121.8359,133.1593,80.359,20.3399,14.9393,7.7692,1.7083,0.7752,0.6574,0.9862,0.3403,53509.8537,847.4608,0.7323,0.9494,1.1169,8.9586,0.0021,2.9988,0.1049,0.1118,0.0288,0.196,0,No Disease
spinach_0_0143.jpg,77.5056,138.5718,69.4957,15.9075,22.4073,13.695,1.6983,0.8698,0.4267,0.8008,0.5161,41450.2468,843.3685,0.746,0.9736,1.1815,0.0,0.0164,0.0,0.1505,0.0256,0.0668,0.1675,0,No Disease
spinach_3_0146.jpg,128.3885,126.3164,76.0133,31.3147,24.6459,24.9855,4.8125,0.9487,0.5197,0.717,0.557,50737.4899,879.9576,0.6806,0.9297,0.9991,0.0,0.0142,2.6394,0.1269,0.0,0.0487,0.2661,3,White Rust
spinach_1_0045.jpg,118.4663,144.8973,68.2918,22.6219,20.7636,22.9797,4.439,0.5706,0.4257,0.6564,0.7716,51883.9382,809.4825,0.7481,0.8628,1.012,14.0653,0.0379,6.1075,0.1854,0.1127,0.0561,0.4748,1,Downy Mildew
spinach_2_0119.jpg,116.3902,121.8037,71.1425,40.1801,25.8326,25.6927,7.1432,0.6294,0.4017,0.747,0.7117,45594.094,833.6439,0.7726,0.8789,1.1051,15.6724,0.0348,4.5563,0.2011,0.2222,0.1059,0.3524,2,Anthracnose
spinach_0_0150.jpg,110.251,159.6485,78.3401,11.9747,24.0174,13.6364,2.1822,0.7977,0.6221,0.8344,0.43,50579.505,1112.5013,0.8889,0.9312,1.1251,0.5062,0.0148,0.6079,0.0789,0.1191,0.0265,0.197,0,No Disease
spinach_1_0140.jpg,107.7705,124.665,54.7362,20.8503,27.3353,20.2135,5.589,0.7845,0.2814,0.8501,0.5751,53662.0065,962.0713,0.8722,0.9074,0.9301,10.2285,0.0216,2.9383,0.1974,0.1156,0.0464,0.3637,1,Downy Mildew
spinach_3_0151.jpg,125.2038,122.3278,63.0278,30.1086,20.949,17.5141,3.7321,0.8214,0.6001,0.6301,0.8301,52518.7311,963.0224,0.7538,0.9199,1.1254,3.8036,0.0106,6.1322,0.0924,0.1376,0.0607,0.2031,3,White Rust
spinach_0_0175.jpg,107.7332,163.6271,83.4383,18.4624,15.4099,16.8788,0.5754,0.9933,0.6089,0.898,0.4887,60614.1494,937.0955,0.7632,0.9677,1.1974,0.7161,0.006,1.5517,0.1181,0.0257,0.0014,0.129,0,No Disease
spinach_1_0014.jpg,108.3753,133.6646,45.734,26.8142,18.8987,21.4052,3.6678,0.7739,0.4315,0.858,0.6107,47156.786,875.3114,0.7093,0.9202,1.1472,19.8768,0.015,4.318,0.1612,0.1385,0.0895,0.3057,1,Downy Mildew
spinach_3_0046.jpg,122.1168,129.9855,71.6206,25.4565,16.8899,25.884,6.6532,0.8969,0.479,0.7775,0.6204,48612.6249,918.006,0.7695,0.8835,1.1202,6.2361,0.0151,4.6548,0.2336,0.086,0.0616,0.2188,3,White Rust
spinach_5_0143.jpg,98.2469,88.8062,69.1086,23.6083,29.7094,21.9947,8.0033,0.6341,0.3572,0.7062,0.5018,55057.101,707.4577,0.8758,0.9106,1.0741,13.3805,0.0265,4.6792,0.2249,0.1792,0.0664,0.3677,5,Spinach Blight (Cucumber Mosaic Virus)
spinach_4_0030.jpg,127.3822,139.1779,69.0229,33.2052,22.1218,16.8951,9.6929,0.7374,0.2748,0.6411,0.7043,47580.4996,997.4961,0.8031,0.8843,1.2826,12.2623,0.0384,5.6118,0.2621,0.1959,0.1511,0.3691,4,Cladosporium Leaf Spot
spinach_5_0073.jpg,91.4753,124.8509,54.7702,34.8286,17.4235,21.5818,9.1632,0.7658,0.4337,0.6566,0.5765,56221.9791,917.2339,0.8634,0.9018,1.0675,15.0666,0.0261,5.0941,0.1393,0.1882,0.101,0.2915,5,Spinach Blight (Cucumber Mosaic Virus)
spinach_2_0005.jpg,112.2737,131.2236,56.6545,34.599,18.0398,21.1185,7.0471,0.8339,0.2232,0.6933,0.8357,46074.898,858.7161,0.8199,0.9046,1.2053,15.7939,0.0376,5.452,0.193,0.151,0.081,0.3887,2,Anthracnose
spinach_1_0171.jpg,121.7432,139.7042,64.7208,29.777,22.4217,21.4633,4.425,0.8411,0.5517,0.8566,0.5692,46231.1298,1027.6974,0.8226,0.9182,1.0493,11.7027,0.0113,5.9413,0.2589,0.1952,0.0977,0.1994,1,Downy Mildew
spinach_1_0073.jpg,140.7266,132.2589,56.7951,29.0518,21.65,15.4235,6.6918,0.8294,0.4051,0.7336,0.5138,50250.322,843.7632,0.7293,0.9573,1.1373,12.2896,0.0271,6.1879,0.1693,0.1409,0.0733,0.3451,1,Downy Mildew
spinach_2_0096.jpg,114.101,123.6746,60.3234,29.5045,25.706,24.177,7.886,0.7724,0.4047,0.6676,0.6573,43385.3153,1046.1214,0.7675,0.9242,1.1021,15.2149,0.0261,4.682,0.1816,0.2291,0.1128,0.44,2,Anthracnose
spinach_0_0011.jpg,90.3656,132.5022,74.5248,26.0293,13.3546,12.3834,0.01,0.887,0.495,0.8429,0.3323,51528.6872,744.2272,0.682,0.9832,1.017,0.0,0.0207,6.4291,0.0414,0.0653,0.0485,0.3383,0,No Disease
spinach_2_0097.jpg,124.8491,111.4807,61.388,30.2251,21.2139,22.2581,7.9988,0.6401,0.354,0.6879,0.9012,40829.7553,930.1643,0.7848,0.884,1.0578,16.6695,0.0328,6.4348,0.2846,0.2108,0.1304,0.3063,2,Anthracnose
spinach_0_0090.jpg,109.9792,140.1248,63.0163,23.8343,10.8765,19.6358,6.8576,0.9293,0.6266,0.8455,0.239,48986.4032,810.7105,0.6832,0.9731,1.1418,3.5188,0.0035,0.8888,0.1482,0.0787,0.0533,0.1843,0,No Disease
spinach_0_0048.jpg,103.4875,143.7585,72.4953,20.552,14.9583,9.4076,0.01,0.9523,0.5579,0.8383,0.4209,55974.6613,938.0364,0.7306,0.9607,1.2463,3.9782,0.0138,3.4355,0.1565,0.1046,0.055,0.2416,0,No Disease
spinach_0_0151.jpg,89.1869,146.7461,87.5269,23.6061,24.309,11.6156,2.4018,0.8245,0.5618,0.9341,0.4302,44936.7949,788.4971,0.6871,0.9423,1.2851,7.4498,0.0,3.7579,0.1468,0.0182,0.0324,0.2876,0,No Disease
spinach_0_0020.jpg,94.3025,131.8029,75.4231,19.0538,18.6433,16.4477,4.2451,0.8726,0.4619,0.9547,0.3869,57572.9622,958.3377,0.7621,0.9387,1.2761,10.3079,0.0066,1.4883,0.1538,0.0462,0.0483,0.1979,0,No Disease
spinach_4_0079.jpg,114.7384,125.7225,69.8132,33.7195,24.9456,16.2754,6.8928,0.5224,0.2816,0.677,0.7684,59790.8881,938.3082,0.9046,0.9079,1.1569,16.5644,0.0254,6.6919,0.2694,0.1649,0.105,0.4233,4,Cladosporium Leaf Spot
spinach_0_0058.jpg,113.0457,131.5737,75.2316,22.8273,26.1811,14.1882,2.6393,0.7812,0.6752,0.8268,0.3639,51888.761,763.7116,0.7837,0.9542,1.1434,0.0,0.005,2.5357,0.0061,0.037,0.0619,0.2216,0,No Disease
spinach_3_0118.jpg,136.5298,139.6901,54.6479,28.6176,22.8474,21.5249,6.4985,0.8044,0.3422,0.77,0.3882,54745.3094,1044.797,0.7055,0.9032,1.0394,6.1844,0.0203,3.2025,0.2026,0.1626,0.0975,0.1905,3,White Rust
spinach_2_0111.jpg,113.3989,109.8769,56.8469,40.7931,37.6022,18.7836,5.4454,0.5952,0.4646,0.6721,0.714,59984.8367,878.9535,0.8424,0.913,1.0329,18.2366,0.0202,8.5118,0.2006,0.1409,0.0828,0.2761,2,Anthracnose
spinach_2_0123.jpg,104.522,107.9917,67.7682,27.7138,24.9472,21.5074,6.8895,0.5541,0.3369,0.7161,0.7123,55789.9653,1063.9392,0.8907,0.9229,1.0681,11.5077,0.0271,7.154,0.2711,0.1849,0.107,0.4129,2,Anthracnose
spinach_2_0104.jpg,94.2359,90.4693,64.6507,28.1263,25.6929,26.3238,9.3749,0.7228,0.5342,0.7352,0.7202,51201.9441,751.4504,0.8574,0.8389,1.0331,14.0917,0.0207,5.2868,0.322,0.2042,0.0929,0.3124,2,Anthracnose
spinach_1_0102.jpg,125.5582,130.8576,53.114,30.3636,24.7307,31.3742,7.9774,0.7969,0.4499,0.7715,0.5096,42305.0639,812.7441,0.7871,0.8574,1.0565,9.0095,0.0183,3.6089,0.1729,0.199,0.0966,0.2652,1,Downy Mildew
spinach_2_0031.jpg,114.2268,101.3619,57.4357,24.1571,21.4096,29.5829,7.1007,0.6966,0.2191,0.6582,0.7361,50970.6813,664.597,0.8124,0.9092,1.1827,11.3791,0.0091,4.3058,0.1751,0.1895,0.0421,0.3141,2,Anthracnose
spinach_3_0165.jpg,125.2658,118.5157,62.7917,27.0238,22.4286,10.7984,3.8361,0.8517,0.5071,0.8653,0.4514,57904.6477,900.5594,0.8755,0.9201,0.9462,11.397,0.0135,3.3228,0.0973,0.1849,0.057,0.406,3,White Rust
spinach_0_0146.jpg,102.1863,136.2849,75.9039,14.6052,8.8598,13.6073,3.299,1.0,0.6426,0.7772,0.3968,53283.1719,937.7591,0.8024,0.9071,1.1252,3.6813,0.0126,0.0,0.0827,0.0,0.0245,0.158,0,No Disease
spinach_5_0145.jpg,95.4673,103.9351,60.5657,28.1208,25.7377,18.0083,3.8844,0.714,0.1176,0.723,0.5555,53400.7726,974.7635,0.8743,0.8913,0.9992,8.7416,0.0263,2.4374,0.2797,0.1368,0.1025,0.1975,5,Spinach Blight (Cucumber Mosaic Virus)
spinach_2_0047.jpg,106.9036,119.3509,49.0615,30.8212,25.9383,20.3577,6.2,0.6676,0.3186,0.7005,0.6622,46943.5873,1038.9842,0.8249,0.8904,1.0917,9.8927,0.0235,5.5239,0.1677,0.1755,0.0974,0.3216,2,Anthracnose
spinach_3_0025.jpg,123.6314,110.5319,54.6733,30.9452,23.8453,18.5847,3.2551,0.6833,0.476,0.7559,0.7047,50576.1814,910.872,0.6967,0.911,1.1242,6.5089,0.0131,4.5884,0.2457,0.1258,0.0986,0.3297,3,White Rust
spinach_0_0103.jpg,103.2363,131.3905,84.0162,23.7473,20.2577,17.4864,1.9367,0.9158,0.4852,0.7269,0.435,53619.9513,1040.9265,0.8643,0.9692,1.0402,0.5909,0.0098,5.7574,0.174,0.1248,0.0303,0.1293,0,No Disease
spinach_4_0178.jpg,131.7624,132.6015,55.9756,29.7461,31.5219,27.1249,7.1224,0.5007,0.5091,0.7269,0.7757,51378.8762,952.1317,0.8345,0.8378,1.0419,16.1807,0.0327,8.8874,0.1805,0.136,0.113,0.4023,4,Cladosporium Leaf Spot
spinach_1_0109.jpg,110.9248,128.741,67.0772,25.7464,21.3276,18.3829,6.0762,0.7114,0.3937,0.6665,0.6178,50093.8828,867.8352,0.8019,0.9287,1.1561,12.2109,0.0181,3.7794,0.1378,0.1063,0.0805,0.2471,1,Downy Mildew
spinach_4_0166.jpg,116.5982,114.0858,61.0688,34.3059,23.9679,26.268,5.5162,0.7184,0.3822,0.774,0.6483,56167.2586,983.578,0.7791,0.8806,0.9832,12.6168,0.028,5.2396,0.3498,0.1299,0.1337,0.4249,4,Cladosporium Leaf Spot
spinach_3_0043.jpg,118.0208,152.527,74.5156,20.8604,21.2398,22.0677,4.1808,0.7432,0.4629,0.7054,0.3267,52695.6743,706.11,0.7204,0.8757,0.9781,9.7054,0.0152,3.5349,0.1042,0.0938,0.0794,0.2758,3,White Rust
spinach_2_0037.jpg,112.7515,114.7067,62.3574,34.1567,29.3872,21.7872,8.5867,0.6102,0.2744,0.4763,0.683,45892.2678,919.7754,0.6817,0.8838,1.1176,9.8807,0.0303,5.0974,0.2284,0.1838,0.1338,0.3574,2,Anthracnose
spinach_2_0156.jpg,106.7059,103.8038,46.4495,31.3588,23.3136,27.7974,5.8448,0.6079,0.3987,0.652,0.6909,54929.9467,891.7229,0.8073,0.9051,0.9446,15.5674,0.0283,7.7072,0.2603,0.1519,0.1358,0.3266,2,Anthracnose
spinach_0_0131.jpg,111.4073,156.9014,71.5277,31.9511,14.573,11.9342,0.01,1.0,0.6456,0.8566,0.5449,55438.4609,1116.6127,0.6771,0.9234,1.083,0.0,0.0145,0.7133,0.137,0.1744,0.0312,0.1663,0,No Disease
spinach_2_0029.jpg,99.315,123.5937,57.989,27.5863,25.5268,20.239,8.511,0.5666,0.3005,0.677,0.8514,55271.4027,715.9159,0.8811,0.9337,0.9861,3.9142,0.0264,8.1204,0.3096,0.1252,0.1538,0.1718,2,Anthracnose
spinach_1_0179.jpg,116.3642,126.7424,59.5899,28.1597,26.0541,21.7934,3.4964,0.6601,0.4619,0.863,0.6252,48941.6579,922.434,0.7218,0.9427,1.1149,7.3222,0.0187,3.8513,0.2556,0.1219,0.0839,0.3559,1,Downy Mildew
spinach_4_0064.jpg,119.9685,112.8356,59.8533,40.5401,22.0088,23.8821,6.0331,0.6422,0.4239,0.6719,0.7483,57142.0116,923.0502,0.8392,0.9079,0.8399,17.6933,0.0254,6.0072,0.3437,0.175,0.1773,0.2774,4,Cladosporium Leaf Spot
spinach_1_0167.jpg,124.7623,127.8216,45.4597,19.2917,34.2601,16.6299,7.926,0.6653,0.4154,0.8038,0.528,58961.0757,907.5728,0.8177,0.9033,1.1527,16.3152,0.0189,7.9135,0.1594,0.1606,0.0922,0.2245,1,Downy Mildew
spinach_1_0157.jpg,124.4905,118.0729,60.6586,26.3565,19.2374,17.1205,8.0615,0.6618,0.5163,0.7294,0.6074,53809.2221,840.1441,0.8241,0.8588,1.1352,0.1259,0.0182,6.3376,0.2211,0.0781,0.0508,0.2549,1,Downy Mildew
spinach_0_0016.jpg,84.3676,132.4979,76.7273,12.092,24.3797,16.4734,3.4392,0.8543,0.6451,0.9548,0.4433,53172.0045,947.0343,0.7182,0.9263,1.1078,3.5336,0.014,0.0,0.0937,0.1393,0.0214,0.1342,0,No Disease
spinach_4_0083.jpg,103.7518,111.8966,68.7204,31.1637,27.8964,29.2408,6.6449,0.4512,0.2718,0.6769,0.735,42697.8519,991.606,0.7998,0.8997,1.1036,12.8059,0.0364,9.1334,0.327,0.2189,0.1428,0.251,4,Cladosporium Leaf Spot
spinach_3_0052.jpg,143.8622,133.081,67.9087,22.9911,24.1999,24.9398,7.6282,0.709,0.5481,0.8185,0.6475,51040.6036,886.2959,0.8361,0.9439,1.2353,8.7942,0.0161,0.0,0.0894,0.1042,0.0425,0.3451,3,White Rust
spinach_2_0147.jpg,118.157,117.6103,61.3948,39.6805,22.8759,11.5007,5.2091,0.7189,0.3822,0.6149,0.548,48226.9549,755.3905,0.8312,0.8897,1.0298,10.9669,0.0291,6.1767,0.2401,0.1672,0.1082,0.2673,2,Anthracnose
spinach_3_0064.jpg,120.1578,131.0706,68.3759,21.4536,24.561,20.2272,3.7506,0.8771,0.4764,0.8242,0.6917,58500.8927,962.9785,0.7618,0.8843,1.1265,12.3783,0.0198,0.0,0.2135,0.1573,0.0625,0.3591,3,White Rust
spinach_5_0069.jpg,114.9754,107.5274,77.5021,20.7203,20.016,21.4131,5.7697,0.6566,0.4107,0.693,0.6141,50892.1254,803.2463,0.8036,0.8839,0.9936,15.0548,0.0377,7.3162,0.2266,0.1243,0.0828,0.4246,5,Spinach Blight (Cucumber Mosaic Virus)
spinach_3_0096.jpg,117.3753,138.7009,75.0177,26.6605,19.3533,18.8838,6.5266,0.6827,0.3845,0.8221,0.5061,44234.709,1040.0819,0.714,0.915,1.0604,6.8093,0.0099,5.2857,0.1755,0.1593,0.0548,0.4506,3,White Rust
spinach_0_0026.jpg,90.4518,153.698,81.9836,18.7374,18.8173,5.3603,0.0342,0.8765,0.4942,0.93,0.6197,46116.9264,836.2537,0.7841,0.9703,1.0222,2.9961,0.0206,0.0,0.0359,0.0631,0.027,0.265,0,No Disease
spinach_0_0095.jpg,118.0116,145.9676,76.8399,26.2361,31.0632,8.1631,0.7448,0.8507,0.5119,0.8046,0.39,45916.9814,953.5042,0.7731,0.942,1.1606,4.412,0.003,5.0181,0.1117,0.0055,0.0149,0.0608,0,No Disease
spinach_5_0180.jpg,93.1745,112.9793,77.3641,25.0603,28.954,20.9996,10.8322,0.7216,0.4285,0.7359,0.6085,54249.352,754.0972,0.6899,0.8962,1.1552,9.6769,0.0255,3.2027,0.2631,0.1761,0.0905,0.3535,5,Spinach Blight (Cucumber Mosaic Virus)
spinach_0_0040.jpg,96.3768,144.2676,59.7149,21.9485,17.5128,14.4102,4.7001,0.8502,0.7448,0.8642,0.2923,52349.5979,812.3755,0.7249,0.9399,1.1644,0.0,0.0139,3.2835,0.1718,0.1012,0.0741,0.0495,0,No Disease
spinach_0_0153.jpg,115.0348,150.8725,70.1484,22.9735,15.7824,20.2885,3.0809,0.8048,0.5929,0.9954,0.4019,54238.5752,974.5879,0.7078,0.9428,1.0085,0.0,0.0146,1.8422,0.0848,0.0979,0.0385,0.201,0,No Disease
spinach_0_0035.jpg,122.9756,148.8363,72.0916,21.2439,17.2211,14.1883,0.1599,0.8879,0.5203,0.7925,0.4711,53956.3233,741.3292,0.7626,0.9549,1.2047,6.1033,0.0063,0.0,0.0458,0.0938,0.0495,0.303,0,No Disease
spinach_5_0146.jpg,91.7402,91.0375,73.1695,28.199,28.8565,22.2537,7.1964,0.683,0.3837,0.7236,0.6906,51660.5921,1151.1437,0.9109,0.8555,1.0786,10.3764,0.0342,4.8317,0.2332,0.0565,0.0522,0.5074,5,Spinach Blight (Cucumber Mosaic Virus)
spinach_0_0036.jpg,115.9998,137.5455,62.0464,18.4045,18.0862,14.1917,1.0176,0.9202,0.5397,0.836,0.4511,49990.0371,944.4104,0.7864,0.9015,1.0815,7.7511,0.0,0.0,0.0069,0.0812,0.0408,0.1906,0,No Disease
spinach_2_0158.jpg,106.4504,128.1803,67.3895,25.7605,25.6926,20.9924,7.1185,0.7683,0.3157,0.7763,0.7002,61630.9607,911.8831,0.7942,0.9144,1.053,6.8189,0.0251,5.6387,0.1504,0.1571,0.0583,0.3222,2,Anthracnose
spinach_3_0174.jpg,116.7486,144.8422,54.9786,20.6525,22.6299,22.6528,7.6543,0.7508,0.3907,0.7158,0.4812,62605.134,980.6874,0.8468,0.914,1.1099,10.7971,0.013,3.4756,0.1363,0.1021,0.0712,0.2143,3,White Rust
spinach_1_0094.jpg,96.4439,136.1974,83.5754,30.1122,18.227,22.1273,3.3228,0.8386,0.3535,0.7652,0.5242,48267.7597,1048.6151,0.7962,0.896,1.0084,2.5132,0.01,5.0015,0.239,0.1076,0.1193,0.2526,1,Downy Mildew
spinach_2_0083.jpg,106.2851,113.6539,58.3143,28.2817,26.6631,22.7615,6.24,0.6181,0.4665,0.5527,0.6694,47655.5026,921.8791,0.7127,0.8875,1.0718,18.2803,0.0297,3.9697,0.2056,0.1954,0.08,0.3437,2,Anthracnose
spinach_5_0037.jpg,111.2213,111.9129,43.4221,27.735,19.0331,19.5615,8.8683,0.5152,0.3347,0.7881,0.5798,45607.8491,1073.2406,0.8327,0.9234,1.1296,12.6468,0.0341,8.8296,0.1258,0.1486,0.0889,0.3057,5,Spinach Blight (Cucumber Mosaic Virus)
spinach_0_0035.jpg,122.9756,148.8363,72.0916,21.2439,17.2211,14.1883,0.1599,0.8879,0.5203,0.7925,0.4711,53956.3233,741.3292,0.7626,0.9549,1.2047,6.1033,0.0063,0.0,0.0458,0.0938,0.0495,0.303,0,No Disease
spinach_3_0100.jpg,124.5864,147.4886,73.3062,18.6802,24.7499,24.0228,4.7657,0.7503,0.3343,0.8279,0.5709,46889.0804,872.416,0.7893,0.906,1.1102,1.0003,0.0278,4.0286,0.115,0.0216,0.0957,0.3246,3,White Rust
spinach_0_0154.jpg,111.5682,130.999,72.3227,18.4387,9.072,11.3182,4.666,0.9308,0.4741,0.7722,0.4088,59805.9327,901.3242,0.8484,0.9388,1.1577,0.0,0.0135,0.5971,0.1432,0.0474,0.0444,0.2282,0,No Disease
spinach_4_0171.jpg,112.406,137.7729,61.0665,44.1028,32.0134,19.6024,11.747,0.7179,0.3704,0.7053,0.6411,41478.1194,885.825,0.8727,0.8999,1.2067,23.2849,0.0342,9.6308,0.3461,0.1868,0.1247,0.4012,4,Cladosporium Leaf Spot
spinach_2_0155.jpg,96.7607,130.7744,55.7776,23.9246,33.2635,20.9835,7.5688,0.7473,0.4179,0.5462,0.7595,49496.9312,847.0971,0.7935,0.8597,1.0954,8.5424,0.0247,6.3813,0.2837,0.1272,0.1463,0.4257,2,Anthracnose
spinach_0_0175.jpg,107.7332,163.6271,83.4383,18.4624,15.4099,16.8788,0.5754,0.9933,0.6089,0.898,0.4887,60614.1494,937.0955,0.7632,0.9677,1.1974,0.7161,0.006,1.5517,0.1181,0.0257,0.0014,0.129,0,No Disease
spinach_0_0027.jpg,107.4166,119.4754,76.1233,17.1123,23.3722,12.4896,0.9178,0.9433,0.641,0.9114,0.2514,54690.1722,816.5692,0.7841,0.8944,1.1557,0.0,0.0,2.4849,0.1121,0.0554,0.0763,0.1647,0,No Disease
spinach_5_0034.jpg,107.4364,109.4665,50.9721,34.1247,28.0836,16.4675,5.7789,0.6466,0.4542,0.704,0.6427,48554.0279,721.9865,0.8943,0.9166,1.0302,12.7674,0.0318,5.5003,0.2878,0.2667,0.0868,0.2934,5,Spinach Blight (Cucumber Mosaic Virus)
spinach_0_0150.jpg,110.251,159.6485,78.3401,11.9747,24.0174,13.6364,2.1822,0.7977,0.6221,0.8344,0.43,50579.505,1112.5013,0.8889,0.9312,1.1251,0.5062,0.0148,0.6079,0.0789,0.1191,0.0265,0.197,0,No Disease
spinach_5_0163.jpg,92.9098,113.3404,66.6728,25.4505,23.406,22.8665,4.6642,0.6617,0.4427,0.7283,0.6023,44984.6534,768.6789,0.8021,0.9506,1.1353,6.6685,0.0297,4.034,0.2098,0.1264,0.1406,0.2493,5,Spinach Blight (Cucumber Mosaic Virus)
spinach_0_0160.jpg,124.1543,129.0237,72.0345,20.0744,19.0122,13.2821,2.5351,0.8865,0.4534,0.8807,0.3099,43328.0712,933.6873,0.7993,0.9432,1.1654,0.0,0.0,4.7523,0.0476,0.1044,0.0228,0.2064,0,No Disease
spinach_2_0045.jpg,94.1721,98.0114,49.0385,31.7476,26.9837,27.1959,5.436,0.726,0.3709,0.634,0.7285,49669.9407,817.0881,0.8025,0.8968,1.0677,12.3496,0.0166,6.2346,0.1899,0.1192,0.104,0.4087,2,Anthracnose
spinach_4_0116.jpg,128.0806,131.4143,63.1539,34.979,29.4932,20.5798,6.6606,0.5814,0.4521,0.7354,0.652,50766.9556,849.7393,0.7807,0.8766,1.1825,17.9244,0.0357,7.9037,0.2186,0.1943,0.1566,0.5078,4,Cladosporium Leaf Spot
spinach_3_0178.jpg,125.4837,138.6405,54.0585,21.8997,27.2491,20.6791,4.9833,0.7882,0.3445,0.7732,0.6908,56933.5381,892.4801,0.8738,0.8885,1.0323,15.4545,0.0216,3.48,0.1672,0.0877,0.0769,0.2958,3,White Rust
spinach_0_0034.jpg,109.4255,152.7463,77.083,23.7001,20.1845,16.3632,0.01,0.9067,0.5355,0.7904,0.5882,60644.9767,1055.9221,0.7853,0.9638,1.121,2.8112,0.0,1.9146,0.103,0.0279,0.0387,0.1936,0,No Disease
spinach_2_0123.jpg,104.522,107.9917,67.7682,27.7138,24.9472,21.5074,6.8895,0.5541,0.3369,0.7161,0.7123,55789.9653,1063.9392,0.8907,0.9229,1.0681,11.5077,0.0271,7.154,0.2711,0.1849,0.107,0.4129,2,Anthracnose
spinach_4_0172.jpg,91.8809,124.0848,66.7635,32.7226,30.7234,24.8261,4.8051,0.763,0.3106,0.6168,0.8958,55393.5023,917.3066,0.8362,0.8611,1.0635,23.1791,0.0286,5.703,0.2739,0.1941,0.1462,0.2797,4,Cladosporium Leaf Spot
spinach_5_0172.jpg,95.0412,117.42,63.4394,35.5465,21.6819,20.1908,5.3785,0.8568,0.3848,0.6916,0.4409,44943.1401,922.7885,0.8414,0.8837,1.0423,19.4395,0.0456,7.4696,0.288,0.2209,0.1454,0.3158,5,Spinach Blight (Cucumber Mosaic Virus)
spinach_2_0099.jpg,112.348,131.7233,50.8776,29.204,24.9848,20.2649,7.4159,0.5764,0.3711,0.7361,0.6685,44998.979,983.0185,0.8438,0.874,0.9765,10.1923,0.0314,6.596,0.2695,0.147,0.0869,0.4235,2,Anthracnose
spinach_3_0078.jpg,136.5616,146.8298,67.2806,28.3895,26.1149,20.233,5.4845,0.8175,0.499,0.7255,0.4822,50057.0267,834.3336,0.6916,0.9369,1.1377,2.6425,0.0151,3.6683,0.1791,0.0767,0.0362,0.3216,3,White Rust
spinach_0_0067.jpg,101.8483,117.7202,61.8559,6.2516,15.8294,14.2465,1.2784,0.9863,0.6759,0.8681,0.2065,55086.4079,975.536,0.7886,0.9545,1.0268,10.035,0.0,2.5486,0.0156,0.0428,0.0779,0.1791,0,No Disease
spinach_0_0114.jpg,115.3829,133.0184,83.2905,19.5608,18.0235,19.7158,0.4743,0.8206,0.5643,0.9379,0.2869,43659.827,1002.3721,0.7338,0.9202,0.9715,0.0,0.0059,2.8747,0.0614,0.1463,0.0229,0.1454,0,No Disease
spinach_0_0163.jpg,107.2846,145.9561,74.2567,21.235,13.3212,17.8054,6.837,0.87,0.5857,0.8488,0.3712,59722.2474,852.7029,0.7416,0.8903,1.0594,0.0,0.0111,6.2395,0.0817,0.0133,0.0625,0.1418,0,No Disease
spinach_0_0176.jpg,95.3526,131.9179,77.0777,19.1554,17.982,10.1028,1.2152,0.947,0.6276,0.8293,0.4362,62994.2393,918.2402,0.7284,0.9257,1.1274,1.3953,0.0057,0.0,0.0519,0.074,0.0359,0.1547,0,No Disease
spinach_1_0143.jpg,99.0901,123.5919,40.849,28.2046,28.0489,17.3534,4.6998,0.8139,0.29,0.6675,0.5872,47238.3258,870.6133,0.7142,0.9154,1.0881,12.1968,0.0216,5.172,0.1177,0.1497,0.0717,0.2967,1,Downy Mildew
spinach_1_0094.jpg,96.4439,136.1974,83.5754,30.1122,18.227,22.1273,3.3228,0.8386,0.3535,0.7652,0.5242,48267.7597,1048.6151,0.7962,0.896,1.0084,2.5132,0.01,5.0015,0.239,0.1076,0.1193,0.2526,1,Downy Mildew
spinach_5_0158.jpg,113.1175,111.715,57.5833,27.687,21.8074,22.2766,5.9296,0.6689,0.4373,0.8405,0.6828,56218.3279,1027.8825,0.7748,0.9069,1.056,6.0713,0.0268,3.5061,0.2342,0.0878,0.0943,0.2143,5,Spinach Blight (Cucumber Mosaic Virus)
spinach_0_0151.jpg,89.1869,146.7461,87.5269,23.6061,24.309,11.6156,2.4018,0.8245,0.5618,0.9341,0.4302,44936.7949,788.4971,0.6871,0.9423,1.2851,7.4498,0.0,3.7579,0.1468,0.0182,0.0324,0.2876,0,No Disease
spinach_4_0113.jpg,103.9689,137.4372,58.9019,41.0269,30.3269,27.0272,7.4175,0.7426,0.3887,0.761,0.7778,50264.8067,949.513,0.8766,0.9154,1.0811,10.5711,0.0405,4.9103,0.2718,0.1854,0.0946,0.4198,4,Cladosporium Leaf Spot
spinach_3_0173.jpg,131.3207,139.9379,60.4376,31.7281,25.6625,19.7032,4.004,0.7991,0.5128,0.6684,0.5876,54762.7735,669.7551,0.7918,0.9374,1.1565,11.2098,0.0144,2.1282,0.08,0.1637,0.0876,0.3735,3,White Rust
spinach_4_0095.jpg,122.8282,116.0387,59.1463,35.0971,25.1321,22.7038,8.5287,0.7371,0.4047,0.7353,0.7663,57975.3901,715.8818,0.9113,0.9438,1.1065,21.3291,0.0337,7.1228,0.2395,0.188,0.1439,0.4236,4,Cladosporium Leaf Spot
spinach_0_0135.jpg,107.2946,133.2535,68.2334,23.6966,11.1913,11.3785,2.2619,0.9776,0.6791,0.8334,0.5137,48079.2885,1102.6209,0.702,0.9632,1.0675,10.053,0.0107,0.0,0.0739,0.1112,0.0663,0.1943,0,No Disease
spinach_0_0177.jpg,103.2299,139.6712,79.1153,19.5039,18.9955,12.8336,2.9726,0.9301,0.6493,0.9299,0.4789,51507.913,944.4939,0.8338,0.9137,1.0697,2.7257,0.0093,0.0,0.0963,0.0762,0.0,0.1824,0,No Disease
spinach_1_0006.jpg,127.8107,110.8884,71.9406,34.5557,22.1527,22.1673,7.4024,0.7027,0.4994,0.713,0.5622,47003.3177,934.2647,0.8595,0.9054,0.9983,5.6692,0.0232,8.1194,0.2097,0.1145,0.0992,0.2908,1,Downy Mildew
spinach_3_0067.jpg,138.5129,134.6184,70.103,28.8728,16.2543,15.4921,2.5912,0.7614,0.4333,0.6795,0.5649,51021.9054,1023.224,0.9008,0.9314,1.0543,10.5869,0.0171,3.5678,0.1269,0.1014,0.0656,0.3443,3,White Rust
spinach_1_0068.jpg,136.9538,125.8229,55.9991,22.0316,15.3304,27.1305,7.8308,0.7881,0.3583,0.8868,0.5748,49654.8708,1043.7259,0.8295,0.965,1.1199,8.4119,0.0151,1.4754,0.1761,0.1758,0.095,0.3116,1,Downy Mildew
spinach_5_0101.jpg,105.6763,120.151,54.3042,37.3891,28.4163,19.1836,4.5358,0.789,0.4169,0.7638,0.6527,44486.2816,920.8618,0.7981,0.8995,1.2802,15.4763,0.0314,10.2969,0.2292,0.1548,0.073,0.3038,5,Spinach Blight (Cucumber Mosaic Virus)
spinach_1_0122.jpg,128.4583,129.668,55.1648,20.2566,22.85,17.9719,5.8489,0.6279,0.495,0.7681,0.629,58205.3839,856.2205,0.7465,0.8963,1.0846,9.6361,0.0134,1.1584,0.162,0.1444,0.0834,0.406,1,Downy Mildew
spinach_3_0018.jpg,131.4912,129.7193,67.6367,27.0092,23.9547,21.0166,3.6887,0.7259,0.3693,0.6707,0.5385,55581.2981,766.9718,0.7964,0.9396,0.9631,6.9177,0.0302,4.9935,0.0765,0.1463,0.0513,0.3353,3,White Rust
spinach_0_0116.jpg,103.4358,157.0439,67.8909,21.456,28.9634,10.7705,0.01,1.0,0.5139,0.8786,0.3614,53340.8139,824.9464,0.7592,0.9412,1.0393,0.0,0.0032,0.0,0.0789,0.0848,0.03,0.1783,0,No Disease
spinach_1_0162.jpg,110.4695,140.0988,70.9602,29.8834,25.9773,15.0106,6.5041,0.7904,0.5296,0.9083,0.4407,49057.6159,825.7733,0.8004,0.9103,1.0813,14.1104,0.0112,2.926,0.1388,0.1156,0.0493,0.3061,1,Downy Mildew
spinach_0_0009.jpg,109.2876,155.8933,73.4659,13.8777,10.1592,21.6037,4.9302,0.8856,0.5493,0.9823,0.3093,47526.3649,984.3327,0.7463,0.9299,1.1069,3.3503,0.0173,1.3631,0.1322,0.0,0.0388,0.1325,0,No Disease
spinach_0_0170.jpg,100.8639,136.1169,66.1931,13.9225,9.9324,5.641,0.2042,0.9502,0.4521,0.7842,0.5991,48817.5198,952.1046,0.8085,0.9466,0.9982,1.0758,0.0,5.6034,0.0203,0.0381,0.014,0.0803,0,No Disease
spinach_3_0107.jpg,127.2262,134.2612,65.4967,24.4538,22.1522,19.7746,3.85,0.8312,0.5262,0.9049,0.4896,54832.1936,714.0863,0.8297,0.8836,1.0313,9.3289,0.012,2.635,0.1458,0.1492,0.0467,0.2757,3,White Rust
spinach_3_0180.jpg,114.5397,119.0871,55.269,20.1367,28.1675,18.7517,4.8533,0.6936,0.5107,0.9113,0.4612,60123.7419,941.4424,0.781,0.93,1.1412,15.4284,0.0212,4.974,0.1489,0.1536,0.0461,0.2887,3,White Rust
spinach_0_0027.jpg,107.4166,119.4754,76.1233,17.1123,23.3722,12.4896,0.9178,0.9433,0.641,0.9114,0.2514,54690.1722,816.5692,0.7841,0.8944,1.1557,0.0,0.0,2.4849,0.1121,0.0554,0.0763,0.1647,0,No Disease
spinach_0_0128.jpg,107.2429,124.9975,66.8444,16.6188,21.4928,18.2029,2.4706,0.792,0.5551,0.8278,0.507,57890.9243,1025.6386,0.7247,0.8615,0.9786,7.6865,0.0028,0.0,0.1821,0.1306,0.0406,0.1765,0,No Disease
spinach_2_0078.jpg,109.0905,103.0113,57.9136,35.0183,27.0998,19.6791,4.8792,0.6152,0.4114,0.7241,0.6099,38946.2029,922.0013,0.7461,0.9172,1.0195,10.0484,0.0282,10.3439,0.2675,0.1654,0.119,0.2099,2,Anthracnose
spinach_0_0117.jpg,104.801,131.7868,77.5285,27.1799,14.6781,16.9408,1.5927,0.9292,0.7053,0.9156,0.2427,54269.9782,1043.2864,0.7567,0.9549,1.0648,0.0,0.0071,0.0,0.088,0.1315,0.0,0.0976,0,No Disease
spinach_0_0019.jpg,102.1512,141.1757,80.7137,26.6384,16.6543,20.4143,2.1566,0.833,0.5324,0.7764,0.3312,50209.9166,1000.3585,0.8732,0.8954,1.1514,0.0,0.0098,0.964,0.0085,0.1171,0.0249,0.1573,0,No Disease
spinach_0_0007.jpg,124.9673,171.0525,75.3153,15.0523,6.3398,16.0708,0.618,0.8668,0.531,0.8701,0.5266,52785.2428,904.1365,0.7079,0.8881,1.0811,1.7849,0.0201,1.4345,0.1491,0.06,0.0104,0.1228,0,No Disease
spinach_0_0112.jpg,84.1497,143.2794,68.9597,9.504,21.1978,20.74,4.5332,0.9287,0.5837,0.973,0.5882,57667.8435,825.8462,0.7821,0.941,0.9752,3.8774,0.0242,2.3519,0.1737,0.0873,0.0382,0.2305,0,No Disease
spinach_3_0164.jpg,126.2748,134.6252,74.131,26.1008,17.5815,21.288,5.403,0.8109,0.5429,0.7369,0.6168,42875.9138,893.0015,0.7635,0.9562,1.0975,10.432,0.0029,3.3668,0.1277,0.219,0.0533,0.2859,3,White Rust
spinach_2_0131.jpg,117.7367,125.8651,52.5811,27.1823,26.3948,28.7748,9.8795,0.7435,0.4065,0.7935,0.6644,48045.2923,867.0978,0.7413,0.8956,0.9906,18.1,0.0313,8.6732,0.1485,0.2361,0.0707,0.2541,2,Anthracnose
spinach_5_0159.jpg,107.7386,107.6728,61.0817,34.6325,24.3921,22.4434,6.0624,0.7506,0.4834,0.7885,0.6033,55545.2348,778.3649,0.7655,0.8968,1.1737,7.3194,0.0311,5.3015,0.1883,0.1939,0.0699,0.5229,5,Spinach Blight (Cucumber Mosaic Virus)
spinach_0_0128.jpg,107.2429,124.9975,66.8444,16.6188,21.4928,18.2029,2.4706,0.792,0.5551,0.8278,0.507,57890.9243,1025.6386,0.7247,0.8615,0.9786,7.6865,0.0028,0.0,0.1821,0.1306,0.0406,0.1765,0,No Disease
spinach_1_0053.jpg,125.9572,139.8161,65.5197,32.6571,24.9404,21.8019,5.7061,0.5785,0.4236,0.7132,0.4914,58170.0914,950.4208,0.7882,0.8959,1.1237,13.9657,0.0134,4.7913,0.2334,0.0526,0.0786,0.2757,1,Downy Mildew
spinach_3_0026.jpg,134.8435,129.2931,65.3446,23.9861,24.7314,23.1697,5.0126,0.8401,0.4149,0.842,0.6516,54887.4817,918.417,0.8228,0.8976,1.1259,9.202,0.0064,4.8543,0.1076,0.1029,0.071,0.2215,3,White Rust
spinach_4_0082.jpg,115.2052,107.5776,67.407,28.1366,19.3974,27.0791,6.6417,0.6557,0.275,0.7095,0.7783,37553.9571,928.2013,0.7726,0.9254,1.1016,21.0246,0.0283,6.0779,0.2687,0.1756,0.1635,0.3777,4,Cladosporium Leaf Spot
spinach_2_0131.jpg,117.7367,125.8651,52.5811,27.1823,26.3948,28.7748,9.8795,0.7435,0.4065,0.7935,0.6644,48045.2923,867.0978,0.7413,0.8956,0.9906,18.1,0.0313,8.6732,0.1485,0.2361,0.0707,0.2541,2,Anthracnose
spinach_5_0175.jpg,92.5684,101.344,62.38,37.7042,23.1156,23.7212,8.2207,0.7723,0.4814,0.8293,0.6808,47214.7555,884.7219,0.7897,0.963,1.0474,13.9326,0.012,5.6391,0.1956,0.177,0.1075,0.4534,5,Spinach Blight (Cucumber Mosaic Virus)
spinach_4_0078.jpg,105.9204,130.6245,74.7844,27.5693,29.1963,29.3606,8.3961,0.4902,0.3755,0.5915,0.6329,41861.26,1009.0407,0.7399,0.8983,1.1163,18.6473,0.0364,8.1859,0.2769,0.1596,0.1088,0.3816,4,Cladosporium Leaf Spot
spinach_1_0139.jpg,113.1677,129.8264,53.278,26.1509,19.315,19.8904,1.1481,0.6498,0.5471,0.8181,0.7419,57938.6063,967.2987,0.7628,0.8841,1.1917,10.2583,0.04,4.1428,0.2886,0.1237,0.1134,0.4457,1,Downy Mildew
spinach_1_0141.jpg,112.3627,125.5298,59.2994,33.1774,23.7954,21.3164,4.7509,0.777,0.5379,0.8054,0.6787,54031.151,761.9757,0.7374,0.9049,1.0419,5.7419,0.005,2.3762,0.1772,0.1272,0.0602,0.3163,1,Downy Mildew
spinach_5_0069.jpg,114.9754,107.5274,77.5021,20.7203,20.016,21.4131,5.7697,0.6566,0.4107,0.693,0.6141,50892.1254,803.2463,0.8036,0.8839,0.9936,15.0548,0.0377,7.3162,0.2266,0.1243,0.0828,0.4246,5,Spinach Blight (Cucumber Mosaic Virus)
spinach_2_0125.jpg,106.8195,101.4974,55.2182,38.3247,20.107,21.8696,10.6249,0.7127,0.3506,0.689,0.7329,58478.8597,826.9146,0.7545,0.8655,1.0882,8.3773,0.0233,4.4644,0.2837,0.1397,0.1199,0.2217,2,Anthracnose
spinach_2_0161.jpg,105.0361,100.8387,68.4432,28.2498,23.0432,24.3452,8.1045,0.7307,0.3816,0.7111,0.7132,51681.9813,922.4885,0.8657,0.9014,1.0147,13.4228,0.033,2.8842,0.141,0.1967,0.148,0.2488,2,Anthracnose
spinach_4_0026.jpg,116.1692,99.3091,72.9686,42.8043,29.8518,27.6619,10.0378,0.524,0.4143,0.6301,0.9891,49558.7022,980.8182,0.7793,0.9449,1.029,22.6604,0.039,8.2278,0.2815,0.1633,0.0653,0.476,4,Cladosporium Leaf Spot
spinach_0_0107.jpg,114.9554,137.5729,72.5609,22.8559,12.1419,17.9588,3.3929,1.0,0.5499,0.8479,0.4969,56095.5208,866.4913,0.7458,0.9435,1.0538,0.3579,0.0067,2.9927,0.0698,0.0063,0.0,0.0992,0,No Disease
spinach_0_0072.jpg,104.8296,142.1138,80.6761,11.1739,21.8691,15.0331,1.6536,0.7823,0.6202,0.711,0.4848,44539.4708,925.3458,0.7628,0.9592,1.1057,0.0,0.0019,3.4912,0.1268,0.0646,0.0341,0.0746,0,No Disease
spinach_1_0065.jpg,111.1692,145.9594,69.1679,25.0461,23.4639,20.5891,5.5537,0.7778,0.6328,0.7733,0.6763,42567.6165,851.51,0.8637,0.9201,0.7489,12.6961,0.0353,1.2074,0.266,0.0191,0.1034,0.3093,1,Downy Mildew
spinach_4_0079.jpg,114.7384,125.7225,69.8132,33.7195,24.9456,16.2754,6.8928,0.5224,0.2816,0.677,0.7684,59790.8881,938.3082,0.9046,0.9079,1.1569,16.5644,0.0254,6.6919,0.2694,0.1649,0.105,0.4233,4,Cladosporium Leaf Spot
spinach_5_0021.jpg,111.63,81.781,77.9077,30.652,32.6733,17.3015,3.4185,0.8529,0.3259,0.7082,0.7027,53364.4333,977.8416,0.8234,0.8736,1.1465,14.8902,0.0095,7.9536,0.0856,0.1914,0.0741,0.3964,5,Spinach Blight (Cucumber Mosaic Virus)
spinach_3_0012.jpg,128.6425,130.9193,62.3786,30.1278,13.6208,15.4285,4.3796,0.8781,0.43,0.8091,0.5528,57981.2921,746.5277,0.8242,0.915,1.184,4.7229,0.0172,3.8155,0.1199,0.0688,0.0555,0.2904,3,White Rust
spinach_4_0170.jpg,111.3865,132.5383,49.4533,29.8632,19.7816,20.8814,8.7392,0.6569,0.3149,0.7387,0.8954,50153.8633,915.0433,0.7628,0.9057,0.9745,25.1833,0.0431,5.3419,0.2305,0.2068,0.1215,0.4336,4,Cladosporium Leaf Spot
spinach_3_0036.jpg,117.6963,115.7805,75.059,18.6072,21.0211,20.8245,5.4553,0.8379,0.5065,0.8185,0.4709,52971.2178,754.445,0.8737,0.8849,1.0823,2.7245,0.0112,4.0242,0.1436,0.1658,0.0757,0.243,3,White Rust
spinach_3_0125.jpg,142.8356,123.2301,72.2011,30.7896,10.1723,21.6409,5.8258,0.7486,0.4083,0.7387,0.5171,49989.5198,855.9223,0.7593,0.9498,1.0128,1.0038,0.0267,3.6544,0.1506,0.1156,0.0752,0.2381,3,White Rust
spinach_0_0003.jpg,113.7143,141.4596,77.4313,20.3379,18.4456,17.5252,0.01,0.8744,0.5424,0.8353,0.3925,59474.7066,833.4169,0.8281,0.8879,1.0932,2.651,0.0107,2.4802,0.1397,0.0661,0.0284,0.2686,0,No Disease
spinach_3_0123.jpg,115.3561,138.8552,80.8332,25.853,14.7324,16.6128,4.3148,0.7418,0.4722,0.8019,0.7231,51481.4017,789.7806,0.8492,0.9516,1.1286,7.0144,0.022,3.6201,0.0672,0.1425,0.0923,0.3953,3,White Rust
spinach_0_0050.jpg,104.0155,136.3171,55.2204,15.529,15.6846,12.2566,4.3489,0.8868,0.6831,0.8843,0.4237,51556.0178,920.3796,0.8731,0.872,0.9599,0.0,0.0061,2.4422,0.1237,0.0646,0.0655,0.2824,0,No Disease
spinach_0_0176.jpg,95.3526,131.9179,77.0777,19.1554,17.982,10.1028,1.2152,0.947,0.6276,0.8293,0.4362,62994.2393,918.2402,0.7284,0.9257,1.1274,1.3953,0.0057,0.0,0.0519,0.074,0.0359,0.1547,0,No Disease
spinach_3_0107.jpg,127.2262,134.2612,65.4967,24.4538,22.1522,19.7746,3.85,0.8312,0.5262,0.9049,0.4896,54832.1936,714.0863,0.8297,0.8836,1.0313,9.3289,0.012,2.635,0.1458,0.1492,0.0467,0.2757,3,White Rust
spinach_5_0057.jpg,101.8845,117.7001,52.7385,27.4398,30.3405,21.5837,5.8803,0.8625,0.3144,0.8163,0.7521,48374.1677,866.7109,0.8078,0.9045,1.0424,10.2874,0.0212,4.8181,0.1945,0.0604,0.0924,0.2978,5,Spinach Blight (Cucumber Mosaic Virus)
spinach_3_0170.jpg,136.8125,140.5068,75.1186,22.8533,16.9014,15.7937,5.2512,0.9148,0.493,0.7538,0.5311,51343.4983,1107.6643,0.854,0.9265,1.1188,9.1974,0.021,3.2562,0.1278,0.1613,0.0705,0.3559,3,White Rust
spinach_3_0129.jpg,116.2283,142.9566,61.6569,27.8794,20.0443,19.0338,6.1942,0.8298,0.4468,0.747,0.7099,54446.6541,865.8858,0.7408,0.9456,1.1192,7.3458,0.0179,4.608,0.1672,0.1681,0.1015,0.3226,3,White Rust
spinach_3_0054.jpg,117.1117,128.5044,68.4751,24.13,19.5525,18.5437,3.4501,0.7556,0.5491,0.6741,0.5846,58400.4635,886.6813,0.7483,0.9431,1.0313,7.9092,0.0087,0.6338,0.1624,0.0695,0.0697,0.3692,3,White Rust
spinach_3_0041.jpg,119.1082,133.6174,70.0606,17.5734,15.7057,20.0052,6.8379,0.768,0.3967,0.6296,0.6453,47820.3418,790.2563,0.6771,0.884,1.0331,7.0446,0.0073,4.3343,0.1577,0.2089,0.0274,0.2929,3,White Rust
spinach_5_0005.jpg,103.7554,105.5591,56.9509,21.0073,21.848,25.0368,5.674,0.6333,0.3321,0.7755,0.6419,46363.9779,839.1612,0.9424,0.9305,1.2075,4.9916,0.0228,4.2394,0.2372,0.1924,0.0982,0.2702,5,Spinach Blight (Cucumber Mosaic Virus)
spinach_5_0114.jpg,119.4232,101.8666,54.4731,30.6286,27.2121,17.1925,6.3718,0.7578,0.3016,0.6604,0.5856,48438.6988,939.3972,0.7904,0.9014,1.2697,8.1748,0.0188,6.6206,0.2594,0.1666,0.1352,0.3654,5,Spinach Blight (Cucumber Mosaic Virus)
spinach_4_0110.jpg,124.7584,107.1223,57.4612,34.03,25.8677,21.7652,7.625,0.7173,0.4345,0.6085,0.8061,50467.9412,789.1765,0.7722,0.8584,1.163,24.2099,0.0307,6.3317,0.3227,0.2386,0.1021,0.3782,4,Cladosporium Leaf Spot
spinach_5_0121.jpg,120.5136,110.3468,54.3441,41.2883,27.9684,25.1953,9.2587,0.7592,0.478,0.7338,0.7234,49329.2109,867.979,0.8172,0.8901,1.1304,14.0074,0.0306,6.5513,0.31,0.1921,0.0848,0.3762,5,Spinach Blight (Cucumber Mosaic Virus)
spinach_1_0046.jpg,116.1125,153.2719,74.1482,18.296,20.6702,18.3238,5.3643,0.7352,0.6697,0.6846,0.6329,54082.5387,899.8428,0.7966,0.8839,1.1085,12.0456,0.0226,5.8264,0.2606,0.1675,0.0818,0.2163,1,Downy Mildew
spinach_5_0089.jpg,113.7984,114.2942,68.0744,23.915,31.1153,27.0541,3.2204,0.851,0.3439,0.7716,0.6578,49198.1208,849.3482,0.7504,0.9131,1.0671,6.7623,0.0157,3.0736,0.1838,0.1694,0.0722,0.418,5,Spinach Blight (Cucumber Mosaic Virus)
spinach_2_0129.jpg,132.6751,119.4361,61.6353,28.9745,29.3289,16.9432,5.5704,0.6884,0.1983,0.6788,0.6536,48486.5488,824.8918,0.7402,0.8544,1.0916,12.7995,0.016,6.2126,0.2153,0.1416,0.0561,0.4046,2,Anthracnose
spinach_2_0067.jpg,116.8186,102.2985,57.914,23.2947,28.9343,15.4869,7.5921,0.5625,0.3493,0.7626,0.7127,41771.6989,812.7606,0.7099,0.8576,1.0894,16.2412,0.0305,7.1847,0.2294,0.1491,0.0832,0.3148,2,Anthracnose
spinach_4_0152.jpg,112.3403,142.1354,60.4626,33.4171,34.6347,20.0714,6.7725,0.6121,0.4444,0.7384,0.842,50304.2003,1012.957,0.7868,0.9069,1.151,25.1873,0.0343,7.0273,0.3398,0.2489,0.1189,0.3096,4,Cladosporium Leaf Spot
spinach_3_0027.jpg,124.8255,136.7321,60.4385,27.8399,18.1792,29.1519,4.6139,0.6763,0.3813,0.8603,0.5091,44681.181,990.3713,0.7551,0.9363,1.1848,9.0979,0.0362,0.8955,0.1291,0.1098,0.1265,0.4238,3,White Rust
spinach_0_0081.jpg,99.1268,139.1208,79.0316,12.5131,10.4485,6.8491,2.0556,0.8105,0.5492,0.9263,0.3558,53156.4101,890.0662,0.8103,0.9419,1.0646,1.3254,0.0143,1.9081,0.0302,0.1062,0.0129,0.313,0,No Disease
spinach_3_0123.jpg,115.3561,138.8552,80.8332,25.853,14.7324,16.6128,4.3148,0.7418,0.4722,0.8019,0.7231,51481.4017,789.7806,0.8492,0.9516,1.1286,7.0144,0.022,3.6201,0.0672,0.1425,0.0923,0.3953,3,White Rust
spinach_3_0005.jpg,115.3515,120.1669,65.3476,29.0588,20.8969,22.1679,4.4921,0.8274,0.3322,0.8923,0.4388,55468.6616,877.7816,0.7731,0.914,1.1304,9.8301,0.0255,6.5343,0.1866,0.1885,0.0723,0.3662,3,White Rust
spinach_2_0006.jpg,107.1412,108.6103,61.9893,24.2814,30.8525,21.0867,8.9705,0.6486,0.4306,0.7126,0.7644,50549.7345,713.6603,0.8605,0.8978,1.1432,16.761,0.0208,4.4534,0.2628,0.1479,0.1334,0.3357,2,Anthracnose
spinach_4_0114.jpg,137.5432,117.5613,67.127,43.7784,33.3131,22.4206,8.6029,0.6685,0.4547,0.745,0.483,46218.9772,882.9973,0.7291,0.7975,1.012,17.9856,0.0298,5.7055,0.2721,0.2037,0.1183,0.4997,4,Cladosporium Leaf Spot
spinach_4_0013.jpg,130.3254,121.9131,76.2136,24.5029,20.9655,28.9523,6.8081,0.7935,0.447,0.7711,0.8484,45892.0819,724.0658,0.8797,0.8525,1.1968,20.6785,0.0334,8.2957,0.2933,0.1819,0.1656,0.5013,4,Cladosporium Leaf Spot
spinach_3_0079.jpg,108.6604,133.4407,64.3914,24.3836,23.2636,26.3943,2.0809,0.8401,0.259,0.8776,0.3457,63681.9732,866.0232,0.8574,0.9471,1.0751,6.561,0.0103,5.4173,0.1488,0.0872,0.0834,0.2082,3,White Rust
spinach_3_0130.jpg,137.7472,136.0935,72.5226,30.0223,27.0952,23.664,5.873,0.9266,0.4168,0.7691,0.5285,49659.6643,706.1228,0.8625,0.8943,1.1236,2.3126,0.022,2.5863,0.1132,0.1278,0.0525,0.2341,3,White Rust
spinach_0_0019.jpg,102.1512,141.1757,80.7137,26.6384,16.6543,20.4143,2.1566,0.833,0.5324,0.7764,0.3312,50209.9166,1000.3585,0.8732,0.8954,1.1514,0.0,0.0098,0.964,0.0085,0.1171,0.0249,0.1573,0,No Disease
spinach_0_0134.jpg,101.8421,151.963,73.5939,32.359,17.8525,13.8397,2.007,0.9205,0.6148,1.0,0.3355,56295.2303,940.7751,0.6757,0.9493,1.2214,0.0,0.0059,0.0,0.0371,0.1219,0.0283,0.1113,0,No Disease
spinach_3_0123.jpg,115.3561,138.8552,80.8332,25.853,14.7324,16.6128,4.3148,0.7418,0.4722,0.8019,0.7231,51481.4017,789.7806,0.8492,0.9516,1.1286,7.0144,0.022,3.6201,0.0672,0.1425,0.0923,0.3953,3,White Rust
spinach_0_0128.jpg,107.2429,124.9975,66.8444,16.6188,21.4928,18.2029,2.4706,0.792,0.5551,0.8278,0.507,57890.9243,1025.6386,0.7247,0.8615,0.9786,7.6865,0.0028,0.0,0.1821,0.1306,0.0406,0.1765,0,No Disease
spinach_1_0067.jpg,118.0738,131.8562,66.031,28.2212,22.6783,22.1448,7.2035,0.7324,0.4554,0.747,0.5453,53614.3983,844.4774,0.8132,0.9107,1.0757,8.6874,0.0159,1.8376,0.2091,0.1393,0.1012,0.2675,1,Downy Mildew
spinach_4_0107.jpg,94.7082,129.9698,74.103,27.6879,36.8983,24.288,8.7349,0.5725,0.4201,0.7184,0.9325,57703.0368,889.085,0.9765,0.9238,1.1132,14.0114,0.0218,4.8989,0.2233,0.2451,0.1422,0.3409,4,Cladosporium Leaf Spot
spinach_5_0171.jpg,106.1724,97.4117,57.2854,32.02,24.4864,26.4478,6.9282,0.7145,0.3864,0.7505,0.7303,52169.2535,827.6991,0.8844,0.9164,1.1208,12.3668,0.028,2.103,0.2221,0.2156,0.0955,0.3467,5,Spinach Blight (Cucumber Mosaic Virus)
spinach_5_0137.jpg,116.3729,129.9809,69.2688,29.1854,26.4742,22.0408,8.3266,0.6402,0.3871,0.7102,0.4774,53794.5745,976.2919,0.7719,0.9258,0.9633,12.0958,0.023,5.5579,0.2141,0.1469,0.0803,0.3313,5,Spinach Blight (Cucumber Mosaic Virus)
spinach_2_0127.jpg,125.2124,113.6253,55.4682,25.637,28.6499,21.8115,6.5341,0.6725,0.4241,0.6605,0.6128,52158.6209,577.4275,0.7638,0.8712,1.1763,12.2363,0.0225,6.0125,0.2002,0.1439,0.1124,0.3162,2,Anthracnose
spinach_5_0101.jpg,105.6763,120.151,54.3042,37.3891,28.4163,19.1836,4.5358,0.789,0.4169,0.7638,0.6527,44486.2816,920.8618,0.7981,0.8995,1.2802,15.4763,0.0314,10.2969,0.2292,0.1548,0.073,0.3038,5,Spinach Blight (Cucumber Mosaic Virus)
spinach_0_0130.jpg,98.1839,161.3454,71.7402,25.1403,16.7335,14.877,1.0072,0.9095,0.6054,0.8251,0.4075,48949.5057,1149.9664,0.7646,0.9686,1.1044,3.0372,0.0,0.3953,0.1105,0.1434,0.0455,0.3107,0,No Disease
spinach_0_0016.jpg,84.3676,132.4979,76.7273,12.092,24.3797,16.4734,3.4392,0.8543,0.6451,0.9548,0.4433,53172.0045,947.0343,0.7182,0.9263,1.1078,3.5336,0.014,0.0,0.0937,0.1393,0.0214,0.1342,0,No Disease
spinach_3_0017.jpg,125.5906,130.0322,63.3784,21.0645,24.3558,19.6105,5.5395,0.7972,0.4259,0.6779,0.3954,66633.258,1052.8173,0.8604,0.9031,1.1108,4.7385,0.0065,2.9402,0.2363,0.1536,0.0457,0.2548,3,White Rust
spinach_3_0163.jpg,105.267,140.2097,64.8801,17.8151,16.7269,16.3024,6.317,0.867,0.5912,0.6688,0.4133,44321.8676,1033.8857,0.805,0.922,1.1284,7.7729,0.008,4.9237,0.1607,0.072,0.0844,0.2459,3,White Rust
spinach_0_0157.jpg,97.0034,132.9829,71.6033,26.7366,26.005,16.7926,1.3598,1.0,0.5458,0.84,0.2425,58980.4578,1016.8246,0.9151,0.8953,1.2367,2.2805,0.0124,0.0,0.1734,0.1115,0.039,0.2516,0,No Disease
spinach_1_0145.jpg,125.6333,112.9472,60.3865,28.6924,31.3479,18.6999,4.4061,0.7358,0.4581,0.7492,0.7149,47004.2808,912.0161,0.8167,0.9,1.1672,10.5958,0.0263,5.1494,0.2088,0.1047,0.0642,0.408,1,Downy Mildew
spinach_2_0075.jpg,101.3034,116.0036,65.6361,34.5715,30.9742,24.2115,8.2308,0.7898,0.414,0.5714,0.6371,53481.8504,817.2904,0.8972,0.8984,1.0868,18.499,0.0255,6.4173,0.275,0.1011,0.1029,0.4163,2,Anthracnose
spinach_3_0034.jpg,113.978,127.3661,62.628,21.4525,28.6386,19.9635,3.9095,0.7786,0.5134,0.7559,0.6402,45144.2661,1022.1304,0.7795,0.9188,1.0546,3.0886,0.0037,2.627,0.1994,0.0815,0.0313,0.2073,3,White Rust
spinach_2_0121.jpg,100.4111,119.4339,65.6625,31.191,24.2908,22.4061,6.9923,0.6974,0.4688,0.719,0.5497,47188.3946,896.6021,0.8674,0.9324,1.222,14.5225,0.0331,3.482,0.2515,0.117,0.1084,0.5924,2,Anthracnose
spinach_0_0106.jpg,118.5676,130.8052,66.9433,23.0812,5.3645,7.5552,1.5228,1.0,0.5451,0.8871,0.5334,62534.4237,862.3152,0.769,0.9756,0.9982,6.1103,0.0,1.3845,0.0879,0.0417,0.0154,0.2221,0,No Disease
spinach_2_0052.jpg,123.5036,130.4043,63.3709,27.8867,29.989,21.6047,9.7715,0.7123,0.401,0.7089,0.864,42831.2483,1063.8288,0.7888,0.8648,1.0198,7.3968,0.0322,4.2311,0.2384,0.2054,0.0932,0.3286,2,Anthracnose
spinach_0_0127.jpg,96.372,147.894,67.5164,12.9675,22.1061,12.8516,1.3049,0.9033,0.6714,0.8814,0.3001,54719.385,871.501,0.8833,0.93,0.9412,3.4295,0.0216,4.0367,0.1915,0.0392,0.0628,0.1422,0,No Disease
spinach_2_0119.jpg,116.3902,121.8037,71.1425,40.1801,25.8326,25.6927,7.1432,0.6294,0.4017,0.747,0.7117,45594.094,833.6439,0.7726,0.8789,1.1051,15.6724,0.0348,4.5563,0.2011,0.2222,0.1059,0.3524,2,Anthracnose
spinach_3_0090.jpg,141.1839,137.8864,82.5638,27.8037,29.127,19.1648,5.3874,0.8675,0.5324,0.8172,0.5172,50706.1175,1018.7662,0.8608,0.9052,1.0505,4.3835,0.0236,2.3269,0.2109,0.1418,0.0564,0.4051,3,White Rust
spinach_3_0009.jpg,120.621,137.9614,69.2079,18.2669,16.8434,20.6892,4.969,0.7133,0.3964,0.7737,0.6386,51117.5711,1067.2731,0.7383,0.9248,1.0817,10.3518,0.0107,7.4693,0.0855,0.1886,0.0722,0.3242,3,White Rust
spinach_0_0171.jpg,118.5259,165.6469,68.194,13.3979,5.8154,14.0236,1.4622,0.8479,0.5977,0.9077,0.4523,50419.3756,809.8378,0.8099,0.9303,1.1911,5.1603,0.0,0.0,0.0622,0.0377,0.0589,0.2281,0,No Disease
spinach_0_0101.jpg,100.0978,129.2098,49.8986,17.8265,18.8468,13.0271,5.2901,0.9011,0.6833,0.8983,0.5026,53396.2078,1056.8785,0.7734,0.9424,1.1493,0.8469,0.0092,5.2219,0.0865,0.0968,0.0714,0.2912,0,No Disease
spinach_0_0161.jpg,98.6675,145.177,73.0942,17.7586,11.7491,16.0711,0.01,0.9342,0.7901,0.9745,0.4918,51571.9635,726.1247,0.6907,0.9621,1.0568,0.0,0.0047,0.0,0.0387,0.078,0.0177,0.1407,0,No Disease
spinach_3_0154.jpg,119.6758,140.6908,75.1758,30.9758,28.5594,18.912,4.7907,0.5716,0.4443,0.8564,0.6397,51067.5644,1074.9139,0.757,0.9021,1.0725,3.5101,0.022,4.5193,0.2005,0.1034,0.0685,0.1057,3,White Rust
spinach_4_0042.jpg,121.0409,99.8125,61.2485,29.4265,29.1005,20.7481,9.4856,0.7088,0.4336,0.6332,0.6541,52258.4071,1065.6074,0.7942,0.9013,1.0512,15.9861,0.0393,7.3091,0.2902,0.2103,0.1387,0.4346,4,Cladosporium Leaf Spot
spinach_3_0036.jpg,117.6963,115.7805,75.059,18.6072,21.0211,20.8245,5.4553,0.8379,0.5065,0.8185,0.4709,52971.2178,754.445,0.8737,0.8849,1.0823,2.7245,0.0112,4.0242,0.1436,0.1658,0.0757,0.243,3,White Rust
spinach_2_0112.jpg,106.7324,89.2552,56.1333,27.4601,30.9501,24.6919,5.797,0.6433,0.3612,0.804,0.6078,46401.1967,767.1416,0.7111,0.9077,1.0962,19.131,0.0353,10.4148,0.2263,0.1496,0.0775,0.4057,2,Anthracnose
spinach_0_0077.jpg,100.0825,148.8214,65.8039,16.9053,13.7181,12.7374,3.8686,0.9503,0.7168,1.0,0.3169,52352.0956,802.38,0.7233,0.9142,1.0354,0.0,0.0048,0.0,0.1421,0.0433,0.1102,0.1639,0,No Disease
spinach_1_0034.jpg,113.5432,107.0953,63.5647,27.1289,24.9146,29.425,7.609,0.8028,0.353,0.7241,0.6005,47122.9644,950.0465,0.8114,0.8828,1.1957,10.4092,0.0062,4.7076,0.2041,0.1689,0.0716,0.3762,1,Downy Mildew
spinach_2_0069.jpg,104.041,124.2184,68.5315,29.0604,21.8834,22.9332,7.5928,0.6548,0.3349,0.7394,0.7398,48268.5518,714.5934,0.8274,0.8808,1.0971,14.6046,0.0119,6.2459,0.2557,0.1855,0.1129,0.1918,2,Anthracnose
spinach_5_0026.jpg,98.6348,100.2915,68.9707,33.0285,15.1259,18.9031,7.0007,0.5973,0.4626,0.8035,0.6338,45630.442,638.9432,0.8588,0.9501,1.2337,11.2201,0.0153,6.9077,0.2037,0.1691,0.0976,0.3474,5,Spinach Blight (Cucumber Mosaic Virus)
spinach_4_0017.jpg,114.5467,127.2067,56.2929,32.7287,29.0407,26.301,8.7951,0.6622,0.3476,0.7698,0.8023,63529.9314,894.9851,0.8475,0.8718,1.1821,15.1829,0.0376,7.024,0.2926,0.1806,0.1103,0.3683,4,Cladosporium Leaf Spot
spinach_1_0099.jpg,137.1433,127.2145,72.344,20.6646,18.86,23.8866,7.3423,0.6634,0.4319,0.6633,0.5919,55184.6139,856.5042,0.7751,0.8818,1.0481,17.0324,0.0206,2.9958,0.1743,0.0661,0.0546,0.4188,1,Downy Mildew
spinach_2_0136.jpg,101.5753,128.8708,51.5631,34.8784,24.8486,23.5657,4.6436,0.6313,0.31,0.7158,0.6993,52313.2495,830.9477,0.7442,0.9046,0.9976,18.3137,0.0261,5.513,0.2531,0.1569,0.0685,0.2651,2,Anthracnose
spinach_2_0055.jpg,115.6316,123.0303,56.1517,34.7447,26.6051,20.9831,7.3373,0.5712,0.3986,0.592,0.5872,39906.543,862.4883,0.8966,0.8971,1.1315,23.4093,0.0302,4.7226,0.1986,0.16,0.0942,0.3054,2,Anthracnose
spinach_3_0176.jpg,119.3913,141.063,72.2981,28.9852,21.9927,21.5342,4.5136,0.6306,0.4427,0.7537,0.4461,48663.0291,918.5091,0.712,0.9022,1.2338,1.5892,0.0155,1.9006,0.1324,0.1121,0.0453,0.3259,3,White Rust
spinach_3_0018.jpg,131.4912,129.7193,67.6367,27.0092,23.9547,21.0166,3.6887,0.7259,0.3693,0.6707,0.5385,55581.2981,766.9718,0.7964,0.9396,0.9631,6.9177,0.0302,4.9935,0.0765,0.1463,0.0513,0.3353,3,White Rust
spinach_4_0143.jpg,113.8084,98.4589,61.363,26.6207,32.2454,24.0157,11.5339,0.6095,0.3744,0.6451,0.5977,49476.435,965.3413,0.8261,0.8827,0.9535,20.5778,0.0374,9.0181,0.2563,0.1226,0.1433,0.3893,4,Cladosporium Leaf Spot
spinach_0_0083.jpg,94.3644,141.196,59.5104,22.7143,22.1226,11.8673,0.0672,0.7275,0.5587,0.8393,0.2649,54265.0938,875.003,0.7055,0.9161,1.2057,4.4117,0.005,2.3144,0.042,0.0813,0.0437,0.1624,0,No Disease
spinach_2_0008.jpg,124.3638,132.0961,60.11,33.544,30.8372,28.5831,8.2377,0.5738,0.5408,0.7746,0.639,44851.8746,930.4813,0.7833,0.9082,1.1395,11.7342,0.0181,6.7945,0.2033,0.1658,0.0764,0.3298,2,Anthracnose
spinach_1_0060.jpg,123.8996,137.9559,56.8516,24.5349,12.8732,16.6374,4.2378,0.7459,0.3544,0.7241,0.4875,51855.5695,942.5715,0.8141,0.9103,0.9767,7.5202,0.0167,4.0741,0.1937,0.187,0.1003,0.231,1,Downy Mildew
spinach_4_0142.jpg,134.867,128.4506,64.5967,35.7017,31.3329,25.2008,8.1501,0.5483,0.4071,0.6578,0.905,55075.6795,827.4048,0.8648,0.826,1.2244,12.6462,0.038,8.2693,0.3262,0.1769,0.0764,0.3638,4,Cladosporium Leaf Spot
spinach_1_0089.jpg,134.1425,136.0166,68.3586,13.6654,23.6661,29.3328,7.7544,0.5922,0.4049,0.6759,0.7811,52221.3914,823.2204,0.792,0.8448,1.0132,10.1458,0.0268,1.3056,0.1709,0.1704,0.0437,0.3283,1,Downy Mildew
spinach_0_0176.jpg,95.3526,131.9179,77.0777,19.1554,17.982,10.1028,1.2152,0.947,0.6276,0.8293,0.4362,62994.2393,918.2402,0.7284,0.9257,1.1274,1.3953,0.0057,0.0,0.0519,0.074,0.0359,0.1547,0,No Disease
spinach_0_0164.jpg,117.9935,135.8977,66.9455,19.1102,20.7889,14.0903,1.1556,0.8841,0.4783,0.9078,0.2413,49779.3927,995.9385,0.7882,0.9448,1.1148,6.679,0.0134,2.0031,0.1464,0.11,0.029,0.0925,0,No Disease
spinach_0_0155.jpg,103.4597,143.45,69.8688,16.7547,25.0274,19.1958,0.7065,0.9455,0.5206,0.7971,0.5234,43479.5019,1012.6856,0.7548,0.9247,1.1528,4.3248,0.0,2.4919,0.1057,0.0298,0.0358,0.3105,0,No Disease
spinach_4_0161.jpg,117.5602,128.231,70.4722,29.9796,34.0592,30.3213,11.2327,0.6702,0.3526,0.6268,0.6141,49110.2323,901.2338,0.7834,0.9049,0.9537,17.2721,0.05,9.2921,0.3008,0.2056,0.1209,0.2497,4,Cladosporium Leaf Spot
spinach_2_0055.jpg,115.6316,123.0303,56.1517,34.7447,26.6051,20.9831,7.3373,0.5712,0.3986,0.592,0.5872,39906.543,862.4883,0.8966,0.8971,1.1315,23.4093,0.0302,4.7226,0.1986,0.16,0.0942,0.3054,2,Anthracnose
spinach_0_0093.jpg,105.627,140.1829,73.7208,23.8627,19.7757,15.1769,0.6245,0.9054,0.5778,0.8935,0.6407,49381.1361,962.2289,0.8341,0.9325,1.307,0.4878,0.0086,0.0,0.0824,0.09,0.0612,0.2255,0,No Disease
spinach_1_0021.jpg,125.426,130.4855,62.5674,29.787,23.4216,21.7586,3.7016,0.8438,0.3388,0.7298,0.6198,60954.9344,857.7317,0.75,0.8962,1.2327,0.0,0.012,9.7163,0.2195,0.0858,0.079,0.3154,1,Downy Mildew
spinach_1_0042.jpg,115.7918,137.813,73.4379,22.1208,20.3303,15.255,8.9516,0.7644,0.4684,0.6662,0.6099,53546.2399,874.7242,0.8545,0.9678,1.0242,5.9117,0.013,7.6912,0.2421,0.1246,0.0809,0.2447,1,Downy Mildew
spinach_4_0166.jpg,116.5982,114.0858,61.0688,34.3059,23.9679,26.268,5.5162,0.7184,0.3822,0.774,0.6483,56167.2586,983.578,0.7791,0.8806,0.9832,12.6168,0.028,5.2396,0.3498,0.1299,0.1337,0.4249,4,Cladosporium Leaf Spot
spinach_3_0006.jpg,128.2872,129.9587,68.4499,27.5159,21.839,21.6514,6.2711,0.7681,0.2245,0.8975,0.5202,47383.5989,792.589,0.7598,0.9059,1.051,5.2715,0.0212,7.6547,0.211,0.1649,0.0606,0.2884,3,White Rust
spinach_5_0158.jpg,113.1175,111.715,57.5833,27.687,21.8074,22.2766,5.9296,0.6689,0.4373,0.8405,0.6828,56218.3279,1027.8825,0.7748,0.9069,1.056,6.0713,0.0268,3.5061,0.2342,0.0878,0.0943,0.2143,5,Spinach Blight (Cucumber Mosaic Virus)
spinach_0_0007.jpg,124.9673,171.0525,75.3153,15.0523,6.3398,16.0708,0.618,0.8668,0.531,0.8701,0.5266,52785.2428,904.1365,0.7079,0.8881,1.0811,1.7849,0.0201,1.4345,0.1491,0.06,0.0104,0.1228,0,No Disease
spinach_5_0147.jpg,101.5024,101.0169,66.943,23.7347,24.5831,16.1895,5.0592,0.6767,0.4897,0.7625,0.7139,49371.1267,952.2849,0.7576,0.8817,1.1226,10.8834,0.0239,5.1046,0.2727,0.2022,0.0743,0.1992,5,Spinach Blight (Cucumber Mosaic Virus)
spinach_1_0168.jpg,120.1381,130.081,56.1745,28.79,24.7314,20.7097,5.3834,0.7328,0.4006,0.7698,0.5456,64284.0475,759.0667,0.7549,0.8974,1.2632,4.7195,0.0234,5.2471,0.2067,0.1795,0.1104,0.2739,1,Downy Mildew
spinach_4_0124.jpg,139.6262,97.245,51.2637,30.2233,36.4625,24.5617,5.7047,0.6104,0.2442,0.5624,0.9599,48741.9557,907.3153,0.7844,0.8837,1.0027,16.7575,0.0367,10.0535,0.3174,0.1412,0.1547,0.428,4,Cladosporium Leaf Spot
spinach_5_0129.jpg,112.503,115.0287,82.1633,25.859,20.0728,21.9566,5.7645,0.5128,0.3478,0.7541,0.6442,45617.6929,874.2326,0.8174,0.9179,1.0387,15.4954,0.0153,4.4939,0.2949,0.109,0.0735,0.2398,5,Spinach Blight (Cucumber Mosaic Virus)
spinach_3_0044.jpg,132.2267,146.616,64.9822,15.7388,18.2168,19.6092,3.48,0.6856,0.4656,0.9501,0.5012,51485.9707,773.7964,0.8546,0.9419,1.1745,13.4392,0.0136,3.4556,0.2555,0.1453,0.0145,0.3164,3,White Rust
spinach_4_0123.jpg,102.9369,115.4314,50.8507,42.0476,31.1965,24.6175,11.1274,0.5258,0.329,0.8,0.7456,62734.0689,968.5605,0.8684,0.9234,1.0701,16.0472,0.0331,5.7235,0.2667,0.1898,0.1722,0.4375,4,Cladosporium Leaf Spot
spinach_4_0097.jpg,117.4785,106.7512,65.1147,27.1117,24.8374,26.502,11.1754,0.8058,0.2568,0.6182,0.8116,56343.9467,673.5916,0.7952,0.8778,0.9161,12.6513,0.0295,7.6059,0.3204,0.2042,0.1537,0.3921,4,Cladosporium Leaf Spot
spinach_4_0054.jpg,114.8329,112.106,57.3734,25.3095,31.0809,32.0471,8.6505,0.4572,0.3628,0.6464,0.6499,52268.1192,977.9765,0.7499,0.8489,0.9091,15.3373,0.0328,6.5712,0.2358,0.2127,0.1416,0.406,4,Cladosporium Leaf Spot
spinach_0_0057.jpg,125.0351,148.0662,73.3577,17.8047,15.0271,6.4832,2.438,0.9676,0.454,0.8337,0.3043,47173.244,925.3482,0.6449,0.9454,1.1803,0.9956,0.0,0.0,0.1616,0.0,0.0313,0.1056,0,No Disease
spinach_4_0005.jpg,133.2918,123.7567,69.4774,25.952,28.8205,23.6599,8.7824,0.7589,0.36,0.5944,0.6337,58728.9003,941.3793,0.8169,0.8814,1.0914,14.0522,0.0371,5.3852,0.252,0.1643,0.0486,0.3623,4,Cladosporium Leaf Spot
spinach_0_0080.jpg,114.3264,144.3238,69.9134,9.4616,20.8462,19.8869,3.0957,0.8296,0.6339,0.9402,0.5759,47619.4504,897.3545,0.8148,0.9314,1.0306,3.6585,0.0106,1.3583,0.111,0.0697,0.077,0.1279,0,No Disease
spinach_2_0135.jpg,100.2237,117.0664,46.1886,28.8306,21.2648,22.6881,6.1482,0.5848,0.3273,0.6346,0.5586,55413.7291,843.9825,0.6679,0.8844,1.1532,10.9546,0.039,4.558,0.2552,0.2015,0.1213,0.24,2,Anthracnose
spinach_3_0093.jpg,132.4731,143.8148,82.3624,20.1642,24.7898,17.2757,5.6713,0.7528,0.4984,0.6813,0.6293,52530.2976,920.2193,0.897,0.9104,1.1374,8.4011,0.0186,7.9992,0.1732,0.0973,0.1168,0.2554,3,White Rust
spinach_0_0123.jpg,122.2613,117.9288,74.2267,13.1198,13.8283,13.5423,1.2851,0.8573,0.5806,0.8425,0.2738,55899.3481,995.2872,0.8206,0.8915,1.1439,4.7039,0.0,1.2165,0.0942,0.1537,0.0881,0.0669,0,No Disease
spinach_0_0029.jpg,101.6267,137.438,76.9221,11.3466,17.822,13.4381,5.1413,0.8861,0.7134,0.8027,0.4787,53597.0013,833.0953,0.7806,0.9603,1.0941,0.0,0.0059,0.0,0.0829,0.0767,0.0,0.0707,0,No Disease
spinach_1_0048.jpg,98.2272,144.8922,66.1365,32.0539,25.9358,21.1957,5.032,0.7694,0.4051,0.8208,0.4514,48292.1207,1104.4823,0.7524,0.904,1.0294,11.3434,0.0141,4.4659,0.2324,0.102,0.0997,0.3758,1,Downy Mildew
spinach_4_0176.jpg,118.3122,116.3817,61.7691,39.6541,34.2443,29.223,5.9187,0.5356,0.3574,0.714,0.7081,47012.0757,1029.3843,0.8312,0.9164,1.0347,15.9199,0.0416,7.0271,0.2395,0.1535,0.1172,0.46,4,Cladosporium Leaf Spot
spinach_0_0118.jpg,94.6797,138.3035,69.0743,26.9957,21.7717,16.9811,2.2476,0.9315,0.511,0.94,0.3088,56176.885,1038.6143,0.7827,0.9256,1.152,0.0,0.0084,0.996,0.0975,0.1083,0.0381,0.1088,0,No Disease
spinach_5_0090.jpg,99.8079,108.8165,65.1341,35.9758,19.1433,28.6255,8.0323,0.7083,0.4946,0.7074,0.6786,46792.9275,966.6475,0.7676,0.8987,1.1443,16.1928,0.0174,6.7556,0.1609,0.064,0.0713,0.4068,5,Spinach Blight (Cucumber Mosaic Virus)
spinach_5_0023.jpg,109.8968,93.1637,63.5317,23.6732,28.8048,24.9068,5.9335,0.6517,0.4478,0.7207,0.7926,58364.7653,970.0711,0.824,0.9456,1.1093,10.0832,0.0186,4.1337,0.2097,0.1685,0.0546,0.3041,5,Spinach Blight (Cucumber Mosaic Virus)
spinach_0_0160.jpg,124.1543,129.0237,72.0345,20.0744,19.0122,13.2821,2.5351,0.8865,0.4534,0.8807,0.3099,43328.0712,933.6873,0.7993,0.9432,1.1654,0.0,0.0,4.7523,0.0476,0.1044,0.0228,0.2064,0,No Disease
spinach_0_0180.jpg,114.7466,131.2299,66.1314,16.772,20.6632,11.0001,2.6064,0.9597,0.5729,0.9507,0.3896,50930.722,822.2754,0.831,0.9108,1.148,1.7147,0.0,0.1036,0.1691,0.0881,0.0148,0.2244,0,No Disease
spinach_2_0078.jpg,109.0905,103.0113,57.9136,35.0183,27.0998,19.6791,4.8792,0.6152,0.4114,0.7241,0.6099,38946.2029,922.0013,0.7461,0.9172,1.0195,10.0484,0.0282,10.3439,0.2675,0.1654,0.119,0.2099,2,Anthracnose
spinach_2_0094.jpg,128.951,122.5663,52.9147,24.4518,32.1406,18.5455,5.269,0.6187,0.3891,0.7435,0.8093,55224.8565,880.0774,0.8612,0.8832,0.9343,11.3155,0.0205,4.9624,0.182,0.1416,0.1255,0.4872,2,Anthracnose
spinach_0_0133.jpg,106.3911,137.9453,65.3212,19.64,23.2985,14.5239,0.4873,0.8606,0.5961,0.8539,0.4685,54614.2188,1008.8983,0.8554,0.9549,1.0453,0.0,0.0054,0.3879,0.0431,0.0623,0.0281,0.1463,0,No Disease
spinach_0_0031.jpg,108.1408,136.2966,79.6164,8.7411,12.8665,11.8703,0.01,0.8229,0.5068,0.8659,0.5313,50774.6967,816.9186,0.7666,0.9562,1.0419,0.0,0.0105,0.8012,0.1324,0.0795,0.0575,0.1172,0,No Disease
spinach_0_0050.jpg,104.0155,136.3171,55.2204,15.529,15.6846,12.2566,4.3489,0.8868,0.6831,0.8843,0.4237,51556.0178,920.3796,0.8731,0.872,0.9599,0.0,0.0061,2.4422,0.1237,0.0646,0.0655,0.2824,0,No Disease
spinach_0_0004.jpg,103.087,124.9675,62.9337,15.4027,19.4858,15.5697,3.1738,0.8658,0.5927,0.9238,0.3891,54283.8762,853.8074,0.7482,0.9205,1.0243,3.9479,0.0022,1.2225,0.124,0.0979,0.0566,0.1921,0,No Disease
spinach_0_0145.jpg,103.2583,140.5205,80.6996,24.3158,16.1914,12.32,3.93,0.9619,0.4515,0.8581,0.4366,55894.1486,1011.0101,0.787,0.9446,1.1251,0.0,0.0039,1.2342,0.0983,0.0046,0.0301,0.2045,0,No Disease
spinach_2_0039.jpg,115.7085,118.209,58.8879,38.3962,23.8781,28.1257,5.7522,0.7687,0.4787,0.6795,0.8561,52345.1794,792.2728,0.7776,0.9283,1.1538,9.7678,0.0259,6.4663,0.2046,0.2543,0.1158,0.3451,2,Anthracnose
spinach_0_0015.jpg,116.7125,147.2596,86.5652,23.6539,9.1398,14.7322,0.01,0.8585,0.7009,0.9246,0.3501,46931.4132,923.2782,0.697,0.9132,1.145,6.6212,0.0109,0.0,0.1152,0.0829,0.0503,0.3293,0,No Disease
spinach_1_0080.jpg,125.8054,114.0681,72.9331,24.9537,16.9865,27.3797,5.3855,0.8926,0.5277,0.7041,0.6015,51605.1897,1052.6303,0.8163,0.9144,1.084,9.7978,0.0304,4.8067,0.1703,0.1074,0.0662,0.1978,1,Downy Mildew
spinach_1_0127.jpg,128.9815,115.7777,64.0179,32.7511,13.2388,29.0731,4.777,0.7513,0.4757,0.8108,0.6374,55986.9229,951.9071,0.8957,0.9231,1.2572,13.6043,0.0056,9.5,0.1613,0.1898,0.0807,0.3949,1,Downy Mildew
spinach_5_0118.jpg,95.7776,139.3447,66.9268,34.734,24.19,23.9977,7.3239,0.6357,0.3233,0.7157,0.7605,40342.8618,833.7151,0.8886,0.8692,1.1903,7.4888,0.0167,5.135,0.3037,0.1244,0.0467,0.2278,5,Spinach Blight (Cucumber Mosaic Virus)
spinach_1_0171.jpg,121.7432,139.7042,64.7208,29.777,22.4217,21.4633,4.425,0.8411,0.5517,0.8566,0.5692,46231.1298,1027.6974,0.8226,0.9182,1.0493,11.7027,0.0113,5.9413,0.2589,0.1952,0.0977,0.1994,1,Downy Mildew
spinach_0_0110.jpg,108.588,148.9579,69.543,16.9927,25.5338,15.8648,3.3683,0.9099,0.5331,0.8808,0.5636,54776.2004,748.8527,0.7571,0.9746,1.1029,0.0,0.0211,2.4283,0.0965,0.0651,0.0671,0.1566,0,No Disease
spinach_2_0058.jpg,103.9379,121.2187,57.7657,27.9634,26.5861,29.3782,6.2469,0.6422,0.2434,0.697,0.7557,54180.9906,890.8218,0.8574,0.9183,1.169,17.9372,0.0396,5.7946,0.1636,0.1865,0.1295,0.4756,2,Anthracnose
spinach_3_0111.jpg,130.8906,125.1152,64.1392,22.2749,26.0444,19.3829,6.5862,0.6778,0.4561,0.7397,0.4274,51162.4448,1078.2928,0.7288,0.9168,1.005,2.1631,0.0107,3.19,0.1497,0.111,0.0288,0.2299,3,White Rust
spinach_4_0050.jpg,128.985,124.6898,63.8463,35.7509,26.0261,22.4569,7.9878,0.528,0.3726,0.7334,0.689,52675.7459,827.0869,0.729,0.9414,0.9898,12.8827,0.0357,7.9833,0.3034,0.27,0.1106,0.3437,4,Cladosporium Leaf Spot
spinach_2_0039.jpg,115.7085,118.209,58.8879,38.3962,23.8781,28.1257,5.7522,0.7687,0.4787,0.6795,0.8561,52345.1794,792.2728,0.7776,0.9283,1.1538,9.7678,0.0259,6.4663,0.2046,0.2543,0.1158,0.3451,2,Anthracnose
spinach_2_0007.jpg,121.2341,120.6563,60.3038,28.1299,28.1621,27.7714,6.9078,0.7225,0.3837,0.7087,0.8623,56008.6502,887.9404,0.8129,0.8825,1.0662,15.2376,0.0338,7.4486,0.1745,0.1991,0.1078,0.271,2,Anthracnose
spinach_0_0140.jpg,102.9355,150.2723,68.6539,17.1317,22.8175,13.7752,3.8776,0.9343,0.5526,0.9136,0.452,57104.4141,865.1654,0.7725,0.9285,1.1763,0.0,0.0141,2.0394,0.0342,0.1283,0.0959,0.2801,0,No Disease
spinach_0_0174.jpg,112.7523,142.6015,69.9549,18.2123,10.1612,11.7763,0.9426,0.8101,0.6152,0.9638,0.3292,53417.2072,816.5889,0.7517,0.9127,1.1682,0.0,0.0141,0.7577,0.0675,0.0299,0.0463,0.2716,0,No Disease
spinach_1_0112.jpg,124.2368,124.5199,54.3021,25.5533,21.6713,19.6994,7.1145,0.6772,0.5688,0.6672,0.7715,45917.4469,899.8987,0.7606,0.9014,1.1641,15.9993,0.0295,4.0713,0.1992,0.0987,0.0552,0.2183,1,Downy Mildew
spinach_4_0153.jpg,129.1903,104.041,48.2576,31.1585,29.5122,20.7602,8.5772,0.6513,0.3016,0.8023,0.803,56142.4452,744.3787,0.7021,0.9015,1.2184,13.9603,0.0351,5.2768,0.2341,0.1977,0.1177,0.2856,4,Cladosporium Leaf Spot
spinach_3_0179.jpg,124.1988,123.2427,69.118,22.3524,17.0701,25.067,8.4885,0.9254,0.512,0.7614,0.543,53528.0113,862.9752,0.8591,0.8691,1.0863,11.2043,0.0102,3.5677,0.1997,0.1807,0.0377,0.1706,3,White Rust
spinach_2_0049.jpg,119.9739,123.9051,60.1111,26.5312,28.9278,22.732,6.476,0.8943,0.2569,0.7671,0.6037,50655.9774,1136.8588,0.7423,0.8819,1.0786,10.6111,0.0341,5.1378,0.2627,0.1068,0.0648,0.3317,2,Anthracnose
spinach_3_0176.jpg,119.3913,141.063,72.2981,28.9852,21.9927,21.5342,4.5136,0.6306,0.4427,0.7537,0.4461,48663.0291,918.5091,0.712,0.9022,1.2338,1.5892,0.0155,1.9006,0.1324,0.1121,0.0453,0.3259,3,White Rust
spinach_4_0028.jpg,112.8281,111.9555,60.4974,24.3923,32.5066,22.7319,8.8396,0.701,0.3662,0.7159,0.5533,48035.7167,1000.3077,0.8206,0.9362,1.2064,19.1984,0.032,5.7748,0.2462,0.1737,0.1152,0.3165,4,Cladosporium Leaf Spot
spinach_1_0154.jpg,120.3077,121.3192,70.2116,23.893,19.6514,18.8304,7.3272,0.7294,0.3744,0.8248,0.8243,52048.4132,1023.3842,0.8522,0.8949,1.1021,4.8698,0.0184,3.6729,0.1699,0.1,0.0728,0.3526,1,Downy Mildew
spinach_0_0140.jpg,102.9355,150.2723,68.6539,17.1317,22.8175,13.7752,3.8776,0.9343,0.5526,0.9136,0.452,57104.4141,865.1654,0.7725,0.9285,1.1763,0.0,0.0141,2.0394,0.0342,0.1283,0.0959,0.2801,0,No Disease
spinach_0_0170.jpg,100.8639,136.1169,66.1931,13.9225,9.9324,5.641,0.2042,0.9502,0.4521,0.7842,0.5991,48817.5198,952.1046,0.8085,0.9466,0.9982,1.0758,0.0,5.6034,0.0203,0.0381,0.014,0.0803,0,No Disease
spinach_0_0177.jpg,103.2299,139.6712,79.1153,19.5039,18.9955,12.8336,2.9726,0.9301,0.6493,0.9299,0.4789,51507.913,944.4939,0.8338,0.9137,1.0697,2.7257,0.0093,0.0,0.0963,0.0762,0.0,0.1824,0,No Disease
spinach_2_0127.jpg,125.2124,113.6253,55.4682,25.637,28.6499,21.8115,6.5341,0.6725,0.4241,0.6605,0.6128,52158.6209,577.4275,0.7638,0.8712,1.1763,12.2363,0.0225,6.0125,0.2002,0.1439,0.1124,0.3162,2,Anthracnose
spinach_4_0042.jpg,121.0409,99.8125,61.2485,29.4265,29.1005,20.7481,9.4856,0.7088,0.4336,0.6332,0.6541,52258.4071,1065.6074,0.7942,0.9013,1.0512,15.9861,0.0393,7.3091,0.2902,0.2103,0.1387,0.4346,4,Cladosporium Leaf Spot
spinach_3_0064.jpg,120.1578,131.0706,68.3759,21.4536,24.561,20.2272,3.7506,0.8771,0.4764,0.8242,0.6917,58500.8927,962.9785,0.7618,0.8843,1.1265,12.3783,0.0198,0.0,0.2135,0.1573,0.0625,0.3591,3,White Rust
spinach_2_0061.jpg,110.6065,117.4492,55.8026,27.3874,24.2645,24.0847,5.6832,0.7563,0.4323,0.777,0.5771,41502.6173,879.5814,0.9739,0.9317,1.0356,15.698,0.0328,3.6369,0.2985,0.1533,0.1077,0.3519,2,Anthracnose
spinach_2_0052.jpg,123.5036,130.4043,63.3709,27.8867,29.989,21.6047,9.7715,0.7123,0.401,0.7089,0.864,42831.2483,1063.8288,0.7888,0.8648,1.0198,7.3968,0.0322,4.2311,0.2384,0.2054,0.0932,0.3286,2,Anthracnose
spinach_5_0079.jpg,108.4483,103.5633,75.0712,28.291,33.5627,18.4243,8.845,0.6377,0.6039,0.6634,0.7557,47688.0289,941.5022,0.8076,0.8727,0.8663,22.0303,0.0246,0.1016,0.2251,0.1776,0.0721,0.2833,5,Spinach Blight (Cucumber Mosaic Virus)
spinach_0_0105.jpg,88.4011,142.3968,64.9003,14.2008,14.7904,14.2668,0.9048,0.9471,0.5443,0.9486,0.4481,48512.214,833.406,0.6712,0.9373,1.0916,0.0,0.0017,0.0,0.1788,0.0119,0.004,0.2888,0,No Disease
spinach_3_0061.jpg,102.0286,135.9187,71.0339,24.6206,25.5179,18.919,3.6203,0.7266,0.444,0.839,0.5013,50055.1565,962.0217,0.7681,0.9479,1.0364,3.4545,0.0194,4.7277,0.1268,0.1737,0.1181,0.2298,3,White Rust
spinach_1_0129.jpg,126.6807,129.0389,57.4554,23.8238,28.1893,20.8314,3.7215,0.6052,0.4965,0.7217,0.643,57198.5345,769.1076,0.7873,0.9057,1.1304,14.9566,0.0094,5.8256,0.2416,0.1225,0.0766,0.3435,1,Downy Mildew
spinach_0_0137.jpg,97.7386,143.0668,77.3473,16.6516,17.2592,12.5056,1.1049,0.81,0.6813,0.9546,0.4737,61860.9798,901.0754,0.9519,0.9243,1.1404,0.4089,0.009,2.7041,0.0943,0.1511,0.046,0.2216,0,No Disease
spinach_4_0174.jpg,122.742,122.0417,58.5051,26.1365,30.2358,25.3999,6.5122,0.6766,0.4414,0.6138,0.6872,46679.2572,722.1338,0.9103,0.8788,1.0013,13.4929,0.0309,6.2486,0.3419,0.1401,0.0915,0.4341,4,Cladosporium Leaf Spot
spinach_0_0041.jpg,101.8209,129.4629,72.9538,17.1428,16.1692,22.5287,1.7115,0.9331,0.5614,0.8853,0.4206,54241.6203,1036.5308,0.8688,0.9377,1.1672,0.0,0.0053,2.8925,0.1433,0.0885,0.0622,0.2393,0,No Disease
spinach_4_0131.jpg,111.7889,112.655,58.0805,35.9905,28.8301,24.9668,8.3,0.445,0.2188,0.633,0.6757,49341.0626,1030.4128,0.7855,0.8569,1.0066,24.8423,0.0463,8.5726,0.1919,0.2023,0.1396,0.392,4,Cladosporium Leaf Spot
spinach_0_0175.jpg,107.7332,163.6271,83.4383,18.4624,15.4099,16.8788,0.5754,0.9933,0.6089,0.898,0.4887,60614.1494,937.0955,0.7632,0.9677,1.1974,0.7161,0.006,1.5517,0.1181,0.0257,0.0014,0.129,0,No Disease
spinach_3_0081.jpg,122.878,149.9393,64.4141,26.3605,27.4633,17.7758,2.655,0.6533,0.5067,0.8072,0.6562,50129.7764,761.9263,0.6388,0.9917,1.1522,8.5472,0.0192,1.4236,0.1303,0.1897,0.0865,0.2189,3,White Rust
spinach_2_0108.jpg,109.1754,118.7797,63.3057,28.3156,27.181,18.6247,4.7144,0.5601,0.4319,0.6763,0.5029,49684.5552,755.1179,0.8996,0.8855,1.1345,18.3559,0.0194,6.2369,0.2577,0.1646,0.119,0.2436,2,Anthracnose
spinach_0_0160.jpg,124.1543,129.0237,72.0345,20.0744,19.0122,13.2821,2.5351,0.8865,0.4534,0.8807,0.3099,43328.0712,933.6873,0.7993,0.9432,1.1654,0.0,0.0,4.7523,0.0476,0.1044,0.0228,0.2064,0,No Disease
spinach_0_0083.jpg,94.3644,141.196,59.5104,22.7143,22.1226,11.8673,0.0672,0.7275,0.5587,0.8393,0.2649,54265.0938,875.003,0.7055,0.9161,1.2057,4.4117,0.005,2.3144,0.042,0.0813,0.0437,0.1624,0,No Disease
spinach_5_0155.jpg,107.4336,91.3047,59.0853,30.3384,27.8618,21.8102,9.5745,0.8356,0.3453,0.8427,0.8262,48880.4881,874.5403,0.807,0.8839,1.0463,17.2773,0.0275,4.4025,0.1637,0.1197,0.0859,0.4131,5,Spinach Blight (Cucumber Mosaic Virus)
spinach_3_0117.jpg,116.3575,136.9874,74.3533,24.7481,18.4903,15.2039,5.1471,0.7257,0.4543,0.7633,0.5056,52969.0178,960.4504,0.8979,0.9389,1.2375,4.7256,0.0042,3.974,0.2129,0.148,0.1003,0.0771,3,White Rust
spinach_0_0151.jpg,89.1869,146.7461,87.5269,23.6061,24.309,11.6156,2.4018,0.8245,0.5618,0.9341,0.4302,44936.7949,788.4971,0.6871,0.9423,1.2851,7.4498,0.0,3.7579,0.1468,0.0182,0.0324,0.2876,0,No Disease
spinach_5_0039.jpg,106.0322,104.4144,72.9809,27.0336,23.0478,25.5833,2.2302,0.7688,0.343,0.68,0.8458,46843.9361,965.5915,0.8268,0.9096,1.07,10.7891,0.0362,7.0748,0.185,0.1082,0.0754,0.4185,5,Spinach Blight (Cucumber Mosaic Virus)
spinach_3_0164.jpg,126.2748,134.6252,74.131,26.1008,17.5815,21.288,5.403,0.8109,0.5429,0.7369,0.6168,42875.9138,893.0015,0.7635,0.9562,1.0975,10.432,0.0029,3.3668,0.1277,0.219,0.0533,0.2859,3,White Rust
spinach_0_0061.jpg,117.2603,107.4624,69.4605,19.1767,8.2395,15.3767,4.1229,0.8131,0.6069,0.8159,0.3528,59386.9682,865.7442,0.7977,0.8832,1.269,4.4106,0.0045,2.236,0.0295,0.1273,0.0319,0.1837,0,No Disease
spinach_1_0021.jpg,125.426,130.4855,62.5674,29.787,23.4216,21.7586,3.7016,0.8438,0.3388,0.7298,0.6198,60954.9344,857.7317,0.75,0.8962,1.2327,0.0,0.012,9.7163,0.2195,0.0858,0.079,0.3154,1,Downy Mildew
spinach_2_0095.jpg,93.7465,101.8349,51.6684,33.8287,25.9753,20.1036,8.2184,0.7565,0.3785,0.6429,0.717,48833.659,855.8987,0.7693,0.9231,1.1,18.1428,0.0377,6.9262,0.2047,0.2016,0.1216,0.5583,2,Anthracnose
spinach_1_0023.jpg,117.4122,121.5839,64.3602,25.8188,19.2769,24.9676,6.2256,0.7042,0.4416,0.7541,0.5232,51352.4811,837.8988,0.7333,0.8694,1.0713,12.2679,0.0144,9.3373,0.2343,0.1822,0.0999,0.4582,1,Downy Mildew
spinach_4_0066.jpg,123.7211,121.8533,70.1627,23.7555,28.5746,25.55,9.2235,0.4928,0.3192,0.688,0.8077,56430.6492,966.1505,0.7863,0.9069,1.0539,18.5871,0.0404,7.4185,0.2881,0.2285,0.1478,0.4887,4,Cladosporium Leaf Spot
spinach_0_0078.jpg,105.7202,124.7512,85.6487,25.5975,18.4846,9.6128,2.3581,0.8103,0.697,0.9366,0.4295,39818.1217,821.6584,0.8113,0.9603,1.2087,0.0,0.0084,3.0279,0.0171,0.0797,0.0468,0.1759,0,No Disease
spinach_0_0061.jpg,117.2603,107.4624,69.4605,19.1767,8.2395,15.3767,4.1229,0.8131,0.6069,0.8159,0.3528,59386.9682,865.7442,0.7977,0.8832,1.269,4.4106,0.0045,2.236,0.0295,0.1273,0.0319,0.1837,0,No Disease
spinach_4_0043.jpg,107.4699,110.9457,60.659,31.9072,26.3884,25.964,9.744,0.725,0.453,0.568,0.6437,49051.773,898.0287,0.7757,0.8762,1.0456,19.9333,0.0234,11.718,0.271,0.232,0.1155,0.4359,4,Cladosporium Leaf Spot
spinach_1_0109.jpg,110.9248,128.741,67.0772,25.7464,21.3276,18.3829,6.0762,0.7114,0.3937,0.6665,0.6178,50093.8828,867.8352,0.8019,0.9287,1.1561,12.2109,0.0181,3.7794,0.1378,0.1063,0.0805,0.2471,1,Downy Mildew
spinach_0_0130.jpg,98.1839,161.3454,71.7402,25.1403,16.7335,14.877,1.0072,0.9095,0.6054,0.8251,0.4075,48949.5057,1149.9664,0.7646,0.9686,1.1044,3.0372,0.0,0.3953,0.1105,0.1434,0.0455,0.3107,0,No Disease
spinach_0_0117.jpg,104.801,131.7868,77.5285,27.1799,14.6781,16.9408,1.5927,0.9292,0.7053,0.9156,0.2427,54269.9782,1043.2864,0.7567,0.9549,1.0648,0.0,0.0071,0.0,0.088,0.1315,0.0,0.0976,0,No Disease
spinach_4_0033.jpg,118.7812,125.8288,65.8058,19.3649,44.7888,29.5299,7.8636,0.5725,0.419,0.6947,0.7692,52791.6732,878.728,0.8141,0.9082,1.0975,19.1637,0.0451,4.6252,0.2301,0.1911,0.1118,0.3583,4,Cladosporium Leaf Spot
spinach_3_0125.jpg,142.8356,123.2301,72.2011,30.7896,10.1723,21.6409,5.8258,0.7486,0.4083,0.7387,0.5171,49989.5198,855.9223,0.7593,0.9498,1.0128,1.0038,0.0267,3.6544,0.1506,0.1156,0.0752,0.2381,3,White Rust
spinach_0_0163.jpg,107.2846,145.9561,74.2567,21.235,13.3212,17.8054,6.837,0.87,0.5857,0.8488,0.3712,59722.2474,852.7029,0.7416,0.8903,1.0594,0.0,0.0111,6.2395,0.0817,0.0133,0.0625,0.1418,0,No Disease
spinach_1_0145.jpg,125.6333,112.9472,60.3865,28.6924,31.3479,18.6999,4.4061,0.7358,0.4581,0.7492,0.7149,47004.2808,912.0161,0.8167,0.9,1.1672,10.5958,0.0263,5.1494,0.2088,0.1047,0.0642,0.408,1,Downy Mildew
spinach_4_0076.jpg,126.223,112.2652,56.8453,28.7868,27.259,30.3581,5.3082,0.5345,0.2307,0.7581,0.6986,48866.6318,728.5366,0.7743,0.9117,1.0902,17.5685,0.0215,6.9097,0.2773,0.1503,0.1464,0.4608,4,Cladosporium Leaf Spot
spinach_5_0051.jpg,110.6398,97.1764,67.4524,28.5455,30.1367,16.5025,3.7977,0.77,0.3687,0.7236,0.584,54064.0519,899.9216,0.8244,0.8708,1.1301,8.0311,0.0187,2.9424,0.2022,0.1926,0.0957,0.3047,5,Spinach Blight (Cucumber Mosaic Virus)
spinach_4_0048.jpg,119.7992,105.1339,61.4908,31.7187,23.8789,24.114,8.9408,0.6297,0.227,0.6409,0.7132,51467.5676,898.5533,0.7653,0.8787,1.0754,21.8519,0.0362,10.0615,0.3267,0.2499,0.1642,0.515,4,Cladosporium Leaf Spot
spinach_4_0013.jpg,130.3254,121.9131,76.2136,24.5029,20.9655,28.9523,6.8081,0.7935,0.447,0.7711,0.8484,45892.0819,724.0658,0.8797,0.8525,1.1968,20.6785,0.0334,8.2957,0.2933,0.1819,0.1656,0.5013,4,Cladosporium Leaf Spot
spinach_2_0080.jpg,107.4281,149.4986,53.4841,25.4834,21.8685,22.1562,4.0768,0.7036,0.2276,0.7113,0.5549,48093.533,940.454,0.9382,0.873,1.068,11.105,0.02,4.813,0.2712,0.1405,0.1662,0.3833,2,Anthracnose
spinach_5_0118.jpg,95.7776,139.3447,66.9268,34.734,24.19,23.9977,7.3239,0.6357,0.3233,0.7157,0.7605,40342.8618,833.7151,0.8886,0.8692,1.1903,7.4888,0.0167,5.135,0.3037,0.1244,0.0467,0.2278,5,Spinach Blight (Cucumber Mosaic Virus)
spinach_1_0169.jpg,119.9402,109.4949,63.7927,23.0301,23.0681,14.2585,6.1883,0.6043,0.4419,0.6741,0.525,56773.6605,958.7918,0.859,0.949,1.0382,15.9959,0.0083,6.143,0.1653,0.0928,0.0954,0.3856,1,Downy Mildew
spinach_2_0024.jpg,115.866,110.254,73.0682,32.1105,29.6569,30.0355,6.2366,0.6729,0.2797,0.6879,0.5411,53739.2468,921.9997,0.7834,0.8975,1.1409,9.4568,0.0286,7.3591,0.1409,0.1874,0.0681,0.3406,2,Anthracnose
spinach_0_0037.jpg,117.1419,109.5988,75.1675,27.8072,11.3611,13.4808,0.7201,0.8285,0.5539,0.9799,0.6037,50320.3039,1110.506,0.7721,0.9738,1.1125,2.5242,0.0089,6.9219,0.1426,0.0517,0.0642,0.1711,0,No Disease
spinach_5_0064.jpg,99.1944,140.0179,66.2148,30.2053,25.8897,17.4809,8.6016,0.6642,0.4736,0.8112,0.7103,46040.1536,835.8922,0.6494,0.8971,1.1542,11.05,0.0193,4.8641,0.2708,0.1478,0.1364,0.2943,5,Spinach Blight (Cucumber Mosaic Virus)
spinach_3_0025.jpg,123.6314,110.5319,54.6733,30.9452,23.8453,18.5847,3.2551,0.6833,0.476,0.7559,0.7047,50576.1814,910.872,0.6967,0.911,1.1242,6.5089,0.0131,4.5884,0.2457,0.1258,0.0986,0.3297,3,White Rust
spinach_3_0142.jpg,140.4085,138.9981,73.2823,27.8595,31.4905,21.4862,5.9899,0.7671,0.398,0.6954,0.6767,46458.2031,979.5864,0.805,0.9429,1.0688,4.8371,0.02,3.4738,0.1084,0.1975,0.0502,0.2005,3,White Rust
spinach_4_0086.jpg,111.4805,109.2136,59.4368,29.8278,32.0108,26.0221,5.9805,0.5829,0.34,0.7118,1.0,54013.9789,788.75,0.7844,0.8945,1.0284,19.881,0.0158,8.4957,0.2462,0.1856,0.1666,0.2891,4,Cladosporium Leaf Spot
spinach_0_0019.jpg,102.1512,141.1757,80.7137,26.6384,16.6543,20.4143,2.1566,0.833,0.5324,0.7764,0.3312,50209.9166,1000.3585,0.8732,0.8954,1.1514,0.0,0.0098,0.964,0.0085,0.1171,0.0249,0.1573,0,No Disease
spinach_5_0033.jpg,92.9189,117.8788,72.8387,18.9369,27.4084,13.2096,5.4675,0.7975,0.6408,0.7133,0.5253,46932.5391,876.607,0.7698,0.8769,1.0559,13.5823,0.0226,3.8131,0.1765,0.1334,0.065,0.2834,5,Spinach Blight (Cucumber Mosaic Virus)
spinach_0_0074.jpg,102.194,122.4926,63.7967,17.3109,23.1421,12.442,3.0884,0.8569,0.5998,0.8701,0.5073,49325.9433,762.7472,0.6871,0.9167,1.0201,3.6408,0.0023,5.4743,0.0131,0.0881,0.0118,0.1605,0,No Disease
spinach_3_0059.jpg,136.0196,93.2342,70.5214,26.0606,21.8257,22.4391,5.2429,0.8242,0.4386,0.8849,0.6279,54212.633,954.3705,0.8494,0.9455,1.101,11.9612,0.0184,7.4505,0.2249,0.095,0.1283,0.1118,3,White Rust
spinach_4_0090.jpg,116.982,112.3309,55.5116,28.4925,21.0038,25.5714,8.131,0.691,0.4409,0.7527,0.9018,46714.5949,746.8041,0.8458,0.9246,1.1945,19.94,0.018,8.1581,0.2978,0.2401,0.1657,0.4628,4,Cladosporium Leaf Spot
spinach_5_0064.jpg,99.1944,140.0179,66.2148,30.2053,25.8897,17.4809,8.6016,0.6642,0.4736,0.8112,0.7103,46040.1536,835.8922,0.6494,0.8971,1.1542,11.05,0.0193,4.8641,0.2708,0.1478,0.1364,0.2943,5,Spinach Blight (Cucumber Mosaic Virus)
spinach_0_0079.jpg,86.4784,135.4173,69.3816,19.2596,14.1826,13.228,1.9325,0.9354,0.5556,0.8513,0.4292,42395.4204,967.7035,0.77,0.931,1.1969,0.0,0.0,1.6928,0.0996,0.0868,0.0284,0.2531,0,No Disease
spinach_4_0031.jpg,112.3305,117.9301,52.3604,35.1615,30.4067,26.7407,8.0818,0.6146,0.434,0.7315,0.9015,52362.9718,1025.2664,0.765,0.885,1.1656,21.3737,0.0317,5.6167,0.2598,0.1626,0.1731,0.4508,4,Cladosporium Leaf Spot
spinach_4_0141.jpg,123.095,125.8926,78.6567,34.1753,27.3628,20.4666,10.2067,0.6295,0.2195,0.6616,0.6604,48371.8124,890.6192,0.7357,0.8778,1.0105,15.1308,0.0259,6.631,0.2253,0.2135,0.135,0.4856,4,Cladosporium Leaf Spot
spinach_4_0087.jpg,118.7272,129.7331,62.3627,23.929,35.752,24.1546,7.3032,0.6052,0.3094,0.5767,0.7765,47513.835,957.0888,0.8211,0.9306,1.0531,14.787,0.0222,11.448,0.3031,0.1623,0.1723,0.4985,4,Cladosporium Leaf Spot
spinach_3_0012.jpg,128.6425,130.9193,62.3786,30.1278,13.6208,15.4285,4.3796,0.8781,0.43,0.8091,0.5528,57981.2921,746.5277,0.8242,0.915,1.184,4.7229,0.0172,3.8155,0.1199,0.0688,0.0555,0.2904,3,White Rust
spinach_3_0153.jpg,131.1881,138.6891,73.6042,24.415,25.3241,14.49,2.8122,0.5719,0.4493,0.7259,0.4597,53173.2619,862.4493,0.694,0.9836,1.107,3.6673,0.0116,3.6883,0.1612,0.1721,0.068,0.4284,3,White Rust
spinach_0_0059.jpg,109.1197,159.4544,75.7484,23.2894,30.5537,14.1448,0.6436,0.9342,0.6151,0.8431,0.3168,63549.2221,952.6843,0.7261,0.9529,1.1113,0.9885,0.0105,0.0,0.1176,0.1565,0.0517,0.1699,0,No Disease
spinach_5_0062.jpg,83.6941,131.1287,57.458,29.4194,20.7379,16.652,6.0516,0.6625,0.3065,0.7275,0.5018,50127.369,857.2673,0.6612,0.8869,1.1275,7.7458,0.0281,6.1788,0.1591,0.1495,0.1106,0.2699,5,Spinach Blight (Cucumber Mosaic Virus)
spinach_3_0169.jpg,109.452,128.4024,73.874,26.1654,21.6541,15.8409,4.1643,0.829,0.5004,0.7466,0.2889,48125.7618,856.7305,0.7256,0.9097,1.1753,7.8508,0.0249,1.2849,0.1547,0.0424,0.0593,0.1963,3,White Rust
spinach_5_0131.jpg,100.5943,105.9465,70.2568,34.1528,22.4279,14.0096,3.2953,0.7309,0.5232,0.6389,0.6228,47757.7522,1062.0532,0.9455,0.9106,1.1618,15.4808,0.0138,6.6573,0.159,0.1431,0.1185,0.3465,5,Spinach Blight (Cucumber Mosaic Virus)
spinach_1_0044.jpg,118.8139,119.6974,63.0954,27.0653,17.1644,18.8419,4.9504,0.7731,0.4669,0.7193,0.6569,50089.6054,613.038,0.7609,0.937,0.9655,10.4508,0.0327,3.4309,0.1901,0.0778,0.1207,0.3033,1,Downy Mildew
spinach_2_0103.jpg,120.6615,114.3228,48.4662,35.27,29.3821,17.1688,6.6055,0.9301,0.3813,0.6481,0.5892,58860.4949,964.7759,0.8844,0.9062,1.1803,10.6067,0.0283,6.6167,0.2991,0.1728,0.0944,0.3551,2,Anthracnose
spinach_0_0053.jpg,92.72,128.8081,83.8794,14.7086,10.3873,13.0552,2.7144,0.8918,0.528,0.8328,0.3488,47602.4519,1148.1633,0.7879,0.9522,1.0809,1.2562,0.0003,0.0,0.0311,0.0076,0.0,0.1044,0,No Disease
spinach_3_0126.jpg,129.0593,125.4151,64.5854,13.9265,27.8612,19.2956,5.9392,0.8081,0.504,0.7795,0.5888,46693.5779,787.8821,0.7739,0.903,1.224,9.5006,0.0113,3.5112,0.1767,0.1173,0.0768,0.2855,3,White Rust
spinach_0_0045.jpg,99.9926,120.794,63.6397,14.8948,17.2609,13.9046,1.4274,0.9496,0.6072,0.9021,0.461,55080.6733,709.2047,0.7481,0.8755,1.1229,1.9815,0.0144,3.3377,0.1101,0.06,0.0521,0.1578,0,No Disease
spinach_2_0105.jpg,98.23,123.7549,56.0021,20.1677,27.5039,24.7559,8.6373,0.6741,0.3502,0.839,0.6907,53597.8092,826.046,0.8414,0.8636,1.043,9.1669,0.0222,8.3508,0.1994,0.1887,0.1479,0.3478,2,Anthracnose
spinach_4_0152.jpg,112.3403,142.1354,60.4626,33.4171,34.6347,20.0714,6.7725,0.6121,0.4444,0.7384,0.842,50304.2003,1012.957,0.7868,0.9069,1.151,25.1873,0.0343,7.0273,0.3398,0.2489,0.1189,0.3096,4,Cladosporium Leaf Spot
spinach_3_0166.jpg,119.6876,125.7948,77.5562,24.6333,21.6821,14.8735,4.022,0.8043,0.3561,0.7423,0.508,51832.204,1052.956,0.762,0.9027,1.3297,6.2673,0.0155,3.3559,0.1562,0.1231,0.093,0.3123,3,White Rust
spinach_2_0021.jpg,115.3218,116.0891,45.7872,23.492,23.0951,14.444,9.3937,0.7094,0.3776,0.5467,0.5076,49988.2931,1077.049,0.7581,0.9216,1.0416,14.221,0.0367,5.4773,0.1955,0.2167,0.1111,0.4373,2,Anthracnose
spinach_4_0017.jpg,114.5467,127.2067,56.2929,32.7287,29.0407,26.301,8.7951,0.6622,0.3476,0.7698,0.8023,63529.9314,894.9851,0.8475,0.8718,1.1821,15.1829,0.0376,7.024,0.2926,0.1806,0.1103,0.3683,4,Cladosporium Leaf Spot
spinach_2_0145.jpg,116.2497,106.6775,65.9614,24.494,20.9471,17.9059,8.6587,0.6754,0.3881,0.6989,0.5774,46646.3455,817.9574,0.7157,0.8874,0.9935,16.3107,0.0323,3.7714,0.2152,0.2342,0.0855,0.3841,2,Anthracnose
spinach_1_0095.jpg,115.6199,118.1247,70.9261,37.4876,15.1909,19.6154,7.6501,0.6242,0.4753,0.8455,0.6178,53751.3154,1076.0902,0.9069,0.9085,1.0574,6.3201,0.0278,2.3308,0.1774,0.1341,0.0674,0.3324,1,Downy Mildew
spinach_4_0044.jpg,117.0009,130.4249,59.4108,39.7578,21.5397,28.7975,8.4018,0.5485,0.4962,0.7894,0.5526,51383.9219,960.5663,0.8165,0.9279,1.1746,19.0607,0.0522,9.1863,0.2524,0.1679,0.1611,0.3266,4,Cladosporium Leaf Spot
spinach_1_0165.jpg,116.3785,111.3941,54.2152,24.6102,20.6384,21.4713,6.4919,0.9216,0.4284,0.8381,0.527,42625.2684,864.7698,0.6941,0.9104,1.0376,2.1829,0.0339,3.8324,0.1081,0.1659,0.0618,0.3972,1,Downy Mildew
spinach_2_0061.jpg,110.6065,117.4492,55.8026,27.3874,24.2645,24.0847,5.6832,0.7563,0.4323,0.777,0.5771,41502.6173,879.5814,0.9739,0.9317,1.0356,15.698,0.0328,3.6369,0.2985,0.1533,0.1077,0.3519,2,Anthracnose
spinach_4_0031.jpg,112.3305,117.9301,52.3604,35.1615,30.4067,26.7407,8.0818,0.6146,0.434,0.7315,0.9015,52362.9718,1025.2664,0.765,0.885,1.1656,21.3737,0.0317,5.6167,0.2598,0.1626,0.1731,0.4508,4,Cladosporium Leaf Spot
spinach_0_0102.jpg,105.1172,112.7827,76.1336,8.9026,24.3497,15.6779,3.6994,0.8278,0.4558,0.8983,0.4166,49542.2959,928.4661,0.936,0.9509,1.204,5.3757,0.0178,0.8579,0.0,0.0725,0.0603,0.1224,0,No Disease
spinach_3_0135.jpg,128.2761,146.3278,73.9685,38.3825,28.0903,19.645,3.2501,0.7491,0.4335,0.8158,0.48,57460.8859,766.0437,0.682,0.9166,1.0426,2.9671,0.0119,2.6293,0.1705,0.0952,0.0565,0.2796,3,White Rust
spinach_1_0104.jpg,121.9798,122.829,57.5046,29.0674,23.3114,13.2899,3.0256,0.6482,0.3594,0.789,0.6319,56326.3969,975.2802,0.8543,0.9252,1.1168,14.3974,0.0274,5.477,0.2536,0.0362,0.0727,0.2855,1,Downy Mildew
spinach_0_0088.jpg,98.3412,143.7741,74.0148,12.976,22.6134,14.6232,0.1114,0.9951,0.6301,0.7915,0.5977,55293.9868,918.9804,0.8654,0.934,1.1178,0.0,0.0107,2.0579,0.1007,0.0484,0.0432,0.1944,0,No Disease
spinach_0_0028.jpg,105.3211,141.958,67.0427,22.3557,14.3327,13.3534,4.3165,0.8168,0.387,0.9928,0.6749,49973.6537,726.3162,0.7514,0.9228,1.1048,0.0,0.0106,2.1441,0.0253,0.108,0.0913,0.2138,0,No Disease
spinach_2_0160.jpg,119.7334,118.1668,70.4846,33.7548,29.6198,30.5306,6.8349,0.685,0.3791,0.8081,0.6903,46758.6131,938.7676,0.751,0.9133,1.1131,13.2424,0.0315,3.422,0.2381,0.1415,0.1816,0.3625,2,Anthracnose
spinach_0_0076.jpg,105.976,128.6542,67.7658,20.3664,17.1876,14.6365,1.9476,0.8828,0.4646,0.8438,0.5115,45158.3285,901.0444,0.7208,0.9328,1.0889,7.9096,0.0101,0.0,0.1336,0.049,0.0256,0.2251,0,No Disease
spinach_2_0091.jpg,103.0829,95.8851,44.2291,27.3177,23.8316,22.1038,3.1373,0.6727,0.4622,0.8136,0.5006,45993.0362,794.5766,0.8087,0.8695,1.2146,14.1741,0.026,8.9669,0.2292,0.176,0.0912,0.2404,2,Anthracnose
spinach_4_0087.jpg,118.7272,129.7331,62.3627,23.929,35.752,24.1546,7.3032,0.6052,0.3094,0.5767,0.7765,47513.835,957.0888,0.8211,0.9306,1.0531,14.787,0.0222,11.448,0.3031,0.1623,0.1723,0.4985,4,Cladosporium Leaf Spot
spinach_3_0143.jpg,121.5786,149.7814,49.6661,30.8494,17.4426,21.0581,3.6508,0.9294,0.47,0.7304,0.5199,51948.1854,922.7677,0.8063,0.92,0.9998,6.6389,0.0219,2.7942,0.2036,0.1213,0.0646,0.3755,3,White Rust
spinach_0_0073.jpg,108.8847,119.642,78.0144,20.6431,28.9348,10.5995,1.8255,1.0,0.6753,0.8313,0.4424,52009.9968,948.1956,0.7281,0.9278,0.9922,2.5405,0.0096,0.7906,0.0192,0.1195,0.0491,0.1419,0,No Disease
spinach_3_0168.jpg,113.0406,127.2135,76.1852,31.2565,20.9622,21.0442,6.8353,0.6337,0.4243,0.9213,0.5799,45853.9196,916.7282,0.8413,0.8563,1.1241,6.5103,0.0039,4.1475,0.1632,0.119,0.0613,0.1983,3,White Rust
spinach_0_0030.jpg,109.8207,133.2501,51.482,23.9242,18.3618,12.1445,0.01,0.9669,0.6079,1.0,0.462,53938.5157,903.3072,0.819,0.9456,1.2201,0.0,0.0025,0.3376,0.1395,0.1399,0.0285,0.166,0,No Disease
spinach_3_0053.jpg,110.8998,130.4857,63.3038,31.0237,18.9588,21.8096,5.1327,0.8423,0.528,0.7777,0.3804,50341.2956,903.0044,0.7972,0.9016,1.2013,8.0545,0.0096,3.1752,0.2664,0.1466,0.0962,0.1967,3,White Rust
spinach_4_0140.jpg,128.9114,114.1161,57.8367,31.6788,35.8444,21.5765,6.5645,0.6489,0.3974,0.6108,0.827,57341.9967,1010.0462,0.8112,0.8877,1.2088,18.0616,0.0415,11.0249,0.3118,0.1501,0.099,0.3662,4,Cladosporium Leaf Spot
spinach_0_0090.jpg,109.9792,140.1248,63.0163,23.8343,10.8765,19.6358,6.8576,0.9293,0.6266,0.8455,0.239,48986.4032,810.7105,0.6832,0.9731,1.1418,3.5188,0.0035,0.8888,0.1482,0.0787,0.0533,0.1843,0,No Disease
spinach_3_0121.jpg,133.4828,149.1109,78.2493,27.2043,10.7197,17.46,7.0519,0.8998,0.569,0.7635,0.4193,51296.8421,906.4807,0.8739,0.9257,1.1113,8.294,0.0202,5.1276,0.1338,0.0777,0.1043,0.1487,3,White Rust
spinach_3_0041.jpg,119.1082,133.6174,70.0606,17.5734,15.7057,20.0052,6.8379,0.768,0.3967,0.6296,0.6453,47820.3418,790.2563,0.6771,0.884,1.0331,7.0446,0.0073,4.3343,0.1577,0.2089,0.0274,0.2929,3,White Rust
spinach_0_0090.jpg,109.9792,140.1248,63.0163,23.8343,10.8765,19.6358,6.8576,0.9293,0.6266,0.8455,0.239,48986.4032,810.7105,0.6832,0.9731,1.1418,3.5188,0.0035,0.8888,0.1482,0.0787,0.0533,0.1843,0,No Disease
spinach_4_0114.jpg,137.5432,117.5613,67.127,43.7784,33.3131,22.4206,8.6029,0.6685,0.4547,0.745,0.483,46218.9772,882.9973,0.7291,0.7975,1.012,17.9856,0.0298,5.7055,0.2721,0.2037,0.1183,0.4997,4,Cladosporium Leaf Spot
spinach_2_0042.jpg,101.7985,113.4267,51.8346,23.9248,22.9134,18.4001,6.2857,0.7146,0.3897,0.8382,0.469,52346.7048,880.642,0.8489,0.9179,1.0668,14.6906,0.021,7.2046,0.1361,0.1911,0.1094,0.311,2,Anthracnose
spinach_2_0174.jpg,107.293,121.8715,58.1955,30.1203,26.174,19.5703,7.5697,0.6569,0.3076,0.771,0.6999,48859.5052,1014.0057,0.6898,0.9318,1.0096,14.8461,0.0223,4.4386,0.2957,0.2342,0.1045,0.3768,2,Anthracnose
spinach_0_0002.jpg,103.4547,134.2884,69.1829,22.6615,18.8272,16.6509,2.7324,1.0,0.5475,0.8441,0.3386,55079.8971,1032.8972,0.7632,0.909,1.054,4.6024,0.0119,2.1777,0.0667,0.0893,0.0429,0.2175,0,No Disease
spinach_5_0013.jpg,94.249,118.9983,68.7237,25.4515,23.6784,24.7188,8.7407,0.5651,0.5312,0.8115,0.6699,48296.4169,909.0433,0.7716,0.8956,0.972,5.0339,0.0427,5.5135,0.2202,0.1488,0.0693,0.3154,5,Spinach Blight (Cucumber Mosaic Virus)
spinach_0_0028.jpg,105.3211,141.958,67.0427,22.3557,14.3327,13.3534,4.3165,0.8168,0.387,0.9928,0.6749,49973.6537,726.3162,0.7514,0.9228,1.1048,0.0,0.0106,2.1441,0.0253,0.108,0.0913,0.2138,0,No Disease
spinach_0_0125.jpg,118.6847,141.6774,65.4249,27.8769,16.6949,15.5047,1.4227,0.8288,0.4625,0.9243,0.3417,67297.6561,811.3926,0.6946,0.9428,1.2423,2.2584,0.0106,0.0,0.0661,0.0371,0.0,0.2094,0,No Disease
spinach_3_0100.jpg,124.5864,147.4886,73.3062,18.6802,24.7499,24.0228,4.7657,0.7503,0.3343,0.8279,0.5709,46889.0804,872.416,0.7893,0.906,1.1102,1.0003,0.0278,4.0286,0.115,0.0216,0.0957,0.3246,3,White Rust
spinach_3_0066.jpg,117.9393,125.6289,79.5013,29.0104,19.2792,16.5445,7.1543,0.7989,0.5728,0.7758,0.6012,53001.1383,842.5889,0.7714,0.8904,1.1495,11.045,0.0249,5.1998,0.1636,0.1821,0.0923,0.3911,3,White Rust
spinach_5_0097.jpg,94.9773,105.7854,62.496,23.0674,30.9101,23.8889,3.937,0.7121,0.2748,0.824,0.8114,49221.3135,784.7355,0.7701,0.8887,1.0815,17.4819,0.0316,7.1478,0.2185,0.1039,0.0707,0.3449,5,Spinach Blight (Cucumber Mosaic Virus)
spinach_3_0008.jpg,135.4841,149.2239,78.0431,27.2922,33.8007,17.5389,8.4109,0.8315,0.5672,0.7576,0.6344,58634.8708,796.2641,0.7702,0.8665,1.0957,4.736,0.0153,9.2626,0.2559,0.0624,0.0839,0.3439,3,White Rust
spinach_2_0095.jpg,93.7465,101.8349,51.6684,33.8287,25.9753,20.1036,8.2184,0.7565,0.3785,0.6429,0.717,48833.659,855.8987,0.7693,0.9231,1.1,18.1428,0.0377,6.9262,0.2047,0.2016,0.1216,0.5583,2,Anthracnose
spinach_4_0149.jpg,119.6583,124.9879,63.706,32.9291,25.8594,19.0586,8.6814,0.5274,0.2298,0.6334,0.8031,60438.7962,987.9259,0.876,0.9063,1.0993,28.0232,0.0234,6.7562,0.2532,0.2257,0.1055,0.4511,4,Cladosporium Leaf Spot
spinach_5_0135.jpg,100.0366,109.762,59.5659,33.5743,27.7273,22.9782,9.8863,0.7479,0.496,0.7491,0.6147,44204.3134,894.139,0.6502,0.9068,1.1152,11.1297,0.0233,3.1479,0.2793,0.1365,0.0657,0.3836,5,Spinach Blight (Cucumber Mosaic Virus)
spinach_2_0017.jpg,106.4361,113.0426,57.199,37.3488,27.1503,18.0573,4.967,0.6911,0.2896,0.5906,0.7536,53422.492,843.1863,0.8176,0.9047,1.1282,16.419,0.0062,5.6671,0.2559,0.1436,0.1109,0.4101,2,Anthracnose
spinach_3_0072.jpg,124.1276,141.2852,67.7821,33.1903,25.5239,19.5709,6.0551,0.7739,0.4636,0.8707,0.4602,51616.5482,1023.971,0.7985,0.9108,0.9735,0.0,0.0336,4.5553,0.1408,0.134,0.0463,0.2535,3,White Rust
spinach_2_0106.jpg,120.9377,121.8419,58.9315,33.7516,36.1997,20.4509,5.3694,0.5986,0.4596,0.7791,0.6363,39319.9323,812.5243,0.8329,0.8983,1.0944,11.9066,0.0351,6.7177,0.2593,0.1664,0.1231,0.3867,2,Anthracnose
spinach_2_0025.jpg,99.3661,131.7437,48.743,21.7491,27.6668,21.3452,4.4422,0.7221,0.2207,0.6275,0.6325,54011.112,1009.5468,0.8662,0.8962,0.8858,15.5634,0.0388,8.3208,0.2531,0.1124,0.0969,0.5047,2,Anthracnose
spinach_0_0048.jpg,103.4875,143.7585,72.4953,20.552,14.9583,9.4076,0.01,0.9523,0.5579,0.8383,0.4209,55974.6613,938.0364,0.7306,0.9607,1.2463,3.9782,0.0138,3.4355,0.1565,0.1046,0.055,0.2416,0,No Disease
spinach_2_0058.jpg,103.9379,121.2187,57.7657,27.9634,26.5861,29.3782,6.2469,0.6422,0.2434,0.697,0.7557,54180.9906,890.8218,0.8574,0.9183,1.169,17.9372,0.0396,5.7946,0.1636,0.1865,0.1295,0.4756,2,Anthracnose
spinach_3_0045.jpg,118.183,145.8799,70.2655,16.2973,23.3442,20.8425,5.4179,0.816,0.5797,0.809,0.5523,57239.8378,1129.2741,0.8349,0.9252,1.1446,9.0242,0.0171,7.8973,0.1325,0.1662,0.0669,0.1616,3,White Rust
spinach_1_0007.jpg,114.2171,119.4569,74.2676,14.304,27.9893,19.145,4.8024,0.8754,0.3729,0.7124,0.597,53069.2369,855.8144,0.6956,0.8884,1.2025,10.2991,0.0236,4.3294,0.157,0.1971,0.0753,0.2745,1,Downy Mildew
spinach_5_0110.jpg,122.087,127.258,62.5041,28.3156,24.3348,23.4532,4.7477,0.6468,0.2266,0.7021,0.7565,48739.4949,860.3838,0.8267,0.8749,1.092,15.5613,0.0265,7.1607,0.2732,0.1765,0.0722,0.3125,5,Spinach Blight (Cucumber Mosaic Virus)
spinach_0_0050.jpg,104.0155,136.3171,55.2204,15.529,15.6846,12.2566,4.3489,0.8868,0.6831,0.8843,0.4237,51556.0178,920.3796,0.8731,0.872,0.9599,0.0,0.0061,2.4422,0.1237,0.0646,0.0655,0.2824,0,No Disease
spinach_1_0130.jpg,121.4482,136.4059,67.4902,22.0901,28.9513,25.6671,5.8163,0.6205,0.4208,0.7736,0.4955,49199.3097,759.0631,0.8264,0.9141,0.9683,11.4059,0.0195,5.7295,0.1704,0.0979,0.0607,0.2669,1,Downy Mildew
spinach_3_0101.jpg,126.1069,145.5001,73.8872,25.9722,20.7289,18.3314,5.5156,0.8818,0.4518,0.8834,0.5873,53403.4548,1145.5109,0.8792,0.962,1.0462,16.7687,0.0163,3.5905,0.062,0.1331,0.0429,0.3127,3,White Rust
spinach_3_0028.jpg,136.8869,127.2646,61.5799,20.8572,18.0829,25.9708,4.3856,0.7611,0.522,0.6636,0.5553,46015.6414,875.5585,0.7448,0.9041,1.128,8.8849,0.0152,4.6672,0.1266,0.1473,0.0648,0.2413,3,White Rust
spinach_0_0062.jpg,100.0834,132.6128,77.5574,21.2795,20.2587,14.9648,2.8724,0.8665,0.7584,0.7702,0.5461,58839.5373,834.7841,0.9038,0.9549,1.1977,2.1121,0.0043,0.8231,0.1195,0.136,0.0445,0.1271,0,No Disease
spinach_0_0141.jpg,119.2698,139.9391,58.708,10.7794,18.2754,12.6321,0.4452,0.895,0.6292,0.7783,0.3751,59549.3534,812.4712,0.8222,0.9179,1.1637,6.3893,0.0119,2.8365,0.0424,0.1245,0.0187,0.2208,0,No Disease
spinach_4_0002.jpg,126.0838,113.4496,53.2945,28.4383,26.231,26.6187,8.318,0.5424,0.3378,0.58,0.8244,54634.5145,887.6053,0.8063,0.9338,1.0574,14.223,0.0386,5.4612,0.2595,0.166,0.1125,0.37,4,Cladosporium Leaf Spot
spinach_0_0052.jpg,95.0215,138.0666,59.1984,16.1901,17.7431,16.4648,2.7097,0.7944,0.6484,0.824,0.4833,51946.8066,782.3613,0.751,0.9391,1.169,1.436,0.0183,3.0135,0.0872,0.11,0.0883,0.3568,0,No Disease
spinach_2_0113.jpg,112.1853,123.1639,48.887,31.758,28.026,23.5561,5.8384,0.7751,0.544,0.6223,0.762,35610.7492,946.861,0.6878,0.8869,0.975,13.1376,0.0337,2.7568,0.212,0.1395,0.1495,0.3845,2,Anthracnose
spinach_4_0017.jpg,114.5467,127.2067,56.2929,32.7287,29.0407,26.301,8.7951,0.6622,0.3476,0.7698,0.8023,63529.9314,894.9851,0.8475,0.8718,1.1821,15.1829,0.0376,7.024,0.2926,0.1806,0.1103,0.3683,4,Cladosporium Leaf Spot
spinach_2_0111.jpg,113.3989,109.8769,56.8469,40.7931,37.6022,18.7836,5.4454,0.5952,0.4646,0.6721,0.714,59984.8367,878.9535,0.8424,0.913,1.0329,18.2366,0.0202,8.5118,0.2006,0.1409,0.0828,0.2761,2,Anthracnose
spinach_3_0108.jpg,120.2134,145.0188,73.7834,15.8236,27.2255,17.557,5.2017,0.6949,0.4897,0.9586,0.5627,49200.7614,881.7839,0.6919,0.9562,1.135,3.8044,0.0089,4.0275,0.2166,0.074,0.0978,0.2727,3,White Rust
spinach_1_0012.jpg,108.7683,117.2191,65.0024,27.3299,21.6779,16.9437,3.3468,0.7361,0.3928,0.712,0.7647,50588.3716,1027.0043,0.758,0.9161,1.0956,3.2095,0.0314,4.5567,0.2273,0.0999,0.0759,0.2407,1,Downy Mildew
spinach_3_0143.jpg,121.5786,149.7814,49.6661,30.8494,17.4426,21.0581,3.6508,0.9294,0.47,0.7304,0.5199,51948.1854,922.7677,0.8063,0.92,0.9998,6.6389,0.0219,2.7942,0.2036,0.1213,0.0646,0.3755,3,White Rust
spinach_1_0097.jpg,124.4143,130.0983,66.0641,22.9158,34.352,18.6815,8.1452,0.7249,0.4946,0.8114,0.7247,46796.8815,1007.5635,0.9008,0.9035,1.1028,7.9062,0.0172,7.8806,0.1398,0.0923,0.1203,0.36,1,Downy Mildew
spinach_3_0106.jpg,137.9135,131.4715,63.8395,20.3935,17.4509,19.9976,4.8352,0.6418,0.6435,0.7618,0.5566,48368.8128,878.299,0.7585,0.9199,1.1088,11.2195,0.0188,5.2677,0.1695,0.1293,0.064,0.3602,3,White Rust
spinach_3_0107.jpg,127.2262,134.2612,65.4967,24.4538,22.1522,19.7746,3.85,0.8312,0.5262,0.9049,0.4896,54832.1936,714.0863,0.8297,0.8836,1.0313,9.3289,0.012,2.635,0.1458,0.1492,0.0467,0.2757,3,White Rust
spinach_2_0015.jpg,105.4397,115.3466,67.2953,24.4862,36.0235,17.6434,6.4129,0.604,0.555,0.6648,0.6399,48146.2563,889.5603,0.7803,0.8967,0.7977,14.2286,0.0271,7.9694,0.2955,0.1525,0.1304,0.2619,2,Anthracnose
spinach_5_0034.jpg,107.4364,109.4665,50.9721,34.1247,28.0836,16.4675,5.7789,0.6466,0.4542,0.704,0.6427,48554.0279,721.9865,0.8943,0.9166,1.0302,12.7674,0.0318,5.5003,0.2878,0.2667,0.0868,0.2934,5,Spinach Blight (Cucumber Mosaic Virus)
spinach_2_0051.jpg,102.2557,105.3242,54.6859,25.1052,30.4778,19.8681,5.4805,0.6486,0.4594,0.715,0.68,42834.7762,765.7292,0.7233,0.9327,1.1224,10.5535,0.0225,4.6145,0.1857,0.1784,0.1028,0.5165,2,Anthracnose
spinach_2_0098.jpg,115.9444,121.4912,51.4749,22.1528,16.8861,23.2794,7.5067,0.5855,0.4637,0.7107,0.8249,51852.6793,773.3666,0.8275,0.9168,1.0362,8.2316,0.0278,4.2985,0.286,0.1437,0.1531,0.1801,2,Anthracnose
spinach_0_0175.jpg,107.7332,163.6271,83.4383,18.4624,15.4099,16.8788,0.5754,0.9933,0.6089,0.898,0.4887,60614.1494,937.0955,0.7632,0.9677,1.1974,0.7161,0.006,1.5517,0.1181,0.0257,0.0014,0.129,0,No Disease
spinach_2_0026.jpg,96.8327,103.3737,65.5404,27.8442,21.0912,29.1119,7.7838,0.6495,0.2883,0.8433,0.6876,56986.6403,969.3634,0.7687,0.8872,1.1957,19.8501,0.012,7.0896,0.2239,0.1187,0.1165,0.242,2,Anthracnose
spinach_5_0137.jpg,116.3729,129.9809,69.2688,29.1854,26.4742,22.0408,8.3266,0.6402,0.3871,0.7102,0.4774,53794.5745,976.2919,0.7719,0.9258,0.9633,12.0958,0.023,5.5579,0.2141,0.1469,0.0803,0.3313,5,Spinach Blight (Cucumber Mosaic Virus)
spinach_1_0042.jpg,115.7918,137.813,73.4379,22.1208,20.3303,15.255,8.9516,0.7644,0.4684,0.6662,0.6099,53546.2399,874.7242,0.8545,0.9678,1.0242,5.9117,0.013,7.6912,0.2421,0.1246,0.0809,0.2447,1,Downy Mildew
spinach_3_0044.jpg,132.2267,146.616,64.9822,15.7388,18.2168,19.6092,3.48,0.6856,0.4656,0.9501,0.5012,51485.9707,773.7964,0.8546,0.9419,1.1745,13.4392,0.0136,3.4556,0.2555,0.1453,0.0145,0.3164,3,White Rust
spinach_4_0063.jpg,101.4706,113.4761,54.9876,36.6781,34.0627,20.8004,9.4804,0.6821,0.2456,0.6541,0.7941,51316.1771,718.9459,0.7979,0.9059,1.1964,15.3248,0.0296,7.124,0.2846,0.1939,0.1451,0.3,4,Cladosporium Leaf Spot
spinach_2_0116.jpg,117.3186,119.7468,54.6972,30.1894,27.8236,24.5995,8.2484,0.6174,0.2627,0.7059,0.5153,48381.695,829.081,0.8295,0.9496,0.9244,23.0967,0.0251,6.7261,0.1593,0.1999,0.111,0.3451,2,Anthracnose
spinach_4_0122.jpg,116.3841,124.6219,49.6418,35.3034,24.8481,27.4349,9.7894,0.5984,0.2629,0.7681,0.8473,51259.8817,1036.8428,0.795,0.8745,0.9899,17.5688,0.0402,10.0016,0.2712,0.2385,0.1246,0.3275,4,Cladosporium Leaf Spot
spinach_1_0034.jpg,113.5432,107.0953,63.5647,27.1289,24.9146,29.425,7.609,0.8028,0.353,0.7241,0.6005,47122.9644,950.0465,0.8114,0.8828,1.1957,10.4092,0.0062,4.7076,0.2041,0.1689,0.0716,0.3762,1,Downy Mildew
spinach_2_0094.jpg,128.951,122.5663,52.9147,24.4518,32.1406,18.5455,5.269,0.6187,0.3891,0.7435,0.8093,55224.8565,880.0774,0.8612,0.8832,0.9343,11.3155,0.0205,4.9624,0.182,0.1416,0.1255,0.4872,2,Anthracnose
spinach_3_0143.jpg,121.5786,149.7814,49.6661,30.8494,17.4426,21.0581,3.6508,0.9294,0.47,0.7304,0.5199,51948.1854,922.7677,0.8063,0.92,0.9998,6.6389,0.0219,2.7942,0.2036,0.1213,0.0646,0.3755,3,White Rust
spinach_0_0051.jpg,106.8406,149.5892,74.1812,17.1926,20.4891,15.4425,2.0023,1.0,0.3839,0.7808,0.3013,50183.6968,894.5392,0.6796,0.9054,1.0511,11.8297,0.0204,0.4589,0.0818,0.034,0.0,0.1906,0,No Disease
spinach_1_0123.jpg,137.5549,138.3527,74.0602,30.8339,32.5495,28.4034,7.117,0.7965,0.4136,0.7571,0.5762,54106.2581,827.9652,0.7785,0.8511,1.2378,9.1181,0.0236,7.424,0.205,0.1878,0.049,0.5018,1,Downy Mildew
spinach_5_0119.jpg,110.3195,97.0979,74.5037,29.349,25.8386,23.1892,5.0384,0.721,0.3046,0.8244,0.5473,51694.4032,766.525,0.778,0.8907,1.3285,11.9422,0.0174,4.5998,0.1348,0.1435,0.1363,0.3669,5,Spinach Blight (Cucumber Mosaic Virus)
spinach_5_0127.jpg,99.7225,108.4343,71.6028,30.7577,31.9344,20.5542,5.6099,0.743,0.4823,0.7878,0.6822,50663.3125,866.3711,0.8346,0.9509,1.0706,10.542,0.0205,6.1009,0.1039,0.1446,0.112,0.2979,5,Spinach Blight (Cucumber Mosaic Virus)
spinach_5_0136.jpg,102.1076,108.0583,61.2877,28.9718,32.7291,23.8782,6.3415,0.7782,0.4022,0.7581,0.6651,52448.9021,825.5856,0.7416,0.9227,1.2104,7.6325,0.0254,4.592,0.2542,0.1599,0.1732,0.3159,5,Spinach Blight (Cucumber Mosaic Virus)
spinach_2_0036.jpg,114.4415,109.6543,53.2832,21.4781,19.1432,18.172,7.3123,0.7661,0.2371,0.6616,0.5533,48678.6145,987.5769,0.7732,0.8988,1.1964,15.8316,0.0209,6.386,0.1886,0.1768,0.1229,0.2406,2,Anthracnose
spinach_4_0175.jpg,114.9279,118.5476,65.4771,32.6836,28.7659,19.3774,5.3642,0.574,0.2533,0.6788,0.5801,48264.1995,872.6925,0.7876,0.9,1.0439,15.33,0.044,6.9239,0.341,0.177,0.1296,0.3789,4,Cladosporium Leaf Spot
spinach_2_0116.jpg,117.3186,119.7468,54.6972,30.1894,27.8236,24.5995,8.2484,0.6174,0.2627,0.7059,0.5153,48381.695,829.081,0.8295,0.9496,0.9244,23.0967,0.0251,6.7261,0.1593,0.1999,0.111,0.3451,2,Anthracnose
spinach_5_0040.jpg,112.7869,118.1044,52.0658,32.7689,32.5179,22.6942,9.7657,0.6043,0.4548,0.6586,0.7559,52564.3043,1050.1356,0.84,0.8899,1.0507,10.9993,0.0199,7.8248,0.2738,0.0901,0.091,0.345,5,Spinach Blight (Cucumber Mosaic Virus)
spinach_0_0180.jpg,114.7466,131.2299,66.1314,16.772,20.6632,11.0001,2.6064,0.9597,0.5729,0.9507,0.3896,50930.722,822.2754,0.831,0.9108,1.148,1.7147,0.0,0.1036,0.1691,0.0881,0.0148,0.2244,0,No Disease
spinach_3_0021.jpg,120.9692,153.0358,59.1714,25.2591,24.3148,16.5488,3.7189,0.7129,0.5733,0.914,0.5615,50158.9071,845.0159,0.7801,0.9062,1.1022,9.6529,0.0138,3.6587,0.1607,0.1073,0.059,0.341,3,White Rust
spinach_0_0073.jpg,108.8847,119.642,78.0144,20.6431,28.9348,10.5995,1.8255,1.0,0.6753,0.8313,0.4424,52009.9968,948.1956,0.7281,0.9278,0.9922,2.5405,0.0096,0.7906,0.0192,0.1195,0.0491,0.1419,0,No Disease
spinach_2_0116.jpg,117.3186,119.7468,54.6972,30.1894,27.8236,24.5995,8.2484,0.6174,0.2627,0.7059,0.5153,48381.695,829.081,0.8295,0.9496,0.9244,23.0967,0.0251,6.7261,0.1593,0.1999,0.111,0.3451,2,Anthracnose
spinach_0_0151.jpg,89.1869,146.7461,87.5269,23.6061,24.309,11.6156,2.4018,0.8245,0.5618,0.9341,0.4302,44936.7949,788.4971,0.6871,0.9423,1.2851,7.4498,0.0,3.7579,0.1468,0.0182,0.0324,0.2876,0,No Disease
spinach_1_0051.jpg,122.8031,120.1284,65.7115,39.1374,24.5121,26.8474,4.2414,0.7366,0.4796,0.7878,0.5334,46952.4127,998.8284,0.8615,0.9478,1.2443,10.5385,0.0175,7.2318,0.2257,0.0907,0.0542,0.3494,1,Downy Mildew
spinach_2_0131.jpg,117.7367,125.8651,52.5811,27.1823,26.3948,28.7748,9.8795,0.7435,0.4065,0.7935,0.6644,48045.2923,867.0978,0.7413,0.8956,0.9906,18.1,0.0313,8.6732,0.1485,0.2361,0.0707,0.2541,2,Anthracnose
spinach_5_0174.jpg,87.3963,114.8424,66.5306,29.9747,26.735,19.3904,7.4057,0.655,0.314,0.7772,0.7436,52530.9905,849.2805,0.6936,0.937,0.9336,14.3442,0.0409,5.669,0.2246,0.1652,0.095,0.528,5,Spinach Blight (Cucumber Mosaic Virus)
spinach_4_0129.jpg,108.0427,123.5525,54.7695,31.0133,29.7192,27.2415,8.7399,0.6519,0.2537,0.6872,0.8151,53944.6727,818.048,0.8449,0.8571,1.0355,16.8979,0.0239,6.9767,0.2811,0.117,0.1201,0.2501,4,Cladosporium Leaf Spot
spinach_4_0014.jpg,117.5566,114.4001,71.4476,21.8872,31.2195,27.9583,6.7918,0.7079,0.3379,0.6218,0.8563,45071.5779,976.9193,0.6711,0.8971,1.0735,15.8412,0.0371,7.3568,0.3227,0.2124,0.1413,0.4133,4,Cladosporium Leaf Spot
spinach_1_0123.jpg,137.5549,138.3527,74.0602,30.8339,32.5495,28.4034,7.117,0.7965,0.4136,0.7571,0.5762,54106.2581,827.9652,0.7785,0.8511,1.2378,9.1181,0.0236,7.424,0.205,0.1878,0.049,0.5018,1,Downy Mildew
spinach_2_0146.jpg,112.0552,128.0218,60.3637,27.8435,27.3338,23.3255,6.8441,0.5745,0.4794,0.7747,0.5856,48496.3718,857.4914,0.7306,0.8533,1.0264,12.5744,0.0155,6.4186,0.2881,0.1937,0.1068,0.2028,2,Anthracnose
spinach_1_0017.jpg,108.8292,136.6608,60.901,26.1533,30.3612,18.0052,5.6552,0.8164,0.4947,0.7488,0.5811,42305.9227,794.3755,0.8091,0.9066,1.106,14.157,0.0105,4.3749,0.1994,0.1018,0.1158,0.3827,1,Downy Mildew
spinach_3_0139.jpg,122.9071,147.6267,70.5233,27.5456,21.3504,18.6574,6.1449,0.7249,0.5268,0.8665,0.4659,48027.7725,850.4304,0.692,0.9083,1.2141,3.8177,0.0276,3.2198,0.2757,0.0927,0.0664,0.2072,3,White Rust
spinach_5_0023.jpg,109.8968,93.1637,63.5317,23.6732,28.8048,24.9068,5.9335,0.6517,0.4478,0.7207,0.7926,58364.7653,970.0711,0.824,0.9456,1.1093,10.0832,0.0186,4.1337,0.2097,0.1685,0.0546,0.3041,5,Spinach Blight (Cucumber Mosaic Virus)
spinach_4_0180.jpg,100.2832,122.206,50.0821,37.3622,28.5401,22.7127,10.173,0.5475,0.2802,0.532,0.891,59864.3285,722.6406,0.7411,0.8917,1.0287,17.8747,0.0331,8.2336,0.222,0.1977,0.1021,0.3571,4,Cladosporium Leaf Spot
spinach_3_0063.jpg,132.0501,132.6956,62.6119,28.5819,16.3524,21.8307,5.4333,0.748,0.4918,0.7871,0.5997,44829.4885,966.4502,0.8416,0.928,1.1581,7.5603,0.0241,4.1174,0.1126,0.1528,0.0291,0.3026,3,White Rust
spinach_0_0077.jpg,100.0825,148.8214,65.8039,16.9053,13.7181,12.7374,3.8686,0.9503,0.7168,1.0,0.3169,52352.0956,802.38,0.7233,0.9142,1.0354,0.0,0.0048,0.0,0.1421,0.0433,0.1102,0.1639,0,No Disease
spinach_2_0169.jpg,97.0157,127.4995,57.5411,18.6557,27.8916,21.3752,6.0534,0.621,0.3698,0.666,0.5043,56360.3394,855.5642,0.7561,0.8718,1.1417,8.8063,0.0281,5.0494,0.2037,0.1159,0.0945,0.3507,2,Anthracnose
spinach_0_0081.jpg,99.1268,139.1208,79.0316,12.5131,10.4485,6.8491,2.0556,0.8105,0.5492,0.9263,0.3558,53156.4101,890.0662,0.8103,0.9419,1.0646,1.3254,0.0143,1.9081,0.0302,0.1062,0.0129,0.313,0,No Disease
spinach_3_0078.jpg,136.5616,146.8298,67.2806,28.3895,26.1149,20.233,5.4845,0.8175,0.499,0.7255,0.4822,50057.0267,834.3336,0.6916,0.9369,1.1377,2.6425,0.0151,3.6683,0.1791,0.0767,0.0362,0.3216,3,White Rust
spinach_3_0084.jpg,122.8451,151.3244,72.6213,24.6479,25.0304,11.8134,3.754,0.793,0.5492,0.794,0.6958,55839.6993,856.1671,0.7716,0.9302,1.0741,14.1252,0.0081,4.569,0.2068,0.1075,0.0565,0.2739,3,White Rust
spinach_3_0057.jpg,134.6381,147.1729,56.3474,21.4332,23.5118,27.7161,3.5054,0.7305,0.4936,0.8234,0.618,47268.2207,851.7952,0.7929,0.9516,1.0909,7.9108,0.0088,7.3538,0.1777,0.1631,0.0707,0.2868,3,White Rust
spinach_2_0108.jpg,109.1754,118.7797,63.3057,28.3156,27.181,18.6247,4.7144,0.5601,0.4319,0.6763,0.5029,49684.5552,755.1179,0.8996,0.8855,1.1345,18.3559,0.0194,6.2369,0.2577,0.1646,0.119,0.2436,2,Anthracnose
spinach_1_0047.jpg,111.9999,127.5841,65.0188,24.6083,19.3213,16.2472,2.693,0.7212,0.3124,0.69,0.5706,44320.4135,937.9752,0.8344,0.8963,1.065,12.1497,0.0143,3.3911,0.2498,0.1654,0.095,0.3841,1,Downy Mildew
spinach_5_0117.jpg,102.6768,91.773,68.1038,34.4348,24.9085,22.2392,7.3714,0.7451,0.2665,0.6666,0.6104,45195.8647,1016.6968,0.8481,0.8723,1.0729,16.5216,0.0188,6.9329,0.2792,0.1986,0.0945,0.4401,5,Spinach Blight (Cucumber Mosaic Virus)
spinach_2_0029.jpg,99.315,123.5937,57.989,27.5863,25.5268,20.239,8.511,0.5666,0.3005,0.677,0.8514,55271.4027,715.9159,0.8811,0.9337,0.9861,3.9142,0.0264,8.1204,0.3096,0.1252,0.1538,0.1718,2,Anthracnose
spinach_3_0116.jpg,135.5299,147.5689,64.8352,22.872,30.7086,19.3395,2.4972,0.8506,0.4715,0.8854,0.5743,51399.9926,1057.6121,0.6877,0.9054,1.039,0.0,0.024,2.9966,0.2153,0.1356,0.0852,0.2436,3,White Rust
spinach_3_0142.jpg,140.4085,138.9981,73.2823,27.8595,31.4905,21.4862,5.9899,0.7671,0.398,0.6954,0.6767,46458.2031,979.5864,0.805,0.9429,1.0688,4.8371,0.02,3.4738,0.1084,0.1975,0.0502,0.2005,3,White Rust
spinach_4_0173.jpg,90.5062,131.1336,52.3361,28.95,18.0838,29.0917,8.7956,0.6548,0.3643,0.5158,0.6615,48241.3644,815.1257,0.7737,0.8962,1.1505,12.0792,0.0339,8.7808,0.2238,0.1823,0.1417,0.3909,4,Cladosporium Leaf Spot
spinach_1_0173.jpg,115.8629,124.1194,62.8714,35.8901,30.2358,20.3647,3.4459,0.847,0.4261,0.6391,0.6812,56128.4334,657.4092,0.7405,0.9072,1.1588,7.937,0.0133,6.1089,0.1666,0.1517,0.0522,0.2018,1,Downy Mildew
spinach_0_0098.jpg,94.2244,124.844,84.6626,15.3826,11.7803,14.8436,1.8467,0.8278,0.5556,0.9661,0.3394,45031.6376,1014.2594,0.7995,0.9145,0.9934,0.0,0.0056,3.2982,0.0482,0.0766,0.0569,0.0095,0,No Disease
spinach_2_0026.jpg,96.8327,103.3737,65.5404,27.8442,21.0912,29.1119,7.7838,0.6495,0.2883,0.8433,0.6876,56986.6403,969.3634,0.7687,0.8872,1.1957,19.8501,0.012,7.0896,0.2239,0.1187,0.1165,0.242,2,Anthracnose
spinach_4_0141.jpg,123.095,125.8926,78.6567,34.1753,27.3628,20.4666,10.2067,0.6295,0.2195,0.6616,0.6604,48371.8124,890.6192,0.7357,0.8778,1.0105,15.1308,0.0259,6.631,0.2253,0.2135,0.135,0.4856,4,Cladosporium Leaf Spot
spinach_2_0143.jpg,116.3986,124.0962,52.0672,33.6598,34.2931,22.1745,6.4675,0.7181,0.328,0.6078,0.8048,47745.2437,881.8449,0.7634,0.9319,1.1483,13.037,0.0176,5.4755,0.2585,0.1675,0.1127,0.3669,2,Anthracnose
spinach_3_0066.jpg,117.9393,125.6289,79.5013,29.0104,19.2792,16.5445,7.1543,0.7989,0.5728,0.7758,0.6012,53001.1383,842.5889,0.7714,0.8904,1.1495,11.045,0.0249,5.1998,0.1636,0.1821,0.0923,0.3911,3,White Rust
spinach_2_0093.jpg,115.5946,120.1635,58.5504,33.9727,19.148,18.7403,6.5409,0.5645,0.3475,0.6738,0.821,50712.6685,982.943,0.8181,0.8866,1.0907,16.9177,0.0365,5.8618,0.1476,0.0913,0.1018,0.163,2,Anthracnose
spinach_2_0033.jpg,106.9533,116.7878,52.9789,27.1309,29.0594,23.7412,10.6237,0.7151,0.4721,0.625,0.7425,46385.0933,919.5453,0.8413,0.9012,1.2726,19.7119,0.0364,7.4757,0.3182,0.1025,0.1443,0.2707,2,Anthracnose
spinach_0_0148.jpg,108.2488,159.6622,66.6487,19.6326,19.1306,14.9063,1.1489,0.7761,0.5391,0.8048,0.2473,48021.6058,815.2908,0.805,0.945,1.0477,0.9591,0.0,0.3102,0.1199,0.113,0.0222,0.2841,0,No Disease
spinach_4_0105.jpg,109.3216,103.81,67.6258,34.0007,31.2802,30.8928,7.6629,0.6788,0.3453,0.654,0.8907,60909.3968,846.8533,0.84,0.898,1.0965,18.9887,0.0313,1.047,0.3467,0.1622,0.124,0.3724,4,Cladosporium Leaf Spot
spinach_2_0063.jpg,114.5595,113.7244,52.3873,28.3246,18.5843,26.3678,4.9002,0.6626,0.4318,0.7588,0.5125,49540.7596,925.9745,0.8031,0.9336,1.0143,5.8038,0.0335,5.1332,0.1421,0.1537,0.1408,0.2489,2,Anthracnose
spinach_0_0037.jpg,117.1419,109.5988,75.1675,27.8072,11.3611,13.4808,0.7201,0.8285,0.5539,0.9799,0.6037,50320.3039,1110.506,0.7721,0.9738,1.1125,2.5242,0.0089,6.9219,0.1426,0.0517,0.0642,0.1711,0,No Disease
spinach_0_0089.jpg,91.6653,122.8101,76.5212,6.9906,18.0271,13.0877,4.224,0.8605,0.6328,0.8522,0.4314,55684.1827,873.7444,0.8298,0.9052,1.1436,5.6906,0.0113,4.6496,0.0618,0.0248,0.0151,0.2528,0,No Disease
spinach_3_0056.jpg,124.3711,138.7384,76.5898,29.889,18.2513,19.7656,4.0375,0.6355,0.4513,0.9091,0.3788,51379.691,899.3862,0.7973,0.8959,0.996,2.4856,0.0276,2.2312,0.145,0.2042,0.0516,0.3074,3,White Rust
spinach_2_0072.jpg,115.4331,120.7611,50.1855,21.7701,28.3119,20.9763,10.1251,0.8308,0.5393,0.6342,0.7469,54354.7626,955.8354,0.7787,0.932,1.08,14.5124,0.0147,7.2606,0.217,0.1786,0.1159,0.3645,2,Anthracnose
spinach_0_0008.jpg,97.7477,162.4132,65.4289,24.1924,12.4854,18.7263,2.6544,0.8875,0.5767,0.8342,0.4646,49725.0826,797.4394,0.6933,0.9343,1.2463,2.64,0.0051,1.7145,0.1653,0.0888,0.0297,0.2885,0,No Disease
spinach_2_0132.jpg,104.7918,130.3849,59.8046,28.7809,23.0369,17.4963,8.9255,0.7439,0.4882,0.7278,0.4258,43777.0853,926.4871,0.7778,0.886,0.9917,17.7904,0.0306,7.0021,0.1983,0.1671,0.0766,0.3396,2,Anthracnose
spinach_2_0072.jpg,115.4331,120.7611,50.1855,21.7701,28.3119,20.9763,10.1251,0.8308,0.5393,0.6342,0.7469,54354.7626,955.8354,0.7787,0.932,1.08,14.5124,0.0147,7.2606,0.217,0.1786,0.1159,0.3645,2,Anthracnose
spinach_2_0082.jpg,106.5798,117.1854,53.2303,29.0179,40.0909,23.7288,7.7654,0.6236,0.4616,0.7532,0.7667,51074.4562,983.419,0.8763,0.9071,1.0708,17.5783,0.0198,4.8077,0.2273,0.0903,0.1307,0.273,2,Anthracnose
spinach_0_0152.jpg,110.5043,124.6,76.8859,9.3125,15.8859,19.5518,2.0313,0.8601,0.6511,0.9482,0.551,56371.7121,1028.1375,0.814,0.9366,1.1272,1.051,0.0,0.0,0.0859,0.0897,0.076,0.1967,0,No Disease
spinach_0_0124.jpg,129.9393,128.9325,79.8454,24.8525,12.0215,16.9731,1.8172,0.9443,0.5985,0.9637,0.4275,51160.6297,1029.6064,0.8048,0.9483,1.0668,0.0,0.0015,0.0825,0.1393,0.119,0.0361,0.3145,0,No Disease
spinach_2_0126.jpg,112.3151,102.7652,54.5948,41.056,31.6609,22.4863,12.4382,0.6068,0.4732,0.5927,0.6656,43261.0512,905.7276,0.8034,0.8923,1.1674,11.7316,0.0296,7.577,0.1558,0.1301,0.1113,0.4004,2,Anthracnose
spinach_5_0108.jpg,98.1606,120.0064,69.1553,27.1326,28.3922,20.3496,7.1775,0.7477,0.5897,0.7065,0.6359,46263.842,766.7176,0.7826,0.9166,1.149,13.1827,0.0216,4.5119,0.1642,0.1277,0.0576,0.4486,5,Spinach Blight (Cucumber Mosaic Virus)
spinach_0_0148.jpg,108.2488,159.6622,66.6487,19.6326,19.1306,14.9063,1.1489,0.7761,0.5391,0.8048,0.2473,48021.6058,815.2908,0.805,0.945,1.0477,0.9591,0.0,0.3102,0.1199,0.113,0.0222,0.2841,0,No Disease
spinach_2_0002.jpg,114.146,100.6332,62.1534,22.9324,30.1405,20.9712,7.0142,0.5765,0.3898,0.7649,0.6093,46964.1646,925.4621,0.8288,0.8391,1.2412,16.1142,0.0326,5.8416,0.1372,0.187,0.0959,0.3935,2,Anthracnose
spinach_0_0100.jpg,123.8619,132.9881,56.1269,26.1762,17.0668,19.4198,2.4708,0.9367,0.609,0.9288,0.6477,56855.0317,761.9661,0.7968,0.9585,1.2162,0.2936,0.0153,2.8699,0.2286,0.05,0.0273,0.1755,0,No Disease
spinach_0_0064.jpg,99.0678,135.419,76.0792,19.4739,15.0238,20.8687,1.8058,1.0,0.5873,1.0,0.4557,56814.8029,847.5389,0.7188,0.9415,1.1991,2.161,0.0,0.0,0.0286,0.0093,0.0427,0.29,0,No Disease
spinach_0_0027.jpg,107.4166,119.4754,76.1233,17.1123,23.3722,12.4896,0.9178,0.9433,0.641,0.9114,0.2514,54690.1722,816.5692,0.7841,0.8944,1.1557,0.0,0.0,2.4849,0.1121,0.0554,0.0763,0.1647,0,No Disease
spinach_0_0140.jpg,102.9355,150.2723,68.6539,17.1317,22.8175,13.7752,3.8776,0.9343,0.5526,0.9136,0.452,57104.4141,865.1654,0.7725,0.9285,1.1763,0.0,0.0141,2.0394,0.0342,0.1283,0.0959,0.2801,0,No Disease
spinach_5_0025.jpg,95.4353,97.7913,51.8903,27.2341,30.6999,19.6962,8.9118,0.7094,0.4888,0.677,0.5758,49955.2285,918.2555,0.7993,0.9073,1.1371,6.318,0.0213,4.4664,0.1865,0.1663,0.0774,0.1796,5,Spinach Blight (Cucumber Mosaic Virus)
spinach_4_0015.jpg,111.2783,117.6802,62.9857,31.1332,34.5573,25.3738,8.8391,0.5178,0.4155,0.6193,0.6557,58730.93,959.7622,0.8486,0.9014,1.0625,16.8816,0.0402,9.5385,0.2666,0.2729,0.1251,0.2785,4,Cladosporium Leaf Spot
spinach_1_0043.jpg,126.9003,125.8211,60.9194,30.0439,23.06,20.0601,5.518,0.8036,0.5617,0.801,0.6903,50000.7297,829.2202,0.8292,0.9143,0.9862,8.6877,0.0193,3.8812,0.2641,0.1492,0.1143,0.3311,1,Downy Mildew
spinach_3_0010.jpg,137.3452,145.4343,61.1598,28.0004,31.3374,16.4508,8.4013,0.8009,0.4253,0.7175,0.5277,41723.6083,863.4756,0.7642,0.8931,1.1698,7.1249,0.0119,3.4144,0.1878,0.1229,0.0525,0.2901,3,White Rust
spinach_4_0100.jpg,123.1605,115.0373,75.9432,38.6779,33.2198,28.3273,8.2512,0.7213,0.4657,0.7166,0.703,50301.5928,947.367,0.8403,0.8881,1.0247,24.3368,0.0254,5.8056,0.2036,0.1523,0.1612,0.4925,4,Cladosporium Leaf Spot
spinach_5_0078.jpg,105.4272,101.1759,52.2161,31.6953,33.1656,20.6188,4.454,0.6756,0.4315,0.7137,0.7907,54124.8536,888.4338,0.6927,0.8827,1.0462,9.0135,0.0255,5.7806,0.1263,0.1822,0.0904,0.3686,5,Spinach Blight (Cucumber Mosaic Virus)
spinach_1_0081.jpg,110.4962,146.4826,61.3472,30.5221,11.6062,23.2732,5.2257,0.7015,0.4445,0.7253,0.3976,55611.2397,924.3018,0.7712,0.8858,0.9824,10.8956,0.0329,5.1657,0.1209,0.139,0.0787,0.3791,1,Downy Mildew
spinach_5_0066.jpg,100.9351,90.4544,52.513,32.8497,26.6478,27.9289,4.3632,0.7195,0.4005,0.72,0.6117,47686.5031,887.4646,0.8282,0.9063,1.1865,7.1949,0.0095,7.2305,0.1628,0.1348,0.0747,0.2893,5,Spinach Blight (Cucumber Mosaic Virus)
spinach_0_0059.jpg,109.1197,159.4544,75.7484,23.2894,30.5537,14.1448,0.6436,0.9342,0.6151,0.8431,0.3168,63549.2221,952.6843,0.7261,0.9529,1.1113,0.9885,0.0105,0.0,0.1176,0.1565,0.0517,0.1699,0,No Disease
spinach_0_0080.jpg,114.3264,144.3238,69.9134,9.4616,20.8462,19.8869,3.0957,0.8296,0.6339,0.9402,0.5759,47619.4504,897.3545,0.8148,0.9314,1.0306,3.6585,0.0106,1.3583,0.111,0.0697,0.077,0.1279,0,No Disease
spinach_1_0103.jpg,117.3165,129.6886,56.8564,23.1543,29.0526,19.3209,3.639,0.7365,0.4394,0.6219,0.6059,55339.8997,945.1229,0.9238,0.9413,1.2159,21.2003,0.0261,5.0935,0.2387,0.1076,0.0827,0.2582,1,Downy Mildew
spinach_3_0158.jpg,124.2667,140.0262,83.1667,23.6068,22.0963,16.3871,6.3104,0.7251,0.5418,0.6645,0.6049,48281.5335,978.0518,0.7792,0.9066,1.0791,4.5984,0.0237,2.1125,0.1566,0.1338,0.1103,0.2793,3,White Rust
spinach_0_0021.jpg,108.1391,129.8329,59.2835,9.6351,11.4131,13.1653,1.5016,1.0,0.6685,0.8127,0.4548,49964.6088,891.5636,0.7811,0.9455,1.0929,6.2554,0.0,1.2114,0.2299,0.0889,0.0758,0.2073,0,No Disease
spinach_2_0111.jpg,113.3989,109.8769,56.8469,40.7931,37.6022,18.7836,5.4454,0.5952,0.4646,0.6721,0.714,59984.8367,878.9535,0.8424,0.913,1.0329,18.2366,0.0202,8.5118,0.2006,0.1409,0.0828,0.2761,2,Anthracnose
spinach_3_0012.jpg,128.6425,130.9193,62.3786,30.1278,13.6208,15.4285,4.3796,0.8781,0.43,0.8091,0.5528,57981.2921,746.5277,0.8242,0.915,1.184,4.7229,0.0172,3.8155,0.1199,0.0688,0.0555,0.2904,3,White Rust
spinach_2_0108.jpg,109.1754,118.7797,63.3057,28.3156,27.181,18.6247,4.7144,0.5601,0.4319,0.6763,0.5029,49684.5552,755.1179,0.8996,0.8855,1.1345,18.3559,0.0194,6.2369,0.2577,0.1646,0.119,0.2436,2,Anthracnose
spinach_0_0137.jpg,97.7386,143.0668,77.3473,16.6516,17.2592,12.5056,1.1049,0.81,0.6813,0.9546,0.4737,61860.9798,901.0754,0.9519,0.9243,1.1404,0.4089,0.009,2.7041,0.0943,0.1511,0.046,0.2216,0,No Disease
spinach_0_0010.jpg,92.8119,129.3403,69.327,24.5795,10.368,15.1225,1.1769,0.8738,0.6602,0.9177,0.5537,51227.4716,850.4057,0.7566,0.9361,1.1341,0.0,0.0067,1.6108,0.2259,0.1551,0.0187,0.177,0,No Disease
spinach_2_0012.jpg,112.9384,117.1037,53.392,31.6276,37.1432,27.8427,7.5167,0.7485,0.3105,0.6818,0.7848,57435.836,802.9134,0.771,0.9545,1.0877,21.2934,0.0287,6.5431,0.2147,0.1977,0.1439,0.2672,2,Anthracnose
spinach_0_0029.jpg,101.6267,137.438,76.9221,11.3466,17.822,13.4381,5.1413,0.8861,0.7134,0.8027,0.4787,53597.0013,833.0953,0.7806,0.9603,1.0941,0.0,0.0059,0.0,0.0829,0.0767,0.0,0.0707,0,No Disease
spinach_0_0116.jpg,103.4358,157.0439,67.8909,21.456,28.9634,10.7705,0.01,1.0,0.5139,0.8786,0.3614,53340.8139,824.9464,0.7592,0.9412,1.0393,0.0,0.0032,0.0,0.0789,0.0848,0.03,0.1783,0,No Disease
spinach_2_0098.jpg,115.9444,121.4912,51.4749,22.1528,16.8861,23.2794,7.5067,0.5855,0.4637,0.7107,0.8249,51852.6793,773.3666,0.8275,0.9168,1.0362,8.2316,0.0278,4.2985,0.286,0.1437,0.1531,0.1801,2,Anthracnose
spinach_0_0127.jpg,96.372,147.894,67.5164,12.9675,22.1061,12.8516,1.3049,0.9033,0.6714,0.8814,0.3001,54719.385,871.501,0.8833,0.93,0.9412,3.4295,0.0216,4.0367,0.1915,0.0392,0.0628,0.1422,0,No Disease
spinach_0_0171.jpg,118.5259,165.6469,68.194,13.3979,5.8154,14.0236,1.4622,0.8479,0.5977,0.9077,0.4523,50419.3756,809.8378,0.8099,0.9303,1.1911,5.1603,0.0,0.0,0.0622,0.0377,0.0589,0.2281,0,No Disease
spinach_1_0045.jpg,118.4663,144.8973,68.2918,22.6219,20.7636,22.9797,4.439,0.5706,0.4257,0.6564,0.7716,51883.9382,809.4825,0.7481,0.8628,1.012,14.0653,0.0379,6.1075,0.1854,0.1127,0.0561,0.4748,1,Downy Mildew
spinach_0_0125.jpg,118.6847,141.6774,65.4249,27.8769,16.6949,15.5047,1.4227,0.8288,0.4625,0.9243,0.3417,67297.6561,811.3926,0.6946,0.9428,1.2423,2.2584,0.0106,0.0,0.0661,0.0371,0.0,0.2094,0,No Disease
spinach_3_0015.jpg,138.0187,126.0334,64.3468,20.471,21.3974,20.4313,4.2026,0.6245,0.4135,0.8292,0.5291,49862.7969,811.9223,0.7434,0.9552,1.0188,10.8833,0.0174,4.4407,0.1334,0.1059,0.0699,0.2383,3,White Rust
spinach_0_0016.jpg,84.3676,132.4979,76.7273,12.092,24.3797,16.4734,3.4392,0.8543,0.6451,0.9548,0.4433,53172.0045,947.0343,0.7182,0.9263,1.1078,3.5336,0.014,0.0,0.0937,0.1393,0.0214,0.1342,0,No Disease
spinach_1_0104.jpg,121.9798,122.829,57.5046,29.0674,23.3114,13.2899,3.0256,0.6482,0.3594,0.789,0.6319,56326.3969,975.2802,0.8543,0.9252,1.1168,14.3974,0.0274,5.477,0.2536,0.0362,0.0727,0.2855,1,Downy Mildew
spinach_3_0121.jpg,133.4828,149.1109,78.2493,27.2043,10.7197,17.46,7.0519,0.8998,0.569,0.7635,0.4193,51296.8421,906.4807,0.8739,0.9257,1.1113,8.294,0.0202,5.1276,0.1338,0.0777,0.1043,0.1487,3,White Rust
spinach_0_0077.jpg,100.0825,148.8214,65.8039,16.9053,13.7181,12.7374,3.8686,0.9503,0.7168,1.0,0.3169,52352.0956,802.38,0.7233,0.9142,1.0354,0.0,0.0048,0.0,0.1421,0.0433,0.1102,0.1639,0,No Disease
spinach_3_0045.jpg,118.183,145.8799,70.2655,16.2973,23.3442,20.8425,5.4179,0.816,0.5797,0.809,0.5523,57239.8378,1129.2741,0.8349,0.9252,1.1446,9.0242,0.0171,7.8973,0.1325,0.1662,0.0669,0.1616,3,White Rust
spinach_1_0024.jpg,110.13,101.8319,59.431,29.7911,24.7576,22.1019,7.7455,0.7706,0.4939,0.6942,0.5005,59070.5696,910.0902,0.7526,0.8945,1.0481,7.1642,0.0097,2.0992,0.1802,0.1063,0.1077,0.3334,1,Downy Mildew
spinach_4_0012.jpg,120.704,129.1409,53.955,30.651,33.8845,24.76,5.6011,0.729,0.3229,0.7364,0.6205,49895.0663,940.9736,0.7848,0.8604,0.8791,24.0931,0.036,9.6002,0.3164,0.2139,0.122,0.4292,4,Cladosporium Leaf Spot
spinach_3_0153.jpg,131.1881,138.6891,73.6042,24.415,25.3241,14.49,2.8122,0.5719,0.4493,0.7259,0.4597,53173.2619,862.4493,0.694,0.9836,1.107,3.6673,0.0116,3.6883,0.1612,0.1721,0.068,0.4284,3,White Rust
spinach_3_0013.jpg,116.4309,132.3692,51.9136,23.1468,27.1179,22.8207,4.6522,0.7895,0.3937,0.8937,0.7568,52324.1182,1164.0686,0.7392,0.8887,1.0532,7.122,0.0355,3.4939,0.127,0.0841,0.0985,0.3598,3,White Rust
spinach_3_0038.jpg,117.8108,138.0239,87.308,30.8728,20.558,17.9065,0.01,0.8555,0.5229,0.7419,0.4068,45723.6628,949.4398,0.7746,0.9373,1.1169,11.867,0.02,5.4918,0.0655,0.0706,0.0609,0.3664,3,White Rust
spinach_2_0098.jpg,115.9444,121.4912,51.4749,22.1528,16.8861,23.2794,7.5067,0.5855,0.4637,0.7107,0.8249,51852.6793,773.3666,0.8275,0.9168,1.0362,8.2316,0.0278,4.2985,0.286,0.1437,0.1531,0.1801,2,Anthracnose
spinach_2_0143.jpg,116.3986,124.0962,52.0672,33.6598,34.2931,22.1745,6.4675,0.7181,0.328,0.6078,0.8048,47745.2437,881.8449,0.7634,0.9319,1.1483,13.037,0.0176,5.4755,0.2585,0.1675,0.1127,0.3669,2,Anthracnose
spinach_5_0089.jpg,113.7984,114.2942,68.0744,23.915,31.1153,27.0541,3.2204,0.851,0.3439,0.7716,0.6578,49198.1208,849.3482,0.7504,0.9131,1.0671,6.7623,0.0157,3.0736,0.1838,0.1694,0.0722,0.418,5,Spinach Blight (Cucumber Mosaic Virus)
spinach_5_0092.jpg,93.4487,122.3874,54.9677,29.638,24.7874,22.1851,4.7186,0.745,0.5269,0.662,0.669,53779.3656,840.3259,0.8916,0.8893,1.0807,8.0274,0.025,5.4054,0.2418,0.1246,0.073,0.377,5,Spinach Blight (Cucumber Mosaic Virus)
spinach_3_0115.jpg,108.2659,136.3157,70.1889,30.472,19.1562,20.7736,5.0705,0.7595,0.4542,0.7202,0.578,52475.2499,860.9988,0.8199,0.9457,1.1642,3.8302,0.0178,2.3594,0.1748,0.0837,0.1019,0.3427,3,White Rust
spinach_4_0161.jpg,117.5602,128.231,70.4722,29.9796,34.0592,30.3213,11.2327,0.6702,0.3526,0.6268,0.6141,49110.2323,901.2338,0.7834,0.9049,0.9537,17.2721,0.05,9.2921,0.3008,0.2056,0.1209,0.2497,4,Cladosporium Leaf Spot
spinach_4_0124.jpg,139.6262,97.245,51.2637,30.2233,36.4625,24.5617,5.7047,0.6104,0.2442,0.5624,0.9599,48741.9557,907.3153,0.7844,0.8837,1.0027,16.7575,0.0367,10.0535,0.3174,0.1412,0.1547,0.428,4,Cladosporium Leaf Spot
spinach_2_0112.jpg,106.7324,89.2552,56.1333,27.4601,30.9501,24.6919,5.797,0.6433,0.3612,0.804,0.6078,46401.1967,767.1416,0.7111,0.9077,1.0962,19.131,0.0353,10.4148,0.2263,0.1496,0.0775,0.4057,2,Anthracnose
spinach_4_0153.jpg,129.1903,104.041,48.2576,31.1585,29.5122,20.7602,8.5772,0.6513,0.3016,0.8023,0.803,56142.4452,744.3787,0.7021,0.9015,1.2184,13.9603,0.0351,5.2768,0.2341,0.1977,0.1177,0.2856,4,Cladosporium Leaf Spot
spinach_3_0026.jpg,134.8435,129.2931,65.3446,23.9861,24.7314,23.1697,5.0126,0.8401,0.4149,0.842,0.6516,54887.4817,918.417,0.8228,0.8976,1.1259,9.202,0.0064,4.8543,0.1076,0.1029,0.071,0.2215,3,White Rust
spinach_2_0134.jpg,113.784,106.3251,57.7676,23.1392,27.4994,24.4826,7.545,0.6077,0.3526,0.7376,0.6689,48563.4731,1070.3468,0.7429,0.927,0.9876,16.6191,0.0327,5.1813,0.1691,0.0812,0.0946,0.3921,2,Anthracnose
spinach_2_0174.jpg,107.293,121.8715,58.1955,30.1203,26.174,19.5703,7.5697,0.6569,0.3076,0.771,0.6999,48859.5052,1014.0057,0.6898,0.9318,1.0096,14.8461,0.0223,4.4386,0.2957,0.2342,0.1045,0.3768,2,Anthracnose
spinach_1_0143.jpg,99.0901,123.5919,40.849,28.2046,28.0489,17.3534,4.6998,0.8139,0.29,0.6675,0.5872,47238.3258,870.6133,0.7142,0.9154,1.0881,12.1968,0.0216,5.172,0.1177,0.1497,0.0717,0.2967,1,Downy Mildew
spinach_3_0111.jpg,130.8906,125.1152,64.1392,22.2749,26.0444,19.3829,6.5862,0.6778,0.4561,0.7397,0.4274,51162.4448,1078.2928,0.7288,0.9168,1.005,2.1631,0.0107,3.19,0.1497,0.111,0.0288,0.2299,3,White Rust
spinach_2_0052.jpg,123.5036,130.4043,63.3709,27.8867,29.989,21.6047,9.7715,0.7123,0.401,0.7089,0.864,42831.2483,1063.8288,0.7888,0.8648,1.0198,7.3968,0.0322,4.2311,0.2384,0.2054,0.0932,0.3286,2,Anthracnose
spinach_4_0027.jpg,111.1116,133.8656,63.8136,38.0013,33.0095,15.1412,9.2453,0.6025,0.4332,0.7014,0.8203,49138.786,798.7394,0.764,0.845,1.0228,12.1434,0.0225,7.7097,0.2967,0.1887,0.1175,0.3142,4,Cladosporium Leaf Spot
spinach_3_0083.jpg,139.7319,145.8001,79.9897,25.051,20.9526,15.01,5.3945,0.7543,0.4412,0.8933,0.5374,58154.9072,746.1925,0.9413,0.9107,1.1666,11.4651,0.013,5.4743,0.2136,0.0915,0.0525,0.2836,3,White Rust
spinach_3_0063.jpg,132.0501,132.6956,62.6119,28.5819,16.3524,21.8307,5.4333,0.748,0.4918,0.7871,0.5997,44829.4885,966.4502,0.8416,0.928,1.1581,7.5603,0.0241,4.1174,0.1126,0.1528,0.0291,0.3026,3,White Rust
spinach_0_0064.jpg,99.0678,135.419,76.0792,19.4739,15.0238,20.8687,1.8058,1.0,0.5873,1.0,0.4557,56814.8029,847.5389,0.7188,0.9415,1.1991,2.161,0.0,0.0,0.0286,0.0093,0.0427,0.29,0,No Disease
spinach_4_0010.jpg,122.3132,124.8922,45.4293,35.1631,21.1578,30.416,8.5545,0.5929,0.4192,0.6847,0.8925,50902.3781,903.8819,0.7729,0.8966,1.2058,15.9889,0.0392,5.9152,0.1667,0.1983,0.1393,0.3812,4,Cladosporium Leaf Spot
spinach_1_0056.jpg,129.5575,112.5622,63.246,21.5738,26.5275,24.1089,7.6882,0.6972,0.5042,0.8553,0.4457,54061.7246,995.8511,0.7745,0.8797,1.1754,5.202,0.0186,4.7278,0.2258,0.1049,0.0629,0.3179,1,Downy Mildew
spinach_0_0072.jpg,104.8296,142.1138,80.6761,11.1739,21.8691,15.0331,1.6536,0.7823,0.6202,0.711,0.4848,44539.4708,925.3458,0.7628,0.9592,1.1057,0.0,0.0019,3.4912,0.1268,0.0646,0.0341,0.0746,0,No Disease
spinach_3_0092.jpg,117.8932,128.0155,75.3513,28.8506,17.3382,15.2224,4.5326,0.9424,0.3778,0.7687,0.5589,50956.7891,859.179,0.8493,0.9314,1.1777,10.3575,0.0242,6.8519,0.2366,0.213,0.1004,0.2264,3,White Rust
spinach_3_0007.jpg,128.2648,128.7449,63.5942,29.2728,27.4515,20.2696,2.7682,0.7464,0.3447,0.7853,0.5755,50146.4479,929.1711,0.805,0.9264,1.0139,6.9869,0.0203,6.8417,0.1564,0.142,0.092,0.2643,3,White Rust
spinach_1_0037.jpg,114.6744,133.7355,61.5752,19.9325,28.9453,10.0448,4.7412,0.6904,0.4419,0.7993,0.7227,47437.9756,958.6582,0.8017,0.8672,1.252,4.2449,0.0234,5.5019,0.2038,0.1102,0.1007,0.1852,1,Downy Mildew
spinach_4_0170.jpg,111.3865,132.5383,49.4533,29.8632,19.7816,20.8814,8.7392,0.6569,0.3149,0.7387,0.8954,50153.8633,915.0433,0.7628,0.9057,0.9745,25.1833,0.0431,5.3419,0.2305,0.2068,0.1215,0.4336,4,Cladosporium Leaf Spot
spinach_0_0052.jpg,95.0215,138.0666,59.1984,16.1901,17.7431,16.4648,2.7097,0.7944,0.6484,0.824,0.4833,51946.8066,782.3613,0.751,0.9391,1.169,1.436,0.0183,3.0135,0.0872,0.11,0.0883,0.3568,0,No Disease
spinach_0_0139.jpg,112.7681,119.6258,78.9047,20.8856,20.1355,16.5201,0.322,0.7802,0.523,0.9195,0.489,45160.2886,821.8901,0.7266,0.9211,1.011,0.0,0.0,1.3553,0.041,0.0754,0.0665,0.0959,0,No Disease
spinach_5_0015.jpg,94.5889,121.012,64.8609,35.753,23.8514,15.5818,6.8038,0.6898,0.2545,0.6561,0.5763,57276.917,940.7446,0.7891,0.9118,0.9268,9.7404,0.0272,5.6977,0.183,0.1485,0.0985,0.3393,5,Spinach Blight (Cucumber Mosaic Virus)
spinach_2_0106.jpg,120.9377,121.8419,58.9315,33.7516,36.1997,20.4509,5.3694,0.5986,0.4596,0.7791,0.6363,39319.9323,812.5243,0.8329,0.8983,1.0944,11.9066,0.0351,6.7177,0.2593,0.1664,0.1231,0.3867,2,Anthracnose
spinach_2_0166.jpg,133.7654,131.4759,59.5034,25.5429,35.1201,21.5257,5.8811,0.6466,0.2798,0.6674,0.6667,53653.283,841.1912,0.724,0.8599,1.0968,14.2905,0.0226,5.2586,0.2494,0.2156,0.0905,0.3571,2,Anthracnose
spinach_0_0007.jpg,124.9673,171.0525,75.3153,15.0523,6.3398,16.0708,0.618,0.8668,0.531,0.8701,0.5266,52785.2428,904.1365,0.7079,0.8881,1.0811,1.7849,0.0201,1.4345,0.1491,0.06,0.0104,0.1228,0,No Disease
spinach_0_0023.jpg,129.2042,143.7837,67.5234,22.3254,9.1952,13.8107,2.1691,0.8931,0.6433,0.9041,0.4868,48558.1386,1009.7815,0.8677,0.9057,1.049,7.3431,0.0045,3.7269,0.0779,0.1382,0.0433,0.2207,0,No Disease
spinach_2_0159.jpg,113.436,117.067,54.7114,29.5723,23.0797,23.0433,7.0987,0.608,0.4014,0.7183,0.6734,62105.2352,865.9298,0.7832,0.8894,1.0023,16.7436,0.0215,5.0777,0.2031,0.1206,0.0662,0.313,2,Anthracnose
spinach_1_0174.jpg,125.5527,132.7777,70.3796,24.337,20.0245,26.4429,2.911,0.8401,0.5356,0.8202,0.5412,46917.3808,878.9944,0.7123,0.886,1.1516,12.5974,0.0116,6.017,0.2127,0.1904,0.0942,0.3947,1,Downy Mildew
spinach_4_0089.jpg,108.3318,126.9082,52.1763,26.9292,33.4818,24.3355,9.8243,0.6013,0.3399,0.6709,0.8987,57029.3641,1005.3237,0.7523,0.8653,1.1309,23.507,0.0433,7.5235,0.3064,0.2198,0.1337,0.4054,4,Cladosporium Leaf Spot
spinach_2_0161.jpg,105.0361,100.8387,68.4432,28.2498,23.0432,24.3452,8.1045,0.7307,0.3816,0.7111,0.7132,51681.9813,922.4885,0.8657,0.9014,1.0147,13.4228,0.033,2.8842,0.141,0.1967,0.148,0.2488,2,Anthracnose
spinach_4_0035.jpg,109.933,129.222,61.6417,31.3158,24.7608,17.1767,10.6222,0.6134,0.3056,0.613,0.8855,54906.7541,793.2761,0.8599,0.8864,1.0212,16.8256,0.0277,5.1224,0.3088,0.1812,0.1454,0.413,4,Cladosporium Leaf Spot
spinach_4_0136.jpg,114.6779,111.7869,57.3837,37.3641,19.1205,26.0186,12.3858,0.7925,0.3859,0.7522,0.8907,49870.74,982.4794,0.8973,0.8584,1.1161,19.4459,0.0348,7.5263,0.2816,0.2026,0.158,0.4281,4,Cladosporium Leaf Spot
spinach_2_0174.jpg,107.293,121.8715,58.1955,30.1203,26.174,19.5703,7.5697,0.6569,0.3076,0.771,0.6999,48859.5052,1014.0057,0.6898,0.9318,1.0096,14.8461,0.0223,4.4386,0.2957,0.2342,0.1045,0.3768,2,Anthracnose
spinach_0_0074.jpg,102.194,122.4926,63.7967,17.3109,23.1421,12.442,3.0884,0.8569,0.5998,0.8701,0.5073,49325.9433,762.7472,0.6871,0.9167,1.0201,3.6408,0.0023,5.4743,0.0131,0.0881,0.0118,0.1605,0,No Disease
spinach_2_0148.jpg,103.6962,111.6586,74.5216,23.2558,24.9051,23.3931,6.4843,0.7659,0.3553,0.6836,0.7715,59053.5583,1020.7498,0.7918,0.8988,1.0837,14.588,0.0202,7.7859,0.2403,0.1582,0.0782,0.355,2,Anthracnose
spinach_4_0076.jpg,126.223,112.2652,56.8453,28.7868,27.259,30.3581,5.3082,0.5345,0.2307,0.7581,0.6986,48866.6318,728.5366,0.7743,0.9117,1.0902,17.5685,0.0215,6.9097,0.2773,0.1503,0.1464,0.4608,4,Cladosporium Leaf Spot
spinach_3_0076.jpg,120.604,137.764,52.5225,10.8449,17.1227,21.129,0.01,0.7025,0.3062,0.763,0.7458,50414.12,894.2497,0.8304,0.9205,1.0928,11.7066,0.0208,4.5195,0.1631,0.1062,0.0929,0.2531,3,White Rust
spinach_4_0157.jpg,103.004,142.5721,56.9955,33.6498,20.2051,30.4306,8.4842,0.5945,0.3052,0.7209,0.4647,46379.0333,878.0916,0.7822,0.9526,1.043,21.9609,0.0485,8.7071,0.2363,0.1386,0.1486,0.5216,4,Cladosporium Leaf Spot
spinach_4_0002.jpg,126.0838,113.4496,53.2945,28.4383,26.231,26.6187,8.318,0.5424,0.3378,0.58,0.8244,54634.5145,887.6053,0.8063,0.9338,1.0574,14.223,0.0386,5.4612,0.2595,0.166,0.1125,0.37,4,Cladosporium Leaf Spot
spinach_2_0129.jpg,132.6751,119.4361,61.6353,28.9745,29.3289,16.9432,5.5704,0.6884,0.1983,0.6788,0.6536,48486.5488,824.8918,0.7402,0.8544,1.0916,12.7995,0.016,6.2126,0.2153,0.1416,0.0561,0.4046,2,Anthracnose
spinach_3_0164.jpg,126.2748,134.6252,74.131,26.1008,17.5815,21.288,5.403,0.8109,0.5429,0.7369,0.6168,42875.9138,893.0015,0.7635,0.9562,1.0975,10.432,0.0029,3.3668,0.1277,0.219,0.0533,0.2859,3,White Rust
spinach_4_0063.jpg,101.4706,113.4761,54.9876,36.6781,34.0627,20.8004,9.4804,0.6821,0.2456,0.6541,0.7941,51316.1771,718.9459,0.7979,0.9059,1.1964,15.3248,0.0296,7.124,0.2846,0.1939,0.1451,0.3,4,Cladosporium Leaf Spot
spinach_0_0138.jpg,95.91,143.6035,70.9278,16.9588,13.1176,25.6871,1.5521,0.7834,0.5241,0.8764,0.4747,54773.9826,987.6615,0.7313,0.9385,1.0499,0.0,0.0,0.0,0.1532,0.1075,0.0644,0.2031,0,No Disease
spinach_2_0145.jpg,116.2497,106.6775,65.9614,24.494,20.9471,17.9059,8.6587,0.6754,0.3881,0.6989,0.5774,46646.3455,817.9574,0.7157,0.8874,0.9935,16.3107,0.0323,3.7714,0.2152,0.2342,0.0855,0.3841,2,Anthracnose
spinach_1_0111.jpg,116.2781,135.6626,53.5302,18.7688,33.9637,18.4303,5.2665,0.7082,0.4738,0.8841,0.668,43408.1743,761.5877,0.7661,0.9033,0.9622,13.2774,0.0113,7.4879,0.281,0.1201,0.091,0.2114,1,Downy Mildew
spinach_1_0147.jpg,112.865,110.3039,70.4889,16.139,21.226,20.7815,5.8918,0.6819,0.283,0.7039,0.5351,47134.5325,997.0059,0.7172,0.9175,1.1127,13.8418,0.0189,6.224,0.1814,0.1474,0.0424,0.0989,1,Downy Mildew
spinach_0_0141.jpg,119.2698,139.9391,58.708,10.7794,18.2754,12.6321,0.4452,0.895,0.6292,0.7783,0.3751,59549.3534,812.4712,0.8222,0.9179,1.1637,6.3893,0.0119,2.8365,0.0424,0.1245,0.0187,0.2208,0,No Disease
spinach_1_0151.jpg,108.4302,142.6072,63.9474,24.8994,23.7759,15.7956,5.4766,0.6534,0.3984,0.8248,0.6354,43589.1475,985.1488,0.7896,0.8964,1.1597,9.3312,0.0107,8.1261,0.1891,0.1267,0.0699,0.4044,1,Downy Mildew
spinach_3_0149.jpg,128.6307,137.9527,62.7699,25.3343,24.8163,21.8567,4.6313,0.7874,0.3547,0.7286,0.6208,55710.1648,914.3599,0.8687,0.9327,1.0913,3.121,0.0285,5.3866,0.2599,0.2067,0.0378,0.1773,3,White Rust
spinach_4_0125.jpg,109.7528,123.0031,65.5783,32.2353,31.4012,21.5482,11.5878,0.4757,0.3862,0.6857,0.8243,46958.1482,1006.9197,0.7835,0.8603,0.9824,18.4988,0.0212,10.7409,0.3224,0.2631,0.173,0.3618,4,Cladosporium Leaf Spot
spinach_3_0161.jpg,124.3456,147.6894,68.532,20.3409,22.2823,26.4049,5.646,0.7607,0.6405,0.8611,0.6317,53086.7123,978.0274,0.8258,0.8654,1.1416,7.3568,0.013,3.6482,0.0922,0.0478,0.1012,0.317,3,White Rust
spinach_0_0084.jpg,109.3546,130.4152,76.0786,22.7593,2.4142,19.7612,0.01,0.8507,0.662,0.8578,0.2734,46531.3147,1022.6906,0.6547,0.9582,1.1156,0.0,0.0013,0.0,0.1433,0.1093,0.0,0.1677,0,No Disease
spinach_2_0131.jpg,117.7367,125.8651,52.5811,27.1823,26.3948,28.7748,9.8795,0.7435,0.4065,0.7935,0.6644,48045.2923,867.0978,0.7413,0.8956,0.9906,18.1,0.0313,8.6732,0.1485,0.2361,0.0707,0.2541,2,Anthracnose
spinach_0_0002.jpg,103.4547,134.2884,69.1829,22.6615,18.8272,16.6509,2.7324,1.0,0.5475,0.8441,0.3386,55079.8971,1032.8972,0.7632,0.909,1.054,4.6024,0.0119,2.1777,0.0667,0.0893,0.0429,0.2175,0,No Disease
spinach_0_0146.jpg,102.1863,136.2849,75.9039,14.6052,8.8598,13.6073,3.299,1.0,0.6426,0.7772,0.3968,53283.1719,937.7591,0.8024,0.9071,1.1252,3.6813,0.0126,0.0,0.0827,0.0,0.0245,0.158,0,No Disease
spinach_0_0006.jpg,99.7051,141.5594,72.1748,28.0089,15.8032,10.906,2.3048,0.9176,0.6887,0.9385,0.4557,59316.5145,801.1237,0.7316,0.9068,1.0888,0.0,0.0111,0.8,0.0265,0.0394,0.0478,0.2671,0,No Disease
spinach_0_0140.jpg,102.9355,150.2723,68.6539,17.1317,22.8175,13.7752,3.8776,0.9343,0.5526,0.9136,0.452,57104.4141,865.1654,0.7725,0.9285,1.1763,0.0,0.0141,2.0394,0.0342,0.1283,0.0959,0.2801,0,No Disease
spinach_0_0089.jpg,91.6653,122.8101,76.5212,6.9906,18.0271,13.0877,4.224,0.8605,0.6328,0.8522,0.4314,55684.1827,873.7444,0.8298,0.9052,1.1436,5.6906,0.0113,4.6496,0.0618,0.0248,0.0151,0.2528,0,No Disease
spinach_0_0148.jpg,108.2488,159.6622,66.6487,19.6326,19.1306,14.9063,1.1489,0.7761,0.5391,0.8048,0.2473,48021.6058,815.2908,0.805,0.945,1.0477,0.9591,0.0,0.3102,0.1199,0.113,0.0222,0.2841,0,No Disease
spinach_0_0057.jpg,125.0351,148.0662,73.3577,17.8047,15.0271,6.4832,2.438,0.9676,0.454,0.8337,0.3043,47173.244,925.3482,0.6449,0.9454,1.1803,0.9956,0.0,0.0,0.1616,0.0,0.0313,0.1056,0,No Disease
spinach_3_0043.jpg,118.0208,152.527,74.5156,20.8604,21.2398,22.0677,4.1808,0.7432,0.4629,0.7054,0.3267,52695.6743,706.11,0.7204,0.8757,0.9781,9.7054,0.0152,3.5349,0.1042,0.0938,0.0794,0.2758,3,White Rust
spinach_4_0046.jpg,125.9956,112.5827,68.3676,32.918,28.0425,28.6233,9.3578,0.6636,0.4213,0.6742,0.5955,48609.3956,709.5598,0.8294,0.9124,1.1453,19.9564,0.0417,4.6621,0.2646,0.1334,0.121,0.5193,4,Cladosporium Leaf Spot
spinach_1_0066.jpg,94.5003,134.9075,72.2067,28.8194,26.9241,19.3533,2.3356,0.7953,0.57,0.8391,0.4112,43425.528,815.4032,0.6944,0.9111,1.1315,4.279,0.0262,5.882,0.1626,0.1231,0.0313,0.2834,1,Downy Mildew
spinach_4_0004.jpg,112.7093,123.8666,45.1303,25.6813,26.4658,24.7899,7.3604,0.6084,0.2835,0.5585,0.7065,49434.1574,858.961,0.7967,0.9005,1.1245,15.4658,0.0214,9.7889,0.2893,0.1518,0.1369,0.4754,4,Cladosporium Leaf Spot
spinach_0_0117.jpg,104.801,131.7868,77.5285,27.1799,14.6781,16.9408,1.5927,0.9292,0.7053,0.9156,0.2427,54269.9782,1043.2864,0.7567,0.9549,1.0648,0.0,0.0071,0.0,0.088,0.1315,0.0,0.0976,0,No Disease
spinach_2_0116.jpg,117.3186,119.7468,54.6972,30.1894,27.8236,24.5995,8.2484,0.6174,0.2627,0.7059,0.5153,48381.695,829.081,0.8295,0.9496,0.9244,23.0967,0.0251,6.7261,0.1593,0.1999,0.111,0.3451,2,Anthracnose
spinach_1_0124.jpg,128.8711,132.3012,74.4006,21.1568,22.5569,26.777,2.326,0.7848,0.4726,0.8978,0.4517,59048.1553,844.0529,0.7632,0.8794,1.013,11.6141,0.0111,6.1325,0.1569,0.0815,0.0668,0.3369,1,Downy Mildew
spinach_1_0173.jpg,115.8629,124.1194,62.8714,35.8901,30.2358,20.3647,3.4459,0.847,0.4261,0.6391,0.6812,56128.4334,657.4092,0.7405,0.9072,1.1588,7.937,0.0133,6.1089,0.1666,0.1517,0.0522,0.2018,1,Downy Mildew
spinach_0_0014.jpg,108.28,158.0009,59.7291,24.3191,15.3574,14.7547,0.2101,0.8732,0.684,0.9208,0.5932,57887.0594,963.9087,0.8746,0.941,1.1862,0.8137,0.0065,0.0,0.1495,0.0329,0.0596,0.1847,0,No Disease
spinach_0_0135.jpg,107.2946,133.2535,68.2334,23.6966,11.1913,11.3785,2.2619,0.9776,0.6791,0.8334,0.5137,48079.2885,1102.6209,0.702,0.9632,1.0675,10.053,0.0107,0.0,0.0739,0.1112,0.0663,0.1943,0,No Disease
spinach_0_0037.jpg,117.1419,109.5988,75.1675,27.8072,11.3611,13.4808,0.7201,0.8285,0.5539,0.9799,0.6037,50320.3039,1110.506,0.7721,0.9738,1.1125,2.5242,0.0089,6.9219,0.1426,0.0517,0.0642,0.1711,0,No Disease
spinach_3_0058.jpg,108.9969,112.3416,77.0152,25.3903,23.0321,15.0038,3.2648,0.855,0.5992,0.7365,0.6171,52450.1247,892.9471,0.8911,0.9087,1.2093,9.5257,0.0169,6.4696,0.1845,0.1161,0.1045,0.3799,3,White Rust
spinach_1_0138.jpg,109.4906,127.8747,66.109,22.7133,25.3515,20.1003,5.0834,0.7439,0.4357,0.7715,0.5501,48224.1414,888.1412,0.7873,0.899,1.1259,2.741,0.0142,4.2961,0.1472,0.1952,0.0805,0.3241,1,Downy Mildew
spinach_3_0073.jpg,114.5906,120.454,50.1601,17.0117,27.1064,16.0525,5.7093,0.8465,0.4613,0.7591,0.5633,49416.8982,1025.3909,0.8926,0.9562,0.9379,6.2519,0.017,4.8335,0.0836,0.0503,0.1027,0.2353,3,White Rust
spinach_3_0160.jpg,105.9252,121.2061,65.6556,24.4586,29.0611,25.2592,3.633,0.8355,0.4218,0.8278,0.6306,57710.4641,855.7357,0.8409,0.8732,1.2137,7.8999,0.017,0.3326,0.1506,0.1742,0.0593,0.3371,3,White Rust
spinach_1_0056.jpg,129.5575,112.5622,63.246,21.5738,26.5275,24.1089,7.6882,0.6972,0.5042,0.8553,0.4457,54061.7246,995.8511,0.7745,0.8797,1.1754,5.202,0.0186,4.7278,0.2258,0.1049,0.0629,0.3179,1,Downy Mildew
spinach_4_0158.jpg,121.4596,134.5679,81.7356,36.1869,23.4968,25.2042,10.5294,0.6101,0.4605,0.6553,0.7934,48746.2948,905.9536,0.8027,0.8498,1.0347,13.0672,0.0307,6.0687,0.3206,0.2309,0.144,0.2886,4,Cladosporium Leaf Spot
spinach_3_0177.jpg,137.5115,145.2585,75.1969,18.1013,20.7846,21.8697,6.281,0.9103,0.5455,0.8428,0.8134,51981.5454,876.0942,0.7906,0.8971,1.1154,1.0926,0.0128,3.7924,0.2175,0.1644,0.0459,0.4461,3,White Rust
spinach_3_0112.jpg,129.0176,121.0593,64.1588,26.4642,18.0887,21.3661,2.2141,0.8411,0.4893,0.7839,0.6625,49853.2547,843.2144,0.8624,0.966,1.0545,7.545,0.0254,3.8593,0.1997,0.1512,0.0559,0.3135,3,White Rust
spinach_2_0020.jpg,125.1996,131.4397,58.4481,22.5073,38.4475,24.5491,6.4494,0.7565,0.4362,0.7918,0.6238,51592.3671,761.413,0.84,0.8994,1.1025,13.4146,0.025,4.5372,0.2695,0.2196,0.0961,0.3943,2,Anthracnose
spinach_2_0159.jpg,113.436,117.067,54.7114,29.5723,23.0797,23.0433,7.0987,0.608,0.4014,0.7183,0.6734,62105.2352,865.9298,0.7832,0.8894,1.0023,16.7436,0.0215,5.0777,0.2031,0.1206,0.0662,0.313,2,Anthracnose
spinach_1_0095.jpg,115.6199,118.1247,70.9261,37.4876,15.1909,19.6154,7.6501,0.6242,0.4753,0.8455,0.6178,53751.3154,1076.0902,0.9069,0.9085,1.0574,6.3201,0.0278,2.3308,0.1774,0.1341,0.0674,0.3324,1,Downy Mildew
spinach_2_0025.jpg,99.3661,131.7437,48.743,21.7491,27.6668,21.3452,4.4422,0.7221,0.2207,0.6275,0.6325,54011.112,1009.5468,0.8662,0.8962,0.8858,15.5634,0.0388,8.3208,0.2531,0.1124,0.0969,0.5047,2,Anthracnose
spinach_3_0015.jpg,138.0187,126.0334,64.3468,20.471,21.3974,20.4313,4.2026,0.6245,0.4135,0.8292,0.5291,49862.7969,811.9223,0.7434,0.9552,1.0188,10.8833,0.0174,4.4407,0.1334,0.1059,0.0699,0.2383,3,White Rust
spinach_5_0023.jpg,109.8968,93.1637,63.5317,23.6732,28.8048,24.9068,5.9335,0.6517,0.4478,0.7207,0.7926,58364.7653,970.0711,0.824,0.9456,1.1093,10.0832,0.0186,4.1337,0.2097,0.1685,0.0546,0.3041,5,Spinach Blight (Cucumber Mosaic Virus)
spinach_0_0002.jpg,103.4547,134.2884,69.1829,22.6615,18.8272,16.6509,2.7324,1.0,0.5475,0.8441,0.3386,55079.8971,1032.8972,0.7632,0.909,1.054,4.6024,0.0119,2.1777,0.0667,0.0893,0.0429,0.2175,0,No Disease
spinach_3_0102.jpg,112.3843,155.7747,71.4126,36.3994,16.8849,26.1967,1.7354,0.7866,0.4095,0.7486,0.4984,46926.4191,779.0312,0.7535,0.9229,1.2031,9.1814,0.0263,1.3393,0.1484,0.1484,0.0786,0.2111,3,White Rust
spinach_3_0073.jpg,114.5906,120.454,50.1601,17.0117,27.1064,16.0525,5.7093,0.8465,0.4613,0.7591,0.5633,49416.8982,1025.3909,0.8926,0.9562,0.9379,6.2519,0.017,4.8335,0.0836,0.0503,0.1027,0.2353,3,White Rust
spinach_1_0180.jpg,110.5923,132.1308,65.1955,19.2296,25.2635,20.817,5.7209,0.7429,0.4507,0.8536,0.492,49289.2383,966.6619,0.8189,0.9215,1.3203,12.4565,0.029,4.2473,0.1404,0.1174,0.0978,0.3425,1,Downy Mildew
spinach_3_0051.jpg,125.7267,130.3411,51.728,17.8303,19.6649,19.5665,3.8554,0.7981,0.4145,0.716,0.6113,58346.9725,794.2832,0.7946,0.8724,0.992,5.6449,0.0261,2.5983,0.1292,0.1214,0.0709,0.2172,3,White Rust
spinach_4_0120.jpg,125.6515,118.1704,60.7246,31.7201,31.2493,20.4055,9.1563,0.5723,0.2851,0.722,0.6605,54917.212,900.1367,0.6911,0.9241,1.0948,19.5765,0.0421,10.1986,0.2801,0.2147,0.1393,0.3626,4,Cladosporium Leaf Spot
spinach_0_0031.jpg,108.1408,136.2966,79.6164,8.7411,12.8665,11.8703,0.01,0.8229,0.5068,0.8659,0.5313,50774.6967,816.9186,0.7666,0.9562,1.0419,0.0,0.0105,0.8012,0.1324,0.0795,0.0575,0.1172,0,No Disease
spinach_1_0055.jpg,111.3141,134.1729,75.2203,32.73,17.7407,19.9437,3.918,0.7186,0.5584,0.6604,0.4481,46857.2292,928.7311,0.8272,0.9209,1.1941,2.9477,0.0295,4.2382,0.2266,0.0771,0.0801,0.3289,1,Downy Mildew
spinach_4_0089.jpg,108.3318,126.9082,52.1763,26.9292,33.4818,24.3355,9.8243,0.6013,0.3399,0.6709,0.8987,57029.3641,1005.3237,0.7523,0.8653,1.1309,23.507,0.0433,7.5235,0.3064,0.2198,0.1337,0.4054,4,Cladosporium Leaf Spot
spinach_4_0067.jpg,139.2845,128.7322,57.3097,34.5591,31.3441,27.454,10.7415,0.4953,0.4611,0.7895,0.8168,53460.6754,865.8355,0.7904,0.9074,1.1207,20.8828,0.039,9.1171,0.3093,0.149,0.1508,0.5387,4,Cladosporium Leaf Spot
spinach_0_0015.jpg,116.7125,147.2596,86.5652,23.6539,9.1398,14.7322,0.01,0.8585,0.7009,0.9246,0.3501,46931.4132,923.2782,0.697,0.9132,1.145,6.6212,0.0109,0.0,0.1152,0.0829,0.0503,0.3293,0,No Disease
spinach_5_0044.jpg,95.4899,115.925,58.3999,21.4103,27.766,21.5692,6.1809,0.7517,0.4529,0.7187,0.5377,46307.066,928.4964,0.8182,0.8863,1.0272,14.4713,0.0222,6.7549,0.254,0.1375,0.1137,0.3511,5,Spinach Blight (Cucumber Mosaic Virus)
spinach_0_0106.jpg,118.5676,130.8052,66.9433,23.0812,5.3645,7.5552,1.5228,1.0,0.5451,0.8871,0.5334,62534.4237,862.3152,0.769,0.9756,0.9982,6.1103,0.0,1.3845,0.0879,0.0417,0.0154,0.2221,0,No Disease
spinach_0_0086.jpg,94.7547,148.9887,62.3784,18.5682,14.0697,15.6573,0.9112,0.8783,0.5611,0.8286,0.4685,53191.9419,911.1386,0.7442,0.9499,1.1011,0.7732,0.0068,4.2539,0.033,0.1108,0.0,0.2174,0,No Disease
spinach_0_0019.jpg,102.1512,141.1757,80.7137,26.6384,16.6543,20.4143,2.1566,0.833,0.5324,0.7764,0.3312,50209.9166,1000.3585,0.8732,0.8954,1.1514,0.0,0.0098,0.964,0.0085,0.1171,0.0249,0.1573,0,No Disease
spinach_2_0088.jpg,102.3381,109.5241,54.6815,36.486,27.7996,28.1344,7.8402,0.6553,0.3488,0.7393,0.772,54983.9634,853.8461,0.8105,0.9146,1.0493,9.4602,0.0205,5.6661,0.2631,0.2104,0.0761,0.3022,2,Anthracnose
spinach_0_0072.jpg,104.8296,142.1138,80.6761,11.1739,21.8691,15.0331,1.6536,0.7823,0.6202,0.711,0.4848,44539.4708,925.3458,0.7628,0.9592,1.1057,0.0,0.0019,3.4912,0.1268,0.0646,0.0341,0.0746,0,No Disease
spinach_2_0176.jpg,127.942,102.5252,59.4772,28.0316,27.6974,27.8895,7.644,0.7776,0.3264,0.6424,0.6916,49806.7391,861.4141,0.7425,0.93,1.051,19.7043,0.0271,7.2672,0.2579,0.127,0.1192,0.5043,2,Anthracnose
spinach_0_0112.jpg,84.1497,143.2794,68.9597,9.504,21.1978,20.74,4.5332,0.9287,0.5837,0.973,0.5882,57667.8435,825.8462,0.7821,0.941,0.9752,3.8774,0.0242,2.3519,0.1737,0.0873,0.0382,0.2305,0,No Disease
spinach_0_0106.jpg,118.5676,130.8052,66.9433,23.0812,5.3645,7.5552,1.5228,1.0,0.5451,0.8871,0.5334,62534.4237,862.3152,0.769,0.9756,0.9982,6.1103,0.0,1.3845,0.0879,0.0417,0.0154,0.2221,0,No Disease
spinach_2_0076.jpg,111.656,132.1407,45.3926,21.55,30.8484,26.4632,6.6715,0.712,0.4396,0.643,0.6193,50948.6309,970.4089,0.73,0.8951,1.0605,15.6718,0.0269,5.1174,0.2924,0.1384,0.1027,0.2227,2,Anthracnose
spinach_2_0044.jpg,110.6124,115.189,56.4338,25.7879,29.1633,21.7307,8.8762,0.6656,0.3028,0.5819,0.6728,43653.9771,745.0038,0.8316,0.8556,1.193,14.6389,0.0266,4.2374,0.2682,0.1599,0.0928,0.366,2,Anthracnose
spinach_3_0118.jpg,136.5298,139.6901,54.6479,28.6176,22.8474,21.5249,6.4985,0.8044,0.3422,0.77,0.3882,54745.3094,1044.797,0.7055,0.9032,1.0394,6.1844,0.0203,3.2025,0.2026,0.1626,0.0975,0.1905,3,White Rust
spinach_0_0169.jpg,87.8424,126.9819,75.339,28.3212,18.5752,17.2514,2.0298,0.8179,0.5408,0.7952,0.2921,54008.7446,807.6822,0.7892,0.8975,1.1437,0.0453,0.0173,1.7827,0.1618,0.0498,0.0414,0.1215,0,No Disease
spinach_2_0082.jpg,106.5798,117.1854,53.2303,29.0179,40.0909,23.7288,7.7654,0.6236,0.4616,0.7532,0.7667,51074.4562,983.419,0.8763,0.9071,1.0708,17.5783,0.0198,4.8077,0.2273,0.0903,0.1307,0.273,2,Anthracnose
spinach_4_0053.jpg,121.3261,119.2631,52.1919,26.5478,32.2772,27.4143,8.6114,0.5987,0.3248,0.6372,0.5853,50806.2663,942.2455,0.7941,0.9342,0.9896,15.3556,0.0351,7.9388,0.1749,0.2141,0.1362,0.2204,4,Cladosporium Leaf Spot
spinach_0_0172.jpg,115.9918,143.3614,73.6692,25.9986,19.3486,15.2724,4.5168,0.9092,0.5557,0.8214,0.4903,58185.2527,914.9413,0.8485,0.8807,1.1156,1.8396,0.0002,5.4909,0.0967,0.0637,0.0406,0.0398,0,No Disease
spinach_2_0055.jpg,115.6316,123.0303,56.1517,34.7447,26.6051,20.9831,7.3373,0.5712,0.3986,0.592,0.5872,39906.543,862.4883,0.8966,0.8971,1.1315,23.4093,0.0302,4.7226,0.1986,0.16,0.0942,0.3054,2,Anthracnose
spinach_0_0007.jpg,124.9673,171.0525,75.3153,15.0523,6.3398,16.0708,0.618,0.8668,0.531,0.8701,0.5266,52785.2428,904.1365,0.7079,0.8881,1.0811,1.7849,0.0201,1.4345,0.1491,0.06,0.0104,0.1228,0,No Disease
spinach_1_0133.jpg,122.4439,128.8175,67.9529,27.369,23.0489,22.3524,4.75,0.7602,0.4463,0.8022,0.5481,54550.6818,809.3689,0.7556,0.8968,1.0142,14.0626,0.0122,3.542,0.2528,0.1072,0.0753,0.229,1,Downy Mildew
spinach_2_0032.jpg,125.258,116.0793,65.1705,21.791,18.9901,28.749,7.1721,0.6883,0.2905,0.7071,0.5754,55934.3522,1152.7831,0.829,0.8841,0.8773,7.2621,0.0394,4.2475,0.2115,0.1862,0.1471,0.334,2,Anthracnose
spinach_3_0072.jpg,124.1276,141.2852,67.7821,33.1903,25.5239,19.5709,6.0551,0.7739,0.4636,0.8707,0.4602,51616.5482,1023.971,0.7985,0.9108,0.9735,0.0,0.0336,4.5553,0.1408,0.134,0.0463,0.2535,3,White Rust
spinach_0_0142.jpg,107.5825,144.3363,74.6957,15.781,10.2507,18.4894,2.3159,0.992,0.5764,0.7816,0.5166,50148.147,954.2003,0.7312,0.9711,1.0499,0.6503,0.0069,0.0,0.1165,0.1445,0.0277,0.2316,0,No Disease
spinach_2_0164.jpg,105.7224,125.9149,64.0218,32.4369,30.3766,14.6658,9.7018,0.6637,0.4797,0.5577,0.7157,47182.4886,937.212,0.819,0.9092,0.9953,13.7721,0.0256,6.9916,0.2795,0.166,0.0781,0.3586,2,Anthracnose
spinach_3_0155.jpg,127.7623,137.0873,58.1958,24.4767,20.7108,27.0572,2.9961,0.7965,0.3727,0.7409,0.5777,50443.185,904.4009,0.8,0.9077,1.1807,6.7781,0.0162,4.6504,0.1814,0.1458,0.0779,0.3175,3,White Rust
spinach_4_0006.jpg,107.0113,118.6857,61.0138,40.8397,30.5235,26.3365,9.0425,0.6997,0.3763,0.6797,0.8311,38366.8279,1098.9052,0.8854,0.8954,0.957,22.8414,0.0284,8.4609,0.2059,0.2791,0.0939,0.3955,4,Cladosporium Leaf Spot
spinach_3_0121.jpg,133.4828,149.1109,78.2493,27.2043,10.7197,17.46,7.0519,0.8998,0.569,0.7635,0.4193,51296.8421,906.4807,0.8739,0.9257,1.1113,8.294,0.0202,5.1276,0.1338,0.0777,0.1043,0.1487,3,White Rust
spinach_0_0087.jpg,120.7508,144.3754,73.365,17.1978,17.1552,13.9917,0.6638,0.8768,0.5959,0.8263,0.3394,45198.7828,959.0725,0.8027,0.9358,1.1972,2.3515,0.0091,1.7469,0.0954,0.0588,0.0954,0.1638,0,No Disease
spinach_0_0167.jpg,120.6035,135.6966,79.6705,26.1599,16.6812,14.1571,1.4406,0.8795,0.6483,0.8962,0.4435,46373.8824,823.251,0.8986,0.9256,1.058,7.7244,0.0083,2.2407,0.0931,0.0673,0.0358,0.0894,0,No Disease
spinach_2_0152.jpg,101.9588,125.8855,57.2861,32.2054,21.0178,22.2867,8.8654,0.7576,0.3162,0.6618,0.5911,46717.9354,740.0932,0.7917,0.9158,1.0172,13.6376,0.0252,7.9992,0.1994,0.137,0.0888,0.259,2,Anthracnose
spinach_2_0094.jpg,128.951,122.5663,52.9147,24.4518,32.1406,18.5455,5.269,0.6187,0.3891,0.7435,0.8093,55224.8565,880.0774,0.8612,0.8832,0.9343,11.3155,0.0205,4.9624,0.182,0.1416,0.1255,0.4872,2,Anthracnose
spinach_0_0040.jpg,96.3768,144.2676,59.7149,21.9485,17.5128,14.4102,4.7001,0.8502,0.7448,0.8642,0.2923,52349.5979,812.3755,0.7249,0.9399,1.1644,0.0,0.0139,3.2835,0.1718,0.1012,0.0741,0.0495,0,No Disease
spinach_0_0114.jpg,115.3829,133.0184,83.2905,19.5608,18.0235,19.7158,0.4743,0.8206,0.5643,0.9379,0.2869,43659.827,1002.3721,0.7338,0.9202,0.9715,0.0,0.0059,2.8747,0.0614,0.1463,0.0229,0.1454,0,No Disease
spinach_1_0119.jpg,113.8042,130.1257,54.9437,35.2429,35.1975,22.9131,5.4815,0.6364,0.5537,0.7653,0.5811,53405.8704,841.4288,0.7988,0.8739,1.187,9.5824,0.0293,4.438,0.1832,0.0815,0.099,0.2399,1,Downy Mildew
spinach_3_0085.jpg,132.12,130.5017,58.4486,30.7529,23.9965,24.0314,6.0909,0.9444,0.5492,0.7293,0.597,48712.5564,859.5874,0.6952,0.9128,1.1536,7.7359,0.0082,1.2586,0.2756,0.133,0.0494,0.3169,3,White Rust
spinach_0_0123.jpg,122.2613,117.9288,74.2267,13.1198,13.8283,13.5423,1.2851,0.8573,0.5806,0.8425,0.2738,55899.3481,995.2872,0.8206,0.8915,1.1439,4.7039,0.0,1.2165,0.0942,0.1537,0.0881,0.0669,0,No Disease
spinach_0_0151.jpg,89.1869,146.7461,87.5269,23.6061,24.309,11.6156,2.4018,0.8245,0.5618,0.9341,0.4302,44936.7949,788.4971,0.6871,0.9423,1.2851,7.4498,0.0,3.7579,0.1468,0.0182,0.0324,0.2876,0,No Disease
spinach_1_0015.jpg,128.8633,123.2132,70.8894,29.6925,23.9399,19.7403,9.6253,0.6746,0.4538,0.7075,0.7886,55434.1316,832.165,0.8208,0.9164,1.0587,13.0327,0.0231,5.1883,0.1879,0.1472,0.0857,0.3147,1,Downy Mildew
spinach_2_0015.jpg,105.4397,115.3466,67.2953,24.4862,36.0235,17.6434,6.4129,0.604,0.555,0.6648,0.6399,48146.2563,889.5603,0.7803,0.8967,0.7977,14.2286,0.0271,7.9694,0.2955,0.1525,0.1304,0.2619,2,Anthracnose
spinach_0_0105.jpg,88.4011,142.3968,64.9003,14.2008,14.7904,14.2668,0.9048,0.9471,0.5443,0.9486,0.4481,48512.214,833.406,0.6712,0.9373,1.0916,0.0,0.0017,0.0,0.1788,0.0119,0.004,0.2888,0,No Disease
spinach_3_0105.jpg,108.8094,146.5305,72.5097,22.3232,24.0456,25.0319,6.7358,0.7248,0.3409,0.6878,0.5188,58811.5857,832.1555,0.7442,0.9046,1.0675,7.9551,0.0068,5.9518,0.1628,0.2192,0.0407,0.4072,3,White Rust
spinach_3_0086.jpg,145.8919,142.8251,44.7035,38.2615,12.7538,19.176,2.8732,0.7108,0.4828,0.635,0.541,57236.7121,820.676,0.6966,0.9165,1.0829,5.6191,0.0075,4.9345,0.1998,0.0774,0.0468,0.2909,3,White Rust
spinach_1_0094.jpg,96.4439,136.1974,83.5754,30.1122,18.227,22.1273,3.3228,0.8386,0.3535,0.7652,0.5242,48267.7597,1048.6151,0.7962,0.896,1.0084,2.5132,0.01,5.0015,0.239,0.1076,0.1193,0.2526,1,Downy Mildew
spinach_3_0050.jpg,119.9078,129.4891,65.0649,22.679,32.9026,23.6475,3.1536,0.9329,0.4254,0.7821,0.6397,41650.0573,881.2974,0.7456,0.9251,1.1396,7.691,0.016,5.9172,0.1851,0.1217,0.0737,0.4269,3,White Rust
spinach_2_0049.jpg,119.9739,123.9051,60.1111,26.5312,28.9278,22.732,6.476,0.8943,0.2569,0.7671,0.6037,50655.9774,1136.8588,0.7423,0.8819,1.0786,10.6111,0.0341,5.1378,0.2627,0.1068,0.0648,0.3317,2,Anthracnose
spinach_1_0070.jpg,112.5655,142.6212,52.3163,16.2122,24.1616,26.483,5.572,0.7131,0.2813,0.7917,0.6761,42091.3375,1013.4532,0.8359,0.9383,1.1467,12.6147,0.0242,6.3633,0.0991,0.07,0.0616,0.2996,1,Downy Mildew
spinach_5_0068.jpg,94.462,105.5814,65.4929,18.7934,23.6251,20.1888,6.8076,0.8653,0.4044,0.5954,0.5586,50811.4393,879.2995,0.9075,0.924,1.1644,11.1315,0.0328,3.7873,0.2584,0.1387,0.0538,0.3875,5,Spinach Blight (Cucumber Mosaic Virus)
spinach_3_0156.jpg,120.7463,124.2435,55.5789,16.6464,30.8136,11.1489,6.8293,0.7043,0.5549,0.6258,0.5265,58770.122,976.321,0.7598,0.8714,1.0042,13.5566,0.0142,3.8707,0.1842,0.0679,0.0802,0.2464,3,White Rust
spinach_5_0084.jpg,115.3096,114.1461,71.7312,29.7244,23.47,21.4338,5.918,0.7555,0.4085,0.6744,0.6278,41870.4165,851.5397,0.8101,0.9452,1.1979,7.8637,0.0256,5.7948,0.1985,0.1433,0.0812,0.4898,5,Spinach Blight (Cucumber Mosaic Virus)
spinach_2_0123.jpg,104.522,107.9917,67.7682,27.7138,24.9472,21.5074,6.8895,0.5541,0.3369,0.7161,0.7123,55789.9653,1063.9392,0.8907,0.9229,1.0681,11.5077,0.0271,7.154,0.2711,0.1849,0.107,0.4129,2,Anthracnose
spinach_0_0029.jpg,101.6267,137.438,76.9221,11.3466,17.822,13.4381,5.1413,0.8861,0.7134,0.8027,0.4787,53597.0013,833.0953,0.7806,0.9603,1.0941,0.0,0.0059,0.0,0.0829,0.0767,0.0,0.0707,0,No Disease
spinach_2_0141.jpg,111.7569,121.3265,57.2175,25.8983,28.8898,22.845,10.1318,0.7431,0.3324,0.751,0.7208,56547.1315,827.5546,0.8113,0.8975,1.0847,10.4592,0.0316,6.8523,0.2943,0.1596,0.0997,0.4131,2,Anthracnose
spinach_0_0090.jpg,109.9792,140.1248,63.0163,23.8343,10.8765,19.6358,6.8576,0.9293,0.6266,0.8455,0.239,48986.4032,810.7105,0.6832,0.9731,1.1418,3.5188,0.0035,0.8888,0.1482,0.0787,0.0533,0.1843,0,No Disease
spinach_3_0118.jpg,136.5298,139.6901,54.6479,28.6176,22.8474,21.5249,6.4985,0.8044,0.3422,0.77,0.3882,54745.3094,1044.797,0.7055,0.9032,1.0394,6.1844,0.0203,3.2025,0.2026,0.1626,0.0975,0.1905,3,White Rust
spinach_4_0014.jpg,117.5566,114.4001,71.4476,21.8872,31.2195,27.9583,6.7918,0.7079,0.3379,0.6218,0.8563,45071.5779,976.9193,0.6711,0.8971,1.0735,15.8412,0.0371,7.3568,0.3227,0.2124,0.1413,0.4133,4,Cladosporium Leaf Spot
spinach_5_0149.jpg,87.9734,127.7764,59.8852,29.8118,26.8591,20.2915,5.1044,0.6804,0.3188,0.8673,0.6019,55294.7363,972.7173,0.8318,0.8966,1.1055,14.2887,0.0248,2.5799,0.1191,0.2104,0.0241,0.3557,5,Spinach Blight (Cucumber Mosaic Virus)
spinach_5_0156.jpg,92.3992,121.9187,66.5757,29.7142,31.129,25.3734,4.0123,0.6233,0.3816,0.7549,0.7865,49825.3376,1040.3696,0.7676,0.8866,1.0655,8.7311,0.0333,0.4143,0.1848,0.1959,0.0822,0.4258,5,Spinach Blight (Cucumber Mosaic Virus)
spinach_3_0068.jpg,129.1103,156.0813,72.3947,27.1215,20.4688,15.8501,3.8312,0.714,0.2551,0.7094,0.7102,53343.0011,867.3476,0.8039,0.8712,1.1326,13.11,0.016,0.8104,0.1493,0.1712,0.0765,0.1665,3,White Rust
spinach_2_0176.jpg,127.942,102.5252,59.4772,28.0316,27.6974,27.8895,7.644,0.7776,0.3264,0.6424,0.6916,49806.7391,861.4141,0.7425,0.93,1.051,19.7043,0.0271,7.2672,0.2579,0.127,0.1192,0.5043,2,Anthracnose
spinach_0_0162.jpg,97.1881,144.746,70.143,19.1071,19.9847,14.4318,1.527,0.9376,0.6335,0.8697,0.4281,48091.0489,833.9317,0.8161,0.9411,1.1564,3.1234,0.0064,2.4535,0.1468,0.1164,0.0375,0.311,0,No Disease
spinach_0_0135.jpg,107.2946,133.2535,68.2334,23.6966,11.1913,11.3785,2.2619,0.9776,0.6791,0.8334,0.5137,48079.2885,1102.6209,0.702,0.9632,1.0675,10.053,0.0107,0.0,0.0739,0.1112,0.0663,0.1943,0,No Disease
spinach_0_0027.jpg,107.4166,119.4754,76.1233,17.1123,23.3722,12.4896,0.9178,0.9433,0.641,0.9114,0.2514,54690.1722,816.5692,0.7841,0.8944,1.1557,0.0,0.0,2.4849,0.1121,0.0554,0.0763,0.1647,0,No Disease
spinach_4_0100.jpg,123.1605,115.0373,75.9432,38.6779,33.2198,28.3273,8.2512,0.7213,0.4657,0.7166,0.703,50301.5928,947.367,0.8403,0.8881,1.0247,24.3368,0.0254,5.8056,0.2036,0.1523,0.1612,0.4925,4,Cladosporium Leaf Spot
spinach_2_0153.jpg,116.2918,114.5138,58.4385,36.3732,33.6604,16.4151,8.1013,0.6981,0.3431,0.7229,0.5174,57313.2117,931.4944,0.7481,0.8854,0.9437,12.7442,0.0231,3.7148,0.2688,0.2111,0.1093,0.3255,2,Anthracnose
spinach_0_0008.jpg,97.7477,162.4132,65.4289,24.1924,12.4854,18.7263,2.6544,0.8875,0.5767,0.8342,0.4646,49725.0826,797.4394,0.6933,0.9343,1.2463,2.64,0.0051,1.7145,0.1653,0.0888,0.0297,0.2885,0,No Disease
spinach_0_0020.jpg,94.3025,131.8029,75.4231,19.0538,18.6433,16.4477,4.2451,0.8726,0.4619,0.9547,0.3869,57572.9622,958.3377,0.7621,0.9387,1.2761,10.3079,0.0066,1.4883,0.1538,0.0462,0.0483,0.1979,0,No Disease
spinach_2_0112.jpg,106.7324,89.2552,56.1333,27.4601,30.9501,24.6919,5.797,0.6433,0.3612,0.804,0.6078,46401.1967,767.1416,0.7111,0.9077,1.0962,19.131,0.0353,10.4148,0.2263,0.1496,0.0775,0.4057,2,Anthracnose
spinach_0_0015.jpg,116.7125,147.2596,86.5652,23.6539,9.1398,14.7322,0.01,0.8585,0.7009,0.9246,0.3501,46931.4132,923.2782,0.697,0.9132,1.145,6.6212,0.0109,0.0,0.1152,0.0829,0.0503,0.3293,0,No Disease
spinach_0_0077.jpg,100.0825,148.8214,65.8039,16.9053,13.7181,12.7374,3.8686,0.9503,0.7168,1.0,0.3169,52352.0956,802.38,0.7233,0.9142,1.0354,0.0,0.0048,0.0,0.1421,0.0433,0.1102,0.1639,0,No Disease
spinach_0_0089.jpg,91.6653,122.8101,76.5212,6.9906,18.0271,13.0877,4.224,0.8605,0.6328,0.8522,0.4314,55684.1827,873.7444,0.8298,0.9052,1.1436,5.6906,0.0113,4.6496,0.0618,0.0248,0.0151,0.2528,0,No Disease
spinach_3_0049.jpg,119.4378,109.9863,66.3607,33.5398,24.6748,17.9387,5.3591,0.8477,0.4532,0.9638,0.4983,56512.5536,981.1937,0.738,0.9094,1.1914,8.5792,0.0197,1.0553,0.2028,0.1315,0.0684,0.3089,3,White Rust
spinach_2_0103.jpg,120.6615,114.3228,48.4662,35.27,29.3821,17.1688,6.6055,0.9301,0.3813,0.6481,0.5892,58860.4949,964.7759,0.8844,0.9062,1.1803,10.6067,0.0283,6.6167,0.2991,0.1728,0.0944,0.3551,2,Anthracnose
spinach_2_0149.jpg,92.0679,109.6019,53.4952,31.435,36.3993,25.2876,9.4623,0.7316,0.47,0.83,0.6168,46014.4778,946.8811,0.7998,0.9055,1.0601,11.615,0.04,4.1202,0.2643,0.181,0.0705,0.2835,2,Anthracnose
spinach_2_0045.jpg,94.1721,98.0114,49.0385,31.7476,26.9837,27.1959,5.436,0.726,0.3709,0.634,0.7285,49669.9407,817.0881,0.8025,0.8968,1.0677,12.3496,0.0166,6.2346,0.1899,0.1192,0.104,0.4087,2,Anthracnose
spinach_4_0097.jpg,117.4785,106.7512,65.1147,27.1117,24.8374,26.502,11.1754,0.8058,0.2568,0.6182,0.8116,56343.9467,673.5916,0.7952,0.8778,0.9161,12.6513,0.0295,7.6059,0.3204,0.2042,0.1537,0.3921,4,Cladosporium Leaf Spot
spinach_4_0124.jpg,139.6262,97.245,51.2637,30.2233,36.4625,24.5617,5.7047,0.6104,0.2442,0.5624,0.9599,48741.9557,907.3153,0.7844,0.8837,1.0027,16.7575,0.0367,10.0535,0.3174,0.1412,0.1547,0.428,4,Cladosporium Leaf Spot
spinach_5_0124.jpg,97.5358,111.8733,78.0812,29.9991,28.5222,19.5008,6.7795,0.688,0.4024,0.7754,0.6,47509.7728,821.3585,0.7797,0.9043,1.0609,17.9918,0.0454,4.3777,0.2247,0.1915,0.0834,0.2604,5,Spinach Blight (Cucumber Mosaic Virus)
spinach_0_0115.jpg,120.3736,141.3261,67.5838,19.2243,23.7654,20.8648,0.6115,0.8966,0.5872,0.811,0.4144,52026.6143,1034.0209,0.8424,0.9218,1.1029,4.6572,0.0013,2.2596,0.0956,0.0412,0.0161,0.3158,0,No Disease
spinach_1_0019.jpg,135.8104,147.8595,65.8777,29.3119,27.9575,15.9721,6.5951,0.6813,0.4555,0.7441,0.6601,51590.5173,592.697,0.8007,0.9261,1.1357,9.5897,0.0331,5.3605,0.2119,0.1718,0.0891,0.2382,1,Downy Mildew
spinach_0_0115.jpg,120.3736,141.3261,67.5838,19.2243,23.7654,20.8648,0.6115,0.8966,0.5872,0.811,0.4144,52026.6143,1034.0209,0.8424,0.9218,1.1029,4.6572,0.0013,2.2596,0.0956,0.0412,0.0161,0.3158,0,No Disease
spinach_4_0158.jpg,121.4596,134.5679,81.7356,36.1869,23.4968,25.2042,10.5294,0.6101,0.4605,0.6553,0.7934,48746.2948,905.9536,0.8027,0.8498,1.0347,13.0672,0.0307,6.0687,0.3206,0.2309,0.144,0.2886,4,Cladosporium Leaf Spot
spinach_4_0047.jpg,126.9324,128.2851,59.547,27.032,29.9351,29.4427,8.8968,0.5031,0.3484,0.5261,0.8404,47034.9613,767.6879,0.8391,0.904,1.0886,26.7668,0.0391,6.3391,0.296,0.1786,0.1617,0.4125,4,Cladosporium Leaf Spot
spinach_2_0044.jpg,110.6124,115.189,56.4338,25.7879,29.1633,21.7307,8.8762,0.6656,0.3028,0.5819,0.6728,43653.9771,745.0038,0.8316,0.8556,1.193,14.6389,0.0266,4.2374,0.2682,0.1599,0.0928,0.366,2,Anthracnose
spinach_2_0024.jpg,115.866,110.254,73.0682,32.1105,29.6569,30.0355,6.2366,0.6729,0.2797,0.6879,0.5411,53739.2468,921.9997,0.7834,0.8975,1.1409,9.4568,0.0286,7.3591,0.1409,0.1874,0.0681,0.3406,2,Anthracnose
spinach_5_0101.jpg,105.6763,120.151,54.3042,37.3891,28.4163,19.1836,4.5358,0.789,0.4169,0.7638,0.6527,44486.2816,920.8618,0.7981,0.8995,1.2802,15.4763,0.0314,10.2969,0.2292,0.1548,0.073,0.3038,5,Spinach Blight (Cucumber Mosaic Virus)
spinach_1_0151.jpg,108.4302,142.6072,63.9474,24.8994,23.7759,15.7956,5.4766,0.6534,0.3984,0.8248,0.6354,43589.1475,985.1488,0.7896,0.8964,1.1597,9.3312,0.0107,8.1261,0.1891,0.1267,0.0699,0.4044,1,Downy Mildew
spinach_0_0059.jpg,109.1197,159.4544,75.7484,23.2894,30.5537,14.1448,0.6436,0.9342,0.6151,0.8431,0.3168,63549.2221,952.6843,0.7261,0.9529,1.1113,0.9885,0.0105,0.0,0.1176,0.1565,0.0517,0.1699,0,No Disease
spinach_4_0136.jpg,114.6779,111.7869,57.3837,37.3641,19.1205,26.0186,12.3858,0.7925,0.3859,0.7522,0.8907,49870.74,982.4794,0.8973,0.8584,1.1161,19.4459,0.0348,7.5263,0.2816,0.2026,0.158,0.4281,4,Cladosporium Leaf Spot
spinach_3_0124.jpg,116.6924,138.4878,68.9824,25.4269,22.5743,20.1485,5.16,0.8293,0.5576,0.7271,0.5328,49386.9594,848.4328,0.683,0.9206,1.1483,7.3796,0.0169,4.7532,0.2406,0.1032,0.0407,0.2728,3,White Rust
spinach_1_0114.jpg,107.9614,114.9466,74.7858,23.1091,31.4011,23.1003,6.0608,0.7155,0.4829,0.7589,0.5731,54480.0239,885.6028,0.7421,0.925,1.0949,11.9556,0.0164,2.6236,0.2768,0.1919,0.1021,0.279,1,Downy Mildew
spinach_3_0094.jpg,107.9482,127.8507,57.0273,16.0002,20.1849,19.7191,6.8069,0.8204,0.5067,0.7175,0.6385,58456.1642,944.4571,0.8054,0.8884,1.1944,15.1233,0.0196,2.9302,0.1619,0.1032,0.061,0.3318,3,White Rust
spinach_2_0121.jpg,100.4111,119.4339,65.6625,31.191,24.2908,22.4061,6.9923,0.6974,0.4688,0.719,0.5497,47188.3946,896.6021,0.8674,0.9324,1.222,14.5225,0.0331,3.482,0.2515,0.117,0.1084,0.5924,2,Anthracnose
spinach_2_0024.jpg,115.866,110.254,73.0682,32.1105,29.6569,30.0355,6.2366,0.6729,0.2797,0.6879,0.5411,53739.2468,921.9997,0.7834,0.8975,1.1409,9.4568,0.0286,7.3591,0.1409,0.1874,0.0681,0.3406,2,Anthracnose
spinach_3_0035.jpg,120.1517,132.1995,65.9689,30.163,28.2463,28.0219,2.0377,0.7015,0.5159,0.7482,0.6361,52535.5672,1062.9204,0.8426,0.9465,1.0771,7.6102,0.0146,1.2894,0.2436,0.1498,0.0614,0.3844,3,White Rust
spinach_2_0038.jpg,102.8599,110.9616,63.0956,24.8937,26.1097,21.4565,6.8243,0.5993,0.2318,0.7365,0.7864,41039.1252,916.8926,0.865,0.9149,1.0467,10.226,0.0276,6.546,0.2348,0.1528,0.0829,0.3838,2,Anthracnose
spinach_0_0151.jpg,89.1869,146.7461,87.5269,23.6061,24.309,11.6156,2.4018,0.8245,0.5618,0.9341,0.4302,44936.7949,788.4971,0.6871,0.9423,1.2851,7.4498,0.0,3.7579,0.1468,0.0182,0.0324,0.2876,0,No Disease
spinach_0_0060.jpg,99.9289,134.4863,69.9683,18.111,21.5816,8.0672,3.4654,0.8696,0.6102,0.8011,0.5529,58228.1748,1015.9591,0.6791,0.9507,1.1524,0.0,0.0058,1.8562,0.1278,0.0871,0.0473,0.3179,0,No Disease
spinach_4_0125.jpg,109.7528,123.0031,65.5783,32.2353,31.4012,21.5482,11.5878,0.4757,0.3862,0.6857,0.8243,46958.1482,1006.9197,0.7835,0.8603,0.9824,18.4988,0.0212,10.7409,0.3224,0.2631,0.173,0.3618,4,Cladosporium Leaf Spot
spinach_0_0177.jpg,103.2299,139.6712,79.1153,19.5039,18.9955,12.8336,2.9726,0.9301,0.6493,0.9299,0.4789,51507.913,944.4939,0.8338,0.9137,1.0697,2.7257,0.0093,0.0,0.0963,0.0762,0.0,0.1824,0,No Disease
spinach_0_0087.jpg,120.7508,144.3754,73.365,17.1978,17.1552,13.9917,0.6638,0.8768,0.5959,0.8263,0.3394,45198.7828,959.0725,0.8027,0.9358,1.1972,2.3515,0.0091,1.7469,0.0954,0.0588,0.0954,0.1638,0,No Disease
spinach_5_0097.jpg,94.9773,105.7854,62.496,23.0674,30.9101,23.8889,3.937,0.7121,0.2748,0.824,0.8114,49221.3135,784.7355,0.7701,0.8887,1.0815,17.4819,0.0316,7.1478,0.2185,0.1039,0.0707,0.3449,5,Spinach Blight (Cucumber Mosaic Virus)
spinach_2_0165.jpg,137.1108,134.1061,34.2048,30.3167,31.6606,22.2707,6.2178,0.6586,0.4242,0.6196,0.8089,49720.035,786.4976,0.8675,0.8614,1.0356,11.7133,0.0442,4.867,0.1223,0.1367,0.1214,0.4127,2,Anthracnose
spinach_2_0038.jpg,102.8599,110.9616,63.0956,24.8937,26.1097,21.4565,6.8243,0.5993,0.2318,0.7365,0.7864,41039.1252,916.8926,0.865,0.9149,1.0467,10.226,0.0276,6.546,0.2348,0.1528,0.0829,0.3838,2,Anthracnose
spinach_5_0046.jpg,96.6198,95.5947,52.7609,30.2763,28.6951,29.8335,6.2587,0.6014,0.3902,0.7102,0.6009,51218.7478,748.5527,0.8178,0.9163,1.2036,13.2415,0.0323,4.601,0.1948,0.2039,0.0557,0.3077,5,Spinach Blight (Cucumber Mosaic Virus)
spinach_0_0141.jpg,119.2698,139.9391,58.708,10.7794,18.2754,12.6321,0.4452,0.895,0.6292,0.7783,0.3751,59549.3534,812.4712,0.8222,0.9179,1.1637,6.3893,0.0119,2.8365,0.0424,0.1245,0.0187,0.2208,0,No Disease
spinach_4_0133.jpg,98.3387,118.0249,64.9324,34.6889,36.912,25.3291,7.5665,0.5254,0.3092,0.7095,0.8353,51823.095,944.7115,0.8666,0.8919,1.1794,15.0934,0.0334,6.6345,0.3096,0.1494,0.122,0.2412,4,Cladosporium Leaf Spot
spinach_3_0006.jpg,128.2872,129.9587,68.4499,27.5159,21.839,21.6514,6.2711,0.7681,0.2245,0.8975,0.5202,47383.5989,792.589,0.7598,0.9059,1.051,5.2715,0.0212,7.6547,0.211,0.1649,0.0606,0.2884,3,White Rust
spinach_1_0055.jpg,111.3141,134.1729,75.2203,32.73,17.7407,19.9437,3.918,0.7186,0.5584,0.6604,0.4481,46857.2292,928.7311,0.8272,0.9209,1.1941,2.9477,0.0295,4.2382,0.2266,0.0771,0.0801,0.3289,1,Downy Mildew
spinach_0_0080.jpg,114.3264,144.3238,69.9134,9.4616,20.8462,19.8869,3.0957,0.8296,0.6339,0.9402,0.5759,47619.4504,897.3545,0.8148,0.9314,1.0306,3.6585,0.0106,1.3583,0.111,0.0697,0.077,0.1279,0,No Disease
spinach_0_0014.jpg,108.28,158.0009,59.7291,24.3191,15.3574,14.7547,0.2101,0.8732,0.684,0.9208,0.5932,57887.0594,963.9087,0.8746,0.941,1.1862,0.8137,0.0065,0.0,0.1495,0.0329,0.0596,0.1847,0,No Disease
spinach_5_0081.jpg,108.1236,109.0155,64.5164,27.3752,32.5634,21.5515,5.6124,0.6743,0.3727,0.6544,0.6028,50088.3481,910.4381,0.8822,0.906,1.052,7.9558,0.0264,5.1887,0.2058,0.1605,0.103,0.3616,5,Spinach Blight (Cucumber Mosaic Virus)
spinach_4_0122.jpg,116.3841,124.6219,49.6418,35.3034,24.8481,27.4349,9.7894,0.5984,0.2629,0.7681,0.8473,51259.8817,1036.8428,0.795,0.8745,0.9899,17.5688,0.0402,10.0016,0.2712,0.2385,0.1246,0.3275,4,Cladosporium Leaf Spot
spinach_1_0123.jpg,137.5549,138.3527,74.0602,30.8339,32.5495,28.4034,7.117,0.7965,0.4136,0.7571,0.5762,54106.2581,827.9652,0.7785,0.8511,1.2378,9.1181,0.0236,7.424,0.205,0.1878,0.049,0.5018,1,Downy Mildew
spinach_0_0107.jpg,114.9554,137.5729,72.5609,22.8559,12.1419,17.9588,3.3929,1.0,0.5499,0.8479,0.4969,56095.5208,866.4913,0.7458,0.9435,1.0538,0.3579,0.0067,2.9927,0.0698,0.0063,0.0,0.0992,0,No Disease
spinach_2_0050.jpg,95.3149,132.701,45.7616,24.8116,29.0681,20.6545,4.4187,0.8432,0.2999,0.6863,0.6691,53551.5458,926.2352,0.7504,0.8919,1.0618,16.9958,0.0177,9.7326,0.192,0.1597,0.081,0.2461,2,Anthracnose
spinach_0_0044.jpg,100.1721,148.5761,83.8342,28.9719,23.574,14.5611,2.5996,0.9613,0.5897,0.8892,0.5024,51703.5868,847.0713,0.7451,0.9458,1.1202,3.3608,0.0114,0.5253,0.1378,0.0952,0.0091,0.3154,0,No Disease
spinach_2_0104.jpg,94.2359,90.4693,64.6507,28.1263,25.6929,26.3238,9.3749,0.7228,0.5342,0.7352,0.7202,51201.9441,751.4504,0.8574,0.8389,1.0331,14.0917,0.0207,5.2868,0.322,0.2042,0.0929,0.3124,2,Anthracnose
spinach_4_0086.jpg,111.4805,109.2136,59.4368,29.8278,32.0108,26.0221,5.9805,0.5829,0.34,0.7118,1.0,54013.9789,788.75,0.7844,0.8945,1.0284,19.881,0.0158,8.4957,0.2462,0.1856,0.1666,0.2891,4,Cladosporium Leaf Spot
spinach_5_0156.jpg,92.3992,121.9187,66.5757,29.7142,31.129,25.3734,4.0123,0.6233,0.3816,0.7549,0.7865,49825.3376,1040.3696,0.7676,0.8866,1.0655,8.7311,0.0333,0.4143,0.1848,0.1959,0.0822,0.4258,5,Spinach Blight (Cucumber Mosaic Virus)
spinach_4_0153.jpg,129.1903,104.041,48.2576,31.1585,29.5122,20.7602,8.5772,0.6513,0.3016,0.8023,0.803,56142.4452,744.3787,0.7021,0.9015,1.2184,13.9603,0.0351,5.2768,0.2341,0.1977,0.1177,0.2856,4,Cladosporium Leaf Spot
spinach_4_0010.jpg,122.3132,124.8922,45.4293,35.1631,21.1578,30.416,8.5545,0.5929,0.4192,0.6847,0.8925,50902.3781,903.8819,0.7729,0.8966,1.2058,15.9889,0.0392,5.9152,0.1667,0.1983,0.1393,0.3812,4,Cladosporium Leaf Spot
spinach_3_0061.jpg,102.0286,135.9187,71.0339,24.6206,25.5179,18.919,3.6203,0.7266,0.444,0.839,0.5013,50055.1565,962.0217,0.7681,0.9479,1.0364,3.4545,0.0194,4.7277,0.1268,0.1737,0.1181,0.2298,3,White Rust
spinach_0_0050.jpg,104.0155,136.3171,55.2204,15.529,15.6846,12.2566,4.3489,0.8868,0.6831,0.8843,0.4237,51556.0178,920.3796,0.8731,0.872,0.9599,0.0,0.0061,2.4422,0.1237,0.0646,0.0655,0.2824,0,No Disease
spinach_3_0035.jpg,120.1517,132.1995,65.9689,30.163,28.2463,28.0219,2.0377,0.7015,0.5159,0.7482,0.6361,52535.5672,1062.9204,0.8426,0.9465,1.0771,7.6102,0.0146,1.2894,0.2436,0.1498,0.0614,0.3844,3,White Rust
spinach_2_0120.jpg,109.249,128.4633,67.3745,35.566,27.1328,19.5103,10.2729,0.7485,0.3435,0.7997,0.6364,57053.517,1027.8285,0.7447,0.9145,1.1426,24.4596,0.0211,8.6786,0.2309,0.1103,0.107,0.3502,2,Anthracnose
spinach_2_0138.jpg,114.3498,111.4668,67.1976,29.7801,33.2461,25.0305,6.7832,0.743,0.4435,0.733,0.4608,45087.1975,1018.4106,0.7246,0.9221,1.1365,11.097,0.011,5.076,0.3339,0.1255,0.0901,0.2702,2,Anthracnose
spinach_0_0133.jpg,106.3911,137.9453,65.3212,19.64,23.2985,14.5239,0.4873,0.8606,0.5961,0.8539,0.4685,54614.2188,1008.8983,0.8554,0.9549,1.0453,0.0,0.0054,0.3879,0.0431,0.0623,0.0281,0.1463,0,No Disease
spinach_0_0055.jpg,121.8359,133.1593,80.359,20.3399,14.9393,7.7692,1.7083,0.7752,0.6574,0.9862,0.3403,53509.8537,847.4608,0.7323,0.9494,1.1169,8.9586,0.0021,2.9988,0.1049,0.1118,0.0288,0.196,0,No Disease
spinach_3_0089.jpg,128.9966,127.7773,60.3436,34.4798,29.057,19.5222,5.0288,0.7183,0.4708,0.7328,0.5421,60551.6469,895.4386,0.7171,0.8858,1.1202,4.9564,0.019,1.0849,0.2045,0.0776,0.0712,0.2529,3,White Rust
spinach_2_0124.jpg,123.6087,125.6818,57.7439,25.8308,22.7122,20.2751,7.437,0.7216,0.2668,0.6647,0.7143,45501.6004,923.3904,0.7816,0.8819,1.0843,15.5691,0.0202,5.6633,0.2534,0.1295,0.0686,0.2271,2,Anthracnose
spinach_0_0004.jpg,103.087,124.9675,62.9337,15.4027,19.4858,15.5697,3.1738,0.8658,0.5927,0.9238,0.3891,54283.8762,853.8074,0.7482,0.9205,1.0243,3.9479,0.0022,1.2225,0.124,0.0979,0.0566,0.1921,0,No Disease
spinach_2_0157.jpg,113.4716,112.5774,61.6941,28.1176,35.2378,31.0695,8.4857,0.8033,0.2569,0.6005,0.6578,50206.1548,860.1793,0.7015,0.9288,1.2523,19.124,0.0357,6.507,0.1879,0.1629,0.1626,0.3218,2,Anthracnose
spinach_4_0001.jpg,144.8328,93.4539,62.8652,33.3581,27.8596,24.1819,8.3554,0.6098,0.3578,0.6259,0.9622,49239.9313,946.9611,0.7499,0.9133,1.1287,19.677,0.0258,6.1457,0.3543,0.1595,0.146,0.3144,4,Cladosporium Leaf Spot
spinach_0_0111.jpg,116.4826,144.9641,73.9575,20.7276,16.1252,19.1826,0.5289,0.7702,0.6292,0.9242,0.468,54038.6418,887.946,0.8172,0.9289,1.081,0.7524,0.0222,0.0,0.125,0.0128,0.0373,0.1653,0,No Disease
spinach_5_0029.jpg,77.687,116.5982,68.8993,27.8239,14.68,21.756,5.192,0.8442,0.43,0.6743,0.4447,52453.0884,939.6149,0.7971,0.9151,1.0621,16.2689,0.0319,2.4499,0.1402,0.2313,0.1133,0.239,5,Spinach Blight (Cucumber Mosaic Virus)
spinach_4_0080.jpg,105.946,104.1316,52.0233,30.8282,24.0454,24.0876,9.2208,0.676,0.2871,0.5687,0.7024,53778.224,978.9196,0.8112,0.92,1.2083,16.0671,0.0459,7.031,0.321,0.2183,0.0806,0.3127,4,Cladosporium Leaf Spot
spinach_3_0013.jpg,116.4309,132.3692,51.9136,23.1468,27.1179,22.8207,4.6522,0.7895,0.3937,0.8937,0.7568,52324.1182,1164.0686,0.7392,0.8887,1.0532,7.122,0.0355,3.4939,0.127,0.0841,0.0985,0.3598,3,White Rust
spinach_2_0058.jpg,103.9379,121.2187,57.7657,27.9634,26.5861,29.3782,6.2469,0.6422,0.2434,0.697,0.7557,54180.9906,890.8218,0.8574,0.9183,1.169,17.9372,0.0396,5.7946,0.1636,0.1865,0.1295,0.4756,2,Anthracnose
spinach_4_0126.jpg,107.3067,91.5445,57.7501,40.8283,24.8607,24.1603,7.2572,0.66,0.4429,0.5523,0.6252,57933.1002,963.3067,0.7744,0.9327,0.9608,21.7249,0.0335,8.5918,0.1506,0.1796,0.1484,0.3849,4,Cladosporium Leaf Spot
spinach_1_0178.jpg,116.4832,136.5098,54.9604,20.5542,26.0418,16.6013,3.63,0.8069,0.472,0.6722,0.5481,46481.3422,1077.6319,0.8444,0.8995,1.1461,4.5753,0.0146,4.9888,0.2126,0.1261,0.0862,0.3163,1,Downy Mildew
spinach_4_0102.jpg,123.6503,131.871,75.4293,33.9493,34.4961,26.9754,4.9699,0.6176,0.2706,0.6762,0.6809,53528.4045,988.1028,0.8622,0.9305,0.9359,13.204,0.0574,9.3171,0.2812,0.1913,0.1286,0.2353,4,Cladosporium Leaf Spot
spinach_3_0174.jpg,116.7486,144.8422,54.9786,20.6525,22.6299,22.6528,7.6543,0.7508,0.3907,0.7158,0.4812,62605.134,980.6874,0.8468,0.914,1.1099,10.7971,0.013,3.4756,0.1363,0.1021,0.0712,0.2143,3,White Rust
spinach_2_0148.jpg,103.6962,111.6586,74.5216,23.2558,24.9051,23.3931,6.4843,0.7659,0.3553,0.6836,0.7715,59053.5583,1020.7498,0.7918,0.8988,1.0837,14.588,0.0202,7.7859,0.2403,0.1582,0.0782,0.355,2,Anthracnose
spinach_0_0028.jpg,105.3211,141.958,67.0427,22.3557,14.3327,13.3534,4.3165,0.8168,0.387,0.9928,0.6749,49973.6537,726.3162,0.7514,0.9228,1.1048,0.0,0.0106,2.1441,0.0253,0.108,0.0913,0.2138,0,No Disease
spinach_0_0064.jpg,99.0678,135.419,76.0792,19.4739,15.0238,20.8687,1.8058,1.0,0.5873,1.0,0.4557,56814.8029,847.5389,0.7188,0.9415,1.1991,2.161,0.0,0.0,0.0286,0.0093,0.0427,0.29,0,No Disease
spinach_0_0141.jpg,119.2698,139.9391,58.708,10.7794,18.2754,12.6321,0.4452,0.895,0.6292,0.7783,0.3751,59549.3534,812.4712,0.8222,0.9179,1.1637,6.3893,0.0119,2.8365,0.0424,0.1245,0.0187,0.2208,0,No Disease
spinach_3_0167.jpg,134.771,147.4843,68.6684,26.8816,27.5437,15.5552,9.047,0.729,0.4319,0.6952,0.4318,56370.1703,1132.0193,0.746,0.9287,1.1276,12.001,0.0347,6.7378,0.1581,0.1412,0.0857,0.2784,3,White Rust
spinach_0_0052.jpg,95.0215,138.0666,59.1984,16.1901,17.7431,16.4648,2.7097,0.7944,0.6484,0.824,0.4833,51946.8066,782.3613,0.751,0.9391,1.169,1.436,0.0183,3.0135,0.0872,0.11,0.0883,0.3568,0,No Disease
spinach_3_0087.jpg,114.3503,137.9653,78.7444,24.7009,15.9319,21.5684,4.498,0.758,0.498,0.8284,0.5536,51196.5984,1111.3541,0.852,0.9408,1.1205,3.977,0.026,4.2597,0.1411,0.1103,0.0458,0.3646,3,White Rust
spinach_4_0121.jpg,100.1656,123.3641,72.0315,34.9167,23.6629,29.3901,7.6739,0.4626,0.4214,0.5938,0.9381,56238.867,867.2201,0.8176,0.9506,1.15,18.9528,0.0571,7.7116,0.2991,0.1526,0.0881,0.367,4,Cladosporium Leaf Spot
spinach_3_0090.jpg,141.1839,137.8864,82.5638,27.8037,29.127,19.1648,5.3874,0.8675,0.5324,0.8172,0.5172,50706.1175,1018.7662,0.8608,0.9052,1.0505,4.3835,0.0236,2.3269,0.2109,0.1418,0.0564,0.4051,3,White Rust
spinach_1_0070.jpg,112.5655,142.6212,52.3163,16.2122,24.1616,26.483,5.572,0.7131,0.2813,0.7917,0.6761,42091.3375,1013.4532,0.8359,0.9383,1.1467,12.6147,0.0242,6.3633,0.0991,0.07,0.0616,0.2996,1,Downy Mildew
spinach_1_0121.jpg,107.3322,144.9307,57.1351,29.3311,19.8185,24.0381,3.7557,0.7431,0.4342,0.9229,0.673,48035.4799,968.5049,0.9183,0.8693,1.0326,9.0524,0.0167,4.201,0.1248,0.1862,0.0444,0.294,1,Downy Mildew
spinach_1_0120.jpg,113.1358,130.0115,63.9698,18.4695,22.846,24.1809,4.8568,0.722,0.443,0.7512,0.5069,50818.2694,999.4073,0.7269,0.9006,0.9895,13.7655,0.0193,3.2696,0.1946,0.0819,0.0542,0.1932,1,Downy Mildew
spinach_0_0070.jpg,114.4277,128.1651,68.3558,13.0678,9.9502,14.3046,0.7597,0.9302,0.6162,0.9025,0.4439,59888.841,813.2406,0.7667,0.9583,1.2212,0.0,0.0035,3.6446,0.1254,0.0878,0.0346,0.1693,0,No Disease
spinach_0_0171.jpg,118.5259,165.6469,68.194,13.3979,5.8154,14.0236,1.4622,0.8479,0.5977,0.9077,0.4523,50419.3756,809.8378,0.8099,0.9303,1.1911,5.1603,0.0,0.0,0.0622,0.0377,0.0589,0.2281,0,No Disease
spinach_4_0110.jpg,124.7584,107.1223,57.4612,34.03,25.8677,21.7652,7.625,0.7173,0.4345,0.6085,0.8061,50467.9412,789.1765,0.7722,0.8584,1.163,24.2099,0.0307,6.3317,0.3227,0.2386,0.1021,0.3782,4,Cladosporium Leaf Spot
spinach_0_0135.jpg,107.2946,133.2535,68.2334,23.6966,11.1913,11.3785,2.2619,0.9776,0.6791,0.8334,0.5137,48079.2885,1102.6209,0.702,0.9632,1.0675,10.053,0.0107,0.0,0.0739,0.1112,0.0663,0.1943,0,No Disease
spinach_0_0098.jpg,94.2244,124.844,84.6626,15.3826,11.7803,14.8436,1.8467,0.8278,0.5556,0.9661,0.3394,45031.6376,1014.2594,0.7995,0.9145,0.9934,0.0,0.0056,3.2982,0.0482,0.0766,0.0569,0.0095,0,No Disease
spinach_3_0137.jpg,107.853,118.7962,61.9779,24.8668,19.5185,22.5713,6.651,0.7923,0.5048,0.799,0.551,45032.2065,802.2008,0.6989,0.9163,1.1286,2.203,0.0176,2.4246,0.1165,0.095,0.042,0.3285,3,White Rust
spinach_3_0080.jpg,120.7102,137.1782,61.8606,22.5423,29.6749,19.1831,4.1886,0.756,0.4964,0.7076,0.5927,52779.101,726.1345,0.8877,0.9565,1.046,3.5103,0.0188,1.4334,0.2382,0.1013,0.1105,0.214,3,White Rust
spinach_1_0008.jpg,128.9614,122.054,58.2422,27.0512,24.0014,22.0384,9.0558,0.7669,0.2398,0.7828,0.6138,51217.2501,924.5947,0.7883,0.9087,1.149,7.8317,0.0124,10.2428,0.1542,0.134,0.0426,0.3193,1,Downy Mildew
spinach_1_0124.jpg,128.8711,132.3012,74.4006,21.1568,22.5569,26.777,2.326,0.7848,0.4726,0.8978,0.4517,59048.1553,844.0529,0.7632,0.8794,1.013,11.6141,0.0111,6.1325,0.1569,0.0815,0.0668,0.3369,1,Downy Mildew
spinach_4_0102.jpg,123.6503,131.871,75.4293,33.9493,34.4961,26.9754,4.9699,0.6176,0.2706,0.6762,0.6809,53528.4045,988.1028,0.8622,0.9305,0.9359,13.204,0.0574,9.3171,0.2812,0.1913,0.1286,0.2353,4,Cladosporium Leaf Spot
spinach_0_0163.jpg,107.2846,145.9561,74.2567,21.235,13.3212,17.8054,6.837,0.87,0.5857,0.8488,0.3712,59722.2474,852.7029,0.7416,0.8903,1.0594,0.0,0.0111,6.2395,0.0817,0.0133,0.0625,0.1418,0,No Disease
spinach_4_0003.jpg,124.9989,133.1624,68.4096,33.6818,27.7114,15.5687,8.825,0.4477,0.1861,0.6487,0.7865,48244.5755,1043.5531,0.8177,0.8838,1.1809,24.2605,0.0381,6.1045,0.2425,0.1321,0.1289,0.306,4,Cladosporium Leaf Spot
spinach_1_0016.jpg,111.5898,148.6314,54.5966,29.1382,22.3988,28.0382,3.9641,0.6812,0.3524,0.7826,0.4727,48607.3575,684.7634,0.8044,0.8975,0.981,14.3424,0.0095,6.2345,0.1549,0.1941,0.0987,0.2294,1,Downy Mildew
spinach_4_0073.jpg,112.7186,123.675,59.2952,39.2884,29.5813,25.035,7.421,0.5887,0.359,0.7174,0.6915,51132.8964,908.4169,0.8115,0.8473,0.996,12.5366,0.0343,5.8782,0.2452,0.1422,0.1199,0.3001,4,Cladosporium Leaf Spot
spinach_2_0064.jpg,134.36,106.7833,58.6961,23.9043,27.2081,22.465,4.4679,0.9061,0.3404,0.6654,0.7869,59071.2744,992.6437,0.7279,0.9053,0.9295,17.6068,0.0139,4.6542,0.2298,0.1778,0.1035,0.4715,2,Anthracnose
spinach_1_0058.jpg,109.2965,149.3354,54.7632,23.373,26.8502,13.5759,7.6668,0.7899,0.5019,0.7991,0.5939,45684.2564,885.9925,0.7315,0.9222,1.1645,15.9072,0.023,6.4642,0.1751,0.1109,0.0918,0.2791,1,Downy Mildew
spinach_2_0076.jpg,111.656,132.1407,45.3926,21.55,30.8484,26.4632,6.6715,0.712,0.4396,0.643,0.6193,50948.6309,970.4089,0.73,0.8951,1.0605,15.6718,0.0269,5.1174,0.2924,0.1384,0.1027,0.2227,2,Anthracnose
spinach_2_0076.jpg,111.656,132.1407,45.3926,21.55,30.8484,26.4632,6.6715,0.712,0.4396,0.643,0.6193,50948.6309,970.4089,0.73,0.8951,1.0605,15.6718,0.0269,5.1174,0.2924,0.1384,0.1027,0.2227,2,Anthracnose
spinach_4_0015.jpg,111.2783,117.6802,62.9857,31.1332,34.5573,25.3738,8.8391,0.5178,0.4155,0.6193,0.6557,58730.93,959.7622,0.8486,0.9014,1.0625,16.8816,0.0402,9.5385,0.2666,0.2729,0.1251,0.2785,4,Cladosporium Leaf Spot
spinach_1_0034.jpg,113.5432,107.0953,63.5647,27.1289,24.9146,29.425,7.609,0.8028,0.353,0.7241,0.6005,47122.9644,950.0465,0.8114,0.8828,1.1957,10.4092,0.0062,4.7076,0.2041,0.1689,0.0716,0.3762,1,Downy Mildew
spinach_2_0149.jpg,92.0679,109.6019,53.4952,31.435,36.3993,25.2876,9.4623,0.7316,0.47,0.83,0.6168,46014.4778,946.8811,0.7998,0.9055,1.0601,11.615,0.04,4.1202,0.2643,0.181,0.0705,0.2835,2,Anthracnose
spinach_1_0111.jpg,116.2781,135.6626,53.5302,18.7688,33.9637,18.4303,5.2665,0.7082,0.4738,0.8841,0.668,43408.1743,761.5877,0.7661,0.9033,0.9622,13.2774,0.0113,7.4879,0.281,0.1201,0.091,0.2114,1,Downy Mildew
spinach_5_0118.jpg,95.7776,139.3447,66.9268,34.734,24.19,23.9977,7.3239,0.6357,0.3233,0.7157,0.7605,40342.8618,833.7151,0.8886,0.8692,1.1903,7.4888,0.0167,5.135,0.3037,0.1244,0.0467,0.2278,5,Spinach Blight (Cucumber Mosaic Virus)
spinach_5_0111.jpg,120.3149,115.4559,66.4477,24.7002,25.5427,24.8655,6.4252,0.6684,0.377,0.8134,0.7168,52170.2011,914.0882,0.739,0.9068,1.1754,10.9563,0.0318,6.3814,0.2514,0.152,0.1122,0.2228,5,Spinach Blight (Cucumber Mosaic Virus)
spinach_3_0128.jpg,120.1996,120.2943,67.2024,20.511,26.3226,16.4418,5.2602,0.6782,0.6679,0.8153,0.5354,50035.2087,849.64,0.7343,0.9003,1.2443,5.7895,0.0,1.9013,0.2164,0.1099,0.0666,0.3736,3,White Rust
spinach_0_0155.jpg,103.4597,143.45,69.8688,16.7547,25.0274,19.1958,0.7065,0.9455,0.5206,0.7971,0.5234,43479.5019,1012.6856,0.7548,0.9247,1.1528,4.3248,0.0,2.4919,0.1057,0.0298,0.0358,0.3105,0,No Disease
spinach_1_0106.jpg,118.6447,136.9096,61.1099,24.734,23.1712,20.9703,2.5415,0.7769,0.3939,0.8483,0.6691,56850.332,798.8996,0.7677,0.8789,1.0436,15.0084,0.0319,2.7334,0.1671,0.127,0.0946,0.1692,1,Downy Mildew
spinach_0_0037.jpg,117.1419,109.5988,75.1675,27.8072,11.3611,13.4808,0.7201,0.8285,0.5539,0.9799,0.6037,50320.3039,1110.506,0.7721,0.9738,1.1125,2.5242,0.0089,6.9219,0.1426,0.0517,0.0642,0.1711,0,No Disease
spinach_2_0001.jpg,115.0325,113.6422,55.0096,29.1007,30.6224,26.3629,5.2894,0.741,0.3279,0.7328,0.6708,57828.9427,838.1925,0.8107,0.9152,1.0101,13.7086,0.0249,5.1751,0.208,0.2045,0.095,0.3953,2,Anthracnose
spinach_3_0180.jpg,114.5397,119.0871,55.269,20.1367,28.1675,18.7517,4.8533,0.6936,0.5107,0.9113,0.4612,60123.7419,941.4424,0.781,0.93,1.1412,15.4284,0.0212,4.974,0.1489,0.1536,0.0461,0.2887,3,White Rust
spinach_3_0015.jpg,138.0187,126.0334,64.3468,20.471,21.3974,20.4313,4.2026,0.6245,0.4135,0.8292,0.5291,49862.7969,811.9223,0.7434,0.9552,1.0188,10.8833,0.0174,4.4407,0.1334,0.1059,0.0699,0.2383,3,White Rust
spinach_4_0082.jpg,115.2052,107.5776,67.407,28.1366,19.3974,27.0791,6.6417,0.6557,0.275,0.7095,0.7783,37553.9571,928.2013,0.7726,0.9254,1.1016,21.0246,0.0283,6.0779,0.2687,0.1756,0.1635,0.3777,4,Cladosporium Leaf Spot
spinach_2_0160.jpg,119.7334,118.1668,70.4846,33.7548,29.6198,30.5306,6.8349,0.685,0.3791,0.8081,0.6903,46758.6131,938.7676,0.751,0.9133,1.1131,13.2424,0.0315,3.422,0.2381,0.1415,0.1816,0.3625,2,Anthracnose
spinach_0_0100.jpg,123.8619,132.9881,56.1269,26.1762,17.0668,19.4198,2.4708,0.9367,0.609,0.9288,0.6477,56855.0317,761.9661,0.7968,0.9585,1.2162,0.2936,0.0153,2.8699,0.2286,0.05,0.0273,0.1755,0,No Disease
spinach_1_0061.jpg,124.784,137.0433,56.5515,31.2443,23.1981,15.3602,6.2738,0.7574,0.4118,0.7574,0.5381,54050.6525,895.6549,0.8,0.9189,1.0076,6.4229,0.0023,5.8165,0.1294,0.1353,0.0893,0.3582,1,Downy Mildew
spinach_0_0143.jpg,77.5056,138.5718,69.4957,15.9075,22.4073,13.695,1.6983,0.8698,0.4267,0.8008,0.5161,41450.2468,843.3685,0.746,0.9736,1.1815,0.0,0.0164,0.0,0.1505,0.0256,0.0668,0.1675,0,No Disease
spinach_0_0145.jpg,103.2583,140.5205,80.6996,24.3158,16.1914,12.32,3.93,0.9619,0.4515,0.8581,0.4366,55894.1486,1011.0101,0.787,0.9446,1.1251,0.0,0.0039,1.2342,0.0983,0.0046,0.0301,0.2045,0,No Disease
spinach_0_0020.jpg,94.3025,131.8029,75.4231,19.0538,18.6433,16.4477,4.2451,0.8726,0.4619,0.9547,0.3869,57572.9622,958.3377,0.7621,0.9387,1.2761,10.3079,0.0066,1.4883,0.1538,0.0462,0.0483,0.1979,0,No Disease
spinach_2_0006.jpg,107.1412,108.6103,61.9893,24.2814,30.8525,21.0867,8.9705,0.6486,0.4306,0.7126,0.7644,50549.7345,713.6603,0.8605,0.8978,1.1432,16.761,0.0208,4.4534,0.2628,0.1479,0.1334,0.3357,2,Anthracnose
spinach_1_0111.jpg,116.2781,135.6626,53.5302,18.7688,33.9637,18.4303,5.2665,0.7082,0.4738,0.8841,0.668,43408.1743,761.5877,0.7661,0.9033,0.9622,13.2774,0.0113,7.4879,0.281,0.1201,0.091,0.2114,1,Downy Mildew
spinach_0_0072.jpg,104.8296,142.1138,80.6761,11.1739,21.8691,15.0331,1.6536,0.7823,0.6202,0.711,0.4848,44539.4708,925.3458,0.7628,0.9592,1.1057,0.0,0.0019,3.4912,0.1268,0.0646,0.0341,0.0746,0,No Disease
spinach_5_0172.jpg,95.0412,117.42,63.4394,35.5465,21.6819,20.1908,5.3785,0.8568,0.3848,0.6916,0.4409,44943.1401,922.7885,0.8414,0.8837,1.0423,19.4395,0.0456,7.4696,0.288,0.2209,0.1454,0.3158,5,Spinach Blight (Cucumber Mosaic Virus)
spinach_3_0130.jpg,137.7472,136.0935,72.5226,30.0223,27.0952,23.664,5.873,0.9266,0.4168,0.7691,0.5285,49659.6643,706.1228,0.8625,0.8943,1.1236,2.3126,0.022,2.5863,0.1132,0.1278,0.0525,0.2341,3,White Rust
spinach_2_0009.jpg,118.1495,122.6653,51.6931,24.1587,27.0788,25.2441,7.6888,0.639,0.4038,0.8052,0.7105,41834.2603,900.32,0.9226,0.8678,1.0824,13.0947,0.0278,6.4497,0.287,0.1634,0.1419,0.3406,2,Anthracnose
spinach_3_0028.jpg,136.8869,127.2646,61.5799,20.8572,18.0829,25.9708,4.3856,0.7611,0.522,0.6636,0.5553,46015.6414,875.5585,0.7448,0.9041,1.128,8.8849,0.0152,4.6672,0.1266,0.1473,0.0648,0.2413,3,White Rust
spinach_4_0136.jpg,114.6779,111.7869,57.3837,37.3641,19.1205,26.0186,12.3858,0.7925,0.3859,0.7522,0.8907,49870.74,982.4794,0.8973,0.8584,1.1161,19.4459,0.0348,7.5263,0.2816,0.2026,0.158,0.4281,4,Cladosporium Leaf Spot
spinach_2_0111.jpg,113.3989,109.8769,56.8469,40.7931,37.6022,18.7836,5.4454,0.5952,0.4646,0.6721,0.714,59984.8367,878.9535,0.8424,0.913,1.0329,18.2366,0.0202,8.5118,0.2006,0.1409,0.0828,0.2761,2,Anthracnose
spinach_1_0071.jpg,121.8814,133.5715,71.9368,32.7425,19.6381,21.9543,4.0587,0.7249,0.4557,0.5214,0.8511,53832.0434,840.4297,0.9056,0.9013,1.1106,8.0515,0.0332,4.611,0.1975,0.1782,0.0946,0.3057,1,Downy Mildew
spinach_0_0112.jpg,84.1497,143.2794,68.9597,9.504,21.1978,20.74,4.5332,0.9287,0.5837,0.973,0.5882,57667.8435,825.8462,0.7821,0.941,0.9752,3.8774,0.0242,2.3519,0.1737,0.0873,0.0382,0.2305,0,No Disease
spinach_0_0096.jpg,105.1733,137.6601,68.2526,30.0546,19.7449,17.9044,0.4172,0.8201,0.5829,0.8921,0.2344,51098.4649,921.4072,0.7571,0.9097,1.0768,1.2926,0.0067,2.2886,0.154,0.0682,0.0286,0.235,0,No Disease
spinach_5_0076.jpg,112.458,105.0284,64.7615,25.8234,26.8149,18.8868,5.679,0.6765,0.4235,0.7302,0.7006,48965.0171,812.0247,0.8215,0.8771,1.1355,10.8581,0.0256,5.796,0.2901,0.1653,0.0918,0.2846,5,Spinach Blight (Cucumber Mosaic Virus)
spinach_3_0087.jpg,114.3503,137.9653,78.7444,24.7009,15.9319,21.5684,4.498,0.758,0.498,0.8284,0.5536,51196.5984,1111.3541,0.852,0.9408,1.1205,3.977,0.026,4.2597,0.1411,0.1103,0.0458,0.3646,3,White Rust
spinach_2_0043.jpg,108.6747,114.2488,68.3784,46.1675,33.0994,20.7387,8.0706,0.7339,0.306,0.6117,0.6837,54038.538,718.8192,0.7567,0.9143,1.0833,19.6651,0.0157,10.3339,0.1531,0.0788,0.1085,0.2592,2,Anthracnose
spinach_4_0023.jpg,118.3761,120.8853,56.758,36.6986,26.4933,26.2313,8.5321,0.6005,0.2695,0.6301,0.9474,56062.2393,992.0389,0.7428,0.8541,1.1577,21.6191,0.0351,6.833,0.1968,0.2247,0.1597,0.3357,4,Cladosporium Leaf Spot
spinach_4_0015.jpg,111.2783,117.6802,62.9857,31.1332,34.5573,25.3738,8.8391,0.5178,0.4155,0.6193,0.6557,58730.93,959.7622,0.8486,0.9014,1.0625,16.8816,0.0402,9.5385,0.2666,0.2729,0.1251,0.2785,4,Cladosporium Leaf Spot
spinach_4_0108.jpg,114.6413,118.1648,67.4004,27.606,30.7484,26.2003,6.7569,0.757,0.3164,0.5905,0.8453,50772.4779,930.8428,0.7189,0.9103,1.2438,12.9487,0.0368,6.0864,0.4045,0.2396,0.1371,0.2918,4,Cladosporium Leaf Spot
spinach_0_0107.jpg,114.9554,137.5729,72.5609,22.8559,12.1419,17.9588,3.3929,1.0,0.5499,0.8479,0.4969,56095.5208,866.4913,0.7458,0.9435,1.0538,0.3579,0.0067,2.9927,0.0698,0.0063,0.0,0.0992,0,No Disease
spinach_0_0152.jpg,110.5043,124.6,76.8859,9.3125,15.8859,19.5518,2.0313,0.8601,0.6511,0.9482,0.551,56371.7121,1028.1375,0.814,0.9366,1.1272,1.051,0.0,0.0,0.0859,0.0897,0.076,0.1967,0,No Disease
spinach_0_0072.jpg,104.8296,142.1138,80.6761,11.1739,21.8691,15.0331,1.6536,0.7823,0.6202,0.711,0.4848,44539.4708,925.3458,0.7628,0.9592,1.1057,0.0,0.0019,3.4912,0.1268,0.0646,0.0341,0.0746,0,No Disease
spinach_5_0059.jpg,96.0746,118.8262,74.1839,24.4879,20.5128,29.8039,6.3834,0.7173,0.3408,0.7451,0.8215,50771.8263,976.4963,0.8117,0.8744,1.0353,7.5288,0.0257,7.603,0.2181,0.1377,0.0703,0.3684,5,Spinach Blight (Cucumber Mosaic Virus)
spinach_0_0054.jpg,118.2496,138.5112,82.3245,22.0549,20.9128,11.3964,2.8907,0.9583,0.5339,0.9192,0.4766,49252.2369,807.7232,0.699,0.9322,1.1462,0.0,0.0062,2.227,0.1309,0.1421,0.0719,0.1199,0,No Disease
spinach_0_0029.jpg,101.6267,137.438,76.9221,11.3466,17.822,13.4381,5.1413,0.8861,0.7134,0.8027,0.4787,53597.0013,833.0953,0.7806,0.9603,1.0941,0.0,0.0059,0.0,0.0829,0.0767,0.0,0.0707,0,No Disease
spinach_5_0156.jpg,92.3992,121.9187,66.5757,29.7142,31.129,25.3734,4.0123,0.6233,0.3816,0.7549,0.7865,49825.3376,1040.3696,0.7676,0.8866,1.0655,8.7311,0.0333,0.4143,0.1848,0.1959,0.0822,0.4258,5,Spinach Blight (Cucumber Mosaic Virus)
spinach_1_0051.jpg,122.8031,120.1284,65.7115,39.1374,24.5121,26.8474,4.2414,0.7366,0.4796,0.7878,0.5334,46952.4127,998.8284,0.8615,0.9478,1.2443,10.5385,0.0175,7.2318,0.2257,0.0907,0.0542,0.3494,1,Downy Mildew
spinach_3_0005.jpg,115.3515,120.1669,65.3476,29.0588,20.8969,22.1679,4.4921,0.8274,0.3322,0.8923,0.4388,55468.6616,877.7816,0.7731,0.914,1.1304,9.8301,0.0255,6.5343,0.1866,0.1885,0.0723,0.3662,3,White Rust
spinach_4_0044.jpg,117.0009,130.4249,59.4108,39.7578,21.5397,28.7975,8.4018,0.5485,0.4962,0.7894,0.5526,51383.9219,960.5663,0.8165,0.9279,1.1746,19.0607,0.0522,9.1863,0.2524,0.1679,0.1611,0.3266,4,Cladosporium Leaf Spot
spinach_4_0037.jpg,106.4966,120.9327,58.0931,25.4969,26.5017,26.3186,8.0534,0.6349,0.3986,0.636,0.8959,45553.6447,1082.8003,0.8568,0.8811,1.0469,18.8269,0.0388,9.4702,0.203,0.2075,0.0771,0.3758,4,Cladosporium Leaf Spot
spinach_2_0100.jpg,105.4655,118.052,45.6006,27.1509,32.047,20.1349,8.3847,0.4935,0.3352,0.688,0.8643,44154.6856,947.0993,0.8634,0.882,1.0501,14.5665,0.0151,5.2808,0.2938,0.1809,0.1061,0.359,2,Anthracnose
spinach_1_0105.jpg,129.5268,147.2853,51.3986,34.0558,18.1428,16.4351,5.1017,0.7145,0.3053,0.8055,0.6779,56270.208,856.6545,0.7876,0.9092,1.235,0.0,0.0123,4.81,0.1357,0.1197,0.0768,0.2574,1,Downy Mildew
spinach_1_0168.jpg,120.1381,130.081,56.1745,28.79,24.7314,20.7097,5.3834,0.7328,0.4006,0.7698,0.5456,64284.0475,759.0667,0.7549,0.8974,1.2632,4.7195,0.0234,5.2471,0.2067,0.1795,0.1104,0.2739,1,Downy Mildew
spinach_0_0102.jpg,105.1172,112.7827,76.1336,8.9026,24.3497,15.6779,3.6994,0.8278,0.4558,0.8983,0.4166,49542.2959,928.4661,0.936,0.9509,1.204,5.3757,0.0178,0.8579,0.0,0.0725,0.0603,0.1224,0,No Disease
spinach_0_0122.jpg,115.6598,143.2325,72.7558,20.054,16.7178,12.6932,1.2359,1.0,0.5713,0.825,0.3684,57501.8534,987.5607,0.8036,0.9236,1.1659,0.0,0.0039,2.9456,0.1437,0.0407,0.0186,0.2087,0,No Disease
spinach_2_0020.jpg,125.1996,131.4397,58.4481,22.5073,38.4475,24.5491,6.4494,0.7565,0.4362,0.7918,0.6238,51592.3671,761.413,0.84,0.8994,1.1025,13.4146,0.025,4.5372,0.2695,0.2196,0.0961,0.3943,2,Anthracnose
spinach_0_0136.jpg,105.4466,147.3419,73.0544,13.5325,12.9351,15.9405,4.0663,1.0,0.6424,0.9001,0.4949,48666.2457,904.6769,0.7206,0.8988,1.1467,2.7421,0.0115,2.183,0.1121,0.1023,0.0389,0.233,0,No Disease
spinach_4_0075.jpg,122.7628,130.681,65.399,36.4199,31.2569,27.2196,6.9562,0.7748,0.2413,0.6817,0.6263,50009.3563,832.8706,0.7981,0.8985,0.9935,17.8823,0.0451,5.1379,0.2273,0.2244,0.1319,0.4021,4,Cladosporium Leaf Spot
spinach_2_0155.jpg,96.7607,130.7744,55.7776,23.9246,33.2635,20.9835,7.5688,0.7473,0.4179,0.5462,0.7595,49496.9312,847.0971,0.7935,0.8597,1.0954,8.5424,0.0247,6.3813,0.2837,0.1272,0.1463,0.4257,2,Anthracnose
spinach_1_0038.jpg,117.3417,123.7974,57.5816,29.1437,29.3874,19.627,6.8272,0.744,0.3586,0.7419,0.5801,47516.7004,942.8483,0.8041,0.8702,0.9679,11.6987,0.0135,5.3437,0.229,0.0792,0.0447,0.444,1,Downy Mildew
spinach_2_0023.jpg,127.4028,134.551,47.0948,28.2514,19.1694,29.0795,8.7219,0.708,0.3933,0.7966,0.8111,55790.2235,925.668,0.779,0.9192,1.1453,13.2375,0.0242,8.14,0.3132,0.13,0.1034,0.3781,2,Anthracnose
spinach_3_0162.jpg,99.8699,129.6598,74.0444,23.5999,28.225,24.199,2.4936,0.7585,0.4242,0.6828,0.4046,47469.8923,840.9075,0.797,0.9461,1.1511,11.0015,0.0149,5.0854,0.1626,0.1023,0.1174,0.0936,3,White Rust
spinach_5_0117.jpg,102.6768,91.773,68.1038,34.4348,24.9085,22.2392,7.3714,0.7451,0.2665,0.6666,0.6104,45195.8647,1016.6968,0.8481,0.8723,1.0729,16.5216,0.0188,6.9329,0.2792,0.1986,0.0945,0.4401,5,Spinach Blight (Cucumber Mosaic Virus)
spinach_2_0091.jpg,103.0829,95.8851,44.2291,27.3177,23.8316,22.1038,3.1373,0.6727,0.4622,0.8136,0.5006,45993.0362,794.5766,0.8087,0.8695,1.2146,14.1741,0.026,8.9669,0.2292,0.176,0.0912,0.2404,2,Anthracnose
spinach_2_0175.jpg,111.5699,135.0356,41.0948,31.8856,23.3644,13.5761,6.3871,0.8278,0.3275,0.7554,0.8099,49936.516,892.0456,0.697,0.8821,1.1526,14.2427,0.0299,6.3397,0.3396,0.1428,0.1501,0.3607,2,Anthracnose
spinach_1_0028.jpg,146.5747,133.3124,75.8509,33.0284,25.8401,17.0432,7.3016,0.6202,0.5581,0.774,0.345,49297.4695,965.3948,0.7758,0.9279,1.032,4.7761,0.0194,4.8568,0.1726,0.1791,0.0587,0.3351,1,Downy Mildew
spinach_3_0179.jpg,124.1988,123.2427,69.118,22.3524,17.0701,25.067,8.4885,0.9254,0.512,0.7614,0.543,53528.0113,862.9752,0.8591,0.8691,1.0863,11.2043,0.0102,3.5677,0.1997,0.1807,0.0377,0.1706,3,White Rust
spinach_5_0016.jpg,109.61,115.5057,69.0899,37.5678,30.1375,28.9638,5.2577,0.5826,0.3888,0.7142,0.7959,43849.7778,862.1121,0.8343,0.9025,1.0763,13.4343,0.0326,8.1643,0.2116,0.1174,0.1284,0.2538,5,Spinach Blight (Cucumber Mosaic Virus)
spinach_4_0008.jpg,120.3007,112.9146,57.8963,25.3215,36.4351,26.8006,6.6426,0.6517,0.4327,0.7295,0.6672,34830.8059,929.5386,0.7368,0.9056,1.146,22.4545,0.048,9.7254,0.3575,0.2452,0.1667,0.3867,4,Cladosporium Leaf Spot
spinach_1_0162.jpg,110.4695,140.0988,70.9602,29.8834,25.9773,15.0106,6.5041,0.7904,0.5296,0.9083,0.4407,49057.6159,825.7733,0.8004,0.9103,1.0813,14.1104,0.0112,2.926,0.1388,0.1156,0.0493,0.3061,1,Downy Mildew
spinach_3_0160.jpg,105.9252,121.2061,65.6556,24.4586,29.0611,25.2592,3.633,0.8355,0.4218,0.8278,0.6306,57710.4641,855.7357,0.8409,0.8732,1.2137,7.8999,0.017,0.3326,0.1506,0.1742,0.0593,0.3371,3,White Rust
spinach_4_0009.jpg,103.1067,148.305,61.5036,38.1435,26.2486,28.8557,4.0436,0.5972,0.3321,0.6924,0.8672,45029.2854,955.9968,0.8636,0.9486,1.1265,16.162,0.0238,10.7926,0.3069,0.1891,0.0895,0.3155,4,Cladosporium Leaf Spot
spinach_2_0103.jpg,120.6615,114.3228,48.4662,35.27,29.3821,17.1688,6.6055,0.9301,0.3813,0.6481,0.5892,58860.4949,964.7759,0.8844,0.9062,1.1803,10.6067,0.0283,6.6167,0.2991,0.1728,0.0944,0.3551,2,Anthracnose
spinach_1_0073.jpg,140.7266,132.2589,56.7951,29.0518,21.65,15.4235,6.6918,0.8294,0.4051,0.7336,0.5138,50250.322,843.7632,0.7293,0.9573,1.1373,12.2896,0.0271,6.1879,0.1693,0.1409,0.0733,0.3451,1,Downy Mildew
spinach_2_0018.jpg,111.8093,132.5871,67.0159,29.4072,26.0098,11.5987,6.4449,0.5717,0.3977,0.7107,0.7596,56983.3524,877.3731,0.9368,0.9058,0.9752,11.7517,0.024,7.1658,0.1826,0.1481,0.106,0.3142,2,Anthracnose
spinach_4_0007.jpg,94.7781,120.5466,57.5977,37.6859,26.8731,29.5545,6.459,0.6074,0.319,0.6947,0.7968,54111.1258,916.6831,0.8297,0.8676,1.1011,24.4328,0.0206,8.3802,0.3038,0.2484,0.1482,0.398,4,Cladosporium Leaf Spot
spinach_3_0031.jpg,115.3091,145.5352,78.1794,17.2796,24.7695,25.1705,6.5324,0.6023,0.3917,0.6904,0.6023,53566.6331,635.2108,0.762,0.94,1.1218,8.5851,0.0141,2.0939,0.1691,0.1221,0.0854,0.3357,3,White Rust
spinach_0_0165.jpg,109.2036,145.007,80.7238,15.3184,12.4678,16.8396,1.879,0.7491,0.61,0.7503,0.3255,58758.4069,1102.4879,0.6971,0.9218,1.1234,9.1249,0.0021,0.3416,0.1774,0.065,0.0581,0.0818,0,No Disease
spinach_4_0073.jpg,112.7186,123.675,59.2952,39.2884,29.5813,25.035,7.421,0.5887,0.359,0.7174,0.6915,51132.8964,908.4169,0.8115,0.8473,0.996,12.5366,0.0343,5.8782,0.2452,0.1422,0.1199,0.3001,4,Cladosporium Leaf Spot
spinach_3_0095.jpg,126.7946,147.0433,69.9672,20.6796,19.4965,17.7486,4.483,0.9136,0.6164,0.8386,0.5619,44691.7389,927.0008,0.7326,0.9608,0.9815,9.5379,0.01,3.9829,0.2033,0.1609,0.0685,0.3409,3,White Rust
spinach_0_0014.jpg,108.28,158.0009,59.7291,24.3191,15.3574,14.7547,0.2101,0.8732,0.684,0.9208,0.5932,57887.0594,963.9087,0.8746,0.941,1.1862,0.8137,0.0065,0.0,0.1495,0.0329,0.0596,0.1847,0,No Disease
spinach_3_0126.jpg,129.0593,125.4151,64.5854,13.9265,27.8612,19.2956,5.9392,0.8081,0.504,0.7795,0.5888,46693.5779,787.8821,0.7739,0.903,1.224,9.5006,0.0113,3.5112,0.1767,0.1173,0.0768,0.2855,3,White Rust
spinach_0_0025.jpg,107.9642,161.3858,71.3032,18.4646,13.2324,10.8709,0.01,0.8289,0.5743,0.9034,0.4251,48172.3236,1010.0185,0.8144,0.926,1.0678,4.1937,0.0075,0.0,0.0966,0.0905,0.0175,0.2152,0,No Disease
spinach_0_0065.jpg,104.8658,114.1354,70.4739,19.186,27.48,9.1714,1.3358,1.0,0.616,0.9194,0.4315,53649.7177,997.761,0.7214,0.952,1.0102,3.3135,0.0074,0.0907,0.0989,0.0551,0.0132,0.1717,0,No Disease
spinach_5_0066.jpg,100.9351,90.4544,52.513,32.8497,26.6478,27.9289,4.3632,0.7195,0.4005,0.72,0.6117,47686.5031,887.4646,0.8282,0.9063,1.1865,7.1949,0.0095,7.2305,0.1628,0.1348,0.0747,0.2893,5,Spinach Blight (Cucumber Mosaic Virus)
spinach_1_0173.jpg,115.8629,124.1194,62.8714,35.8901,30.2358,20.3647,3.4459,0.847,0.4261,0.6391,0.6812,56128.4334,657.4092,0.7405,0.9072,1.1588,7.937,0.0133,6.1089,0.1666,0.1517,0.0522,0.2018,1,Downy Mildew
spinach_4_0134.jpg,121.9438,134.7147,68.2857,36.0631,33.197,27.7988,9.2445,0.6843,0.2875,0.646,0.767,48821.4743,733.369,0.7159,0.8957,1.1425,18.0374,0.0561,5.8444,0.2922,0.2416,0.1566,0.4424,4,Cladosporium Leaf Spot
spinach_3_0014.jpg,119.1452,115.3664,57.9713,33.6062,25.444,20.2618,7.977,0.9267,0.4571,0.7788,0.4918,50076.9836,756.3675,0.6906,0.8769,1.1967,1.7544,0.0326,2.6853,0.2569,0.1054,0.0308,0.3827,3,White Rust
spinach_4_0144.jpg,129.9168,121.3161,60.6363,34.0863,26.0153,22.4195,8.0336,0.5564,0.3217,0.7958,0.8643,52040.1897,1045.1677,0.7405,0.9523,1.0332,26.0152,0.05,4.3442,0.3434,0.1786,0.1158,0.432,4,Cladosporium Leaf Spot
spinach_1_0062.jpg,105.9598,129.2832,76.3622,35.5716,28.9366,22.35,3.7913,0.7975,0.4174,0.7992,0.5467,50135.3344,916.4147,0.8048,0.9223,1.0537,4.6269,0.033,9.2807,0.2124,0.077,0.0607,0.3507,1,Downy Mildew
spinach_1_0071.jpg,121.8814,133.5715,71.9368,32.7425,19.6381,21.9543,4.0587,0.7249,0.4557,0.5214,0.8511,53832.0434,840.4297,0.9056,0.9013,1.1106,8.0515,0.0332,4.611,0.1975,0.1782,0.0946,0.3057,1,Downy Mildew
spinach_2_0049.jpg,119.9739,123.9051,60.1111,26.5312,28.9278,22.732,6.476,0.8943,0.2569,0.7671,0.6037,50655.9774,1136.8588,0.7423,0.8819,1.0786,10.6111,0.0341,5.1378,0.2627,0.1068,0.0648,0.3317,2,Anthracnose
spinach_1_0031.jpg,104.8434,108.5796,54.3,22.942,15.9276,18.0634,2.075,0.6586,0.526,0.7883,0.6287,45986.1072,746.3915,0.7217,0.9089,1.1695,13.6095,0.025,3.4724,0.1912,0.1171,0.075,0.473,1,Downy Mildew
spinach_3_0147.jpg,117.6585,140.2608,78.1413,27.5818,27.132,24.4365,3.0679,0.8051,0.5396,0.7495,0.4709,54152.0323,756.8371,0.7147,0.9033,1.146,8.8757,0.0253,2.3406,0.1212,0.141,0.05,0.2317,3,White Rust
spinach_1_0017.jpg,108.8292,136.6608,60.901,26.1533,30.3612,18.0052,5.6552,0.8164,0.4947,0.7488,0.5811,42305.9227,794.3755,0.8091,0.9066,1.106,14.157,0.0105,4.3749,0.1994,0.1018,0.1158,0.3827,1,Downy Mildew
spinach_1_0110.jpg,118.9606,119.38,49.7121,31.097,21.6279,17.6519,3.6405,0.7738,0.54,0.7318,0.5884,56358.1592,718.9554,0.908,0.9711,0.8835,9.61,0.0142,4.3234,0.1691,0.1625,0.0772,0.2371,1,Downy Mildew
spinach_3_0103.jpg,133.3407,130.156,60.7811,27.4347,22.0308,17.9084,3.8533,0.6844,0.4283,0.857,0.5745,56292.9704,956.6069,0.7433,0.8788,1.0359,5.3151,0.011,5.7658,0.2185,0.2085,0.0509,0.4078,3,White Rust
spinach_4_0067.jpg,139.2845,128.7322,57.3097,34.5591,31.3441,27.454,10.7415,0.4953,0.4611,0.7895,0.8168,53460.6754,865.8355,0.7904,0.9074,1.1207,20.8828,0.039,9.1171,0.3093,0.149,0.1508,0.5387,4,Cladosporium Leaf Spot
spinach_4_0124.jpg,139.6262,97.245,51.2637,30.2233,36.4625,24.5617,5.7047,0.6104,0.2442,0.5624,0.9599,48741.9557,907.3153,0.7844,0.8837,1.0027,16.7575,0.0367,10.0535,0.3174,0.1412,0.1547,0.428,4,Cladosporium Leaf Spot
spinach_4_0013.jpg,130.3254,121.9131,76.2136,24.5029,20.9655,28.9523,6.8081,0.7935,0.447,0.7711,0.8484,45892.0819,724.0658,0.8797,0.8525,1.1968,20.6785,0.0334,8.2957,0.2933,0.1819,0.1656,0.5013,4,Cladosporium Leaf Spot
spinach_4_0045.jpg,111.9026,118.3647,63.8452,31.0327,22.4151,29.6483,7.5125,0.7916,0.3643,0.7487,0.8231,57075.2814,947.0339,0.8041,0.9173,1.2689,16.9208,0.0404,7.4906,0.2953,0.1917,0.0761,0.374,4,Cladosporium Leaf Spot
spinach_0_0123.jpg,122.2613,117.9288,74.2267,13.1198,13.8283,13.5423,1.2851,0.8573,0.5806,0.8425,0.2738,55899.3481,995.2872,0.8206,0.8915,1.1439,4.7039,0.0,1.2165,0.0942,0.1537,0.0881,0.0669,0,No Disease
spinach_0_0070.jpg,114.4277,128.1651,68.3558,13.0678,9.9502,14.3046,0.7597,0.9302,0.6162,0.9025,0.4439,59888.841,813.2406,0.7667,0.9583,1.2212,0.0,0.0035,3.6446,0.1254,0.0878,0.0346,0.1693,0,No Disease
spinach_5_0148.jpg,93.885,102.1334,71.654,33.6025,20.8446,18.982,3.8857,0.7208,0.3964,0.7852,0.6997,52551.0149,715.7998,0.7724,0.9237,1.0469,5.4897,0.0305,4.3609,0.2631,0.1493,0.0831,0.4491,5,Spinach Blight (Cucumber Mosaic Virus)
spinach_0_0022.jpg,110.8078,138.3754,70.6367,16.1026,19.1515,11.5939,3.1315,0.9868,0.6093,0.86,0.4654,50456.6347,1013.5547,0.6601,0.9216,0.9607,0.0,0.0169,2.8113,0.064,0.0199,0.0,0.1565,0,No Disease
spinach_3_0102.jpg,112.3843,155.7747,71.4126,36.3994,16.8849,26.1967,1.7354,0.7866,0.4095,0.7486,0.4984,46926.4191,779.0312,0.7535,0.9229,1.2031,9.1814,0.0263,1.3393,0.1484,0.1484,0.0786,0.2111,3,White Rust
spinach_0_0025.jpg,107.9642,161.3858,71.3032,18.4646,13.2324,10.8709,0.01,0.8289,0.5743,0.9034,0.4251,48172.3236,1010.0185,0.8144,0.926,1.0678,4.1937,0.0075,0.0,0.0966,0.0905,0.0175,0.2152,0,No Disease
spinach_5_0145.jpg,95.4673,103.9351,60.5657,28.1208,25.7377,18.0083,3.8844,0.714,0.1176,0.723,0.5555,53400.7726,974.7635,0.8743,0.8913,0.9992,8.7416,0.0263,2.4374,0.2797,0.1368,0.1025,0.1975,5,Spinach Blight (Cucumber Mosaic Virus)
spinach_3_0070.jpg,131.6498,140.8529,63.6362,29.5103,22.0949,16.1198,5.3977,0.789,0.5368,0.8382,0.5391,49139.5653,905.1744,0.8018,0.9321,1.1341,7.637,0.025,2.7863,0.294,0.1505,0.0418,0.2948,3,White Rust
spinach_0_0088.jpg,98.3412,143.7741,74.0148,12.976,22.6134,14.6232,0.1114,0.9951,0.6301,0.7915,0.5977,55293.9868,918.9804,0.8654,0.934,1.1178,0.0,0.0107,2.0579,0.1007,0.0484,0.0432,0.1944,0,No Disease
spinach_0_0133.jpg,106.3911,137.9453,65.3212,19.64,23.2985,14.5239,0.4873,0.8606,0.5961,0.8539,0.4685,54614.2188,1008.8983,0.8554,0.9549,1.0453,0.0,0.0054,0.3879,0.0431,0.0623,0.0281,0.1463,0,No Disease
spinach_3_0135.jpg,128.2761,146.3278,73.9685,38.3825,28.0903,19.645,3.2501,0.7491,0.4335,0.8158,0.48,57460.8859,766.0437,0.682,0.9166,1.0426,2.9671,0.0119,2.6293,0.1705,0.0952,0.0565,0.2796,3,White Rust
spinach_0_0099.jpg,115.3379,125.993,74.656,21.2334,22.4229,17.2037,0.01,0.8372,0.5911,0.8664,0.4678,55946.8328,980.8452,0.7571,0.8838,1.0836,3.6655,0.0,2.3363,0.1454,0.0851,0.0,0.0978,0,No Disease
spinach_4_0017.jpg,114.5467,127.2067,56.2929,32.7287,29.0407,26.301,8.7951,0.6622,0.3476,0.7698,0.8023,63529.9314,894.9851,0.8475,0.8718,1.1821,15.1829,0.0376,7.024,0.2926,0.1806,0.1103,0.3683,4,Cladosporium Leaf Spot
spinach_3_0087.jpg,114.3503,137.9653,78.7444,24.7009,15.9319,21.5684,4.498,0.758,0.498,0.8284,0.5536,51196.5984,1111.3541,0.852,0.9408,1.1205,3.977,0.026,4.2597,0.1411,0.1103,0.0458,0.3646,3,White Rust
spinach_4_0066.jpg,123.7211,121.8533,70.1627,23.7555,28.5746,25.55,9.2235,0.4928,0.3192,0.688,0.8077,56430.6492,966.1505,0.7863,0.9069,1.0539,18.5871,0.0404,7.4185,0.2881,0.2285,0.1478,0.4887,4,Cladosporium Leaf Spot
spinach_5_0140.jpg,90.455,105.0364,52.5046,31.4739,21.9858,23.5987,7.3138,0.7873,0.4201,0.8088,0.7886,50791.0759,901.8527,0.7766,0.8753,1.1926,14.423,0.0295,4.3367,0.2912,0.1409,0.07,0.2941,5,Spinach Blight (Cucumber Mosaic Virus)
spinach_0_0032.jpg,104.8792,136.6824,62.2729,12.1826,20.4287,13.5962,0.2621,0.8923,0.6702,0.7203,0.2703,47385.5678,1066.1179,0.787,0.9492,1.0288,0.0,0.0096,1.3049,0.1274,0.0725,0.047,0.2126,0,No Disease
spinach_1_0013.jpg,130.36,133.4255,65.9364,33.7909,29.7817,24.0614,3.0831,0.6843,0.3497,0.8109,0.6271,44047.4378,881.1256,0.7004,0.9087,0.9676,12.1153,0.023,8.2343,0.2324,0.1131,0.1005,0.1982,1,Downy Mildew
spinach_4_0166.jpg,116.5982,114.0858,61.0688,34.3059,23.9679,26.268,5.5162,0.7184,0.3822,0.774,0.6483,56167.2586,983.578,0.7791,0.8806,0.9832,12.6168,0.028,5.2396,0.3498,0.1299,0.1337,0.4249,4,Cladosporium Leaf Spot
spinach_2_0065.jpg,118.2324,123.092,48.1648,38.4968,22.9847,29.9502,10.4377,0.721,0.4626,0.4842,0.6705,55510.8282,972.451,0.7268,0.8927,0.8771,15.652,0.0119,8.1349,0.2891,0.141,0.123,0.3326,2,Anthracnose
spinach_0_0124.jpg,129.9393,128.9325,79.8454,24.8525,12.0215,16.9731,1.8172,0.9443,0.5985,0.9637,0.4275,51160.6297,1029.6064,0.8048,0.9483,1.0668,0.0,0.0015,0.0825,0.1393,0.119,0.0361,0.3145,0,No Disease
spinach_2_0166.jpg,133.7654,131.4759,59.5034,25.5429,35.1201,21.5257,5.8811,0.6466,0.2798,0.6674,0.6667,53653.283,841.1912,0.724,0.8599,1.0968,14.2905,0.0226,5.2586,0.2494,0.2156,0.0905,0.3571,2,Anthracnose
spinach_1_0081.jpg,110.4962,146.4826,61.3472,30.5221,11.6062,23.2732,5.2257,0.7015,0.4445,0.7253,0.3976,55611.2397,924.3018,0.7712,0.8858,0.9824,10.8956,0.0329,5.1657,0.1209,0.139,0.0787,0.3791,1,Downy Mildew
spinach_2_0055.jpg,115.6316,123.0303,56.1517,34.7447,26.6051,20.9831,7.3373,0.5712,0.3986,0.592,0.5872,39906.543,862.4883,0.8966,0.8971,1.1315,23.4093,0.0302,4.7226,0.1986,0.16,0.0942,0.3054,2,Anthracnose
spinach_0_0084.jpg,109.3546,130.4152,76.0786,22.7593,2.4142,19.7612,0.01,0.8507,0.662,0.8578,0.2734,46531.3147,1022.6906,0.6547,0.9582,1.1156,0.0,0.0013,0.0,0.1433,0.1093,0.0,0.1677,0,No Disease
spinach_4_0069.jpg,123.0982,138.6095,58.6847,26.7654,37.8417,25.5461,9.7191,0.569,0.3711,0.5832,0.7664,47260.3841,802.2346,0.7718,0.8327,0.9772,21.1297,0.0368,5.5665,0.2974,0.1549,0.148,0.3807,4,Cladosporium Leaf Spot
spinach_5_0165.jpg,99.0562,87.9454,77.2421,34.8873,17.6166,25.56,6.3869,0.6941,0.4394,0.608,0.6489,49897.4059,878.0449,0.728,0.9112,1.1748,13.6293,0.0222,10.2403,0.1638,0.1809,0.0961,0.501,5,Spinach Blight (Cucumber Mosaic Virus)
spinach_3_0111.jpg,130.8906,125.1152,64.1392,22.2749,26.0444,19.3829,6.5862,0.6778,0.4561,0.7397,0.4274,51162.4448,1078.2928,0.7288,0.9168,1.005,2.1631,0.0107,3.19,0.1497,0.111,0.0288,0.2299,3,White Rust
spinach_2_0132.jpg,104.7918,130.3849,59.8046,28.7809,23.0369,17.4963,8.9255,0.7439,0.4882,0.7278,0.4258,43777.0853,926.4871,0.7778,0.886,0.9917,17.7904,0.0306,7.0021,0.1983,0.1671,0.0766,0.3396,2,Anthracnose
spinach_0_0171.jpg,118.5259,165.6469,68.194,13.3979,5.8154,14.0236,1.4622,0.8479,0.5977,0.9077,0.4523,50419.3756,809.8378,0.8099,0.9303,1.1911,5.1603,0.0,0.0,0.0622,0.0377,0.0589,0.2281,0,No Disease
spinach_3_0082.jpg,111.7318,130.3274,64.4766,35.2457,21.0587,15.2418,4.7004,0.7911,0.3576,0.8082,0.6709,52193.3564,825.2935,0.7483,0.8785,1.0993,9.2431,0.0098,7.4915,0.2096,0.0483,0.0257,0.2013,3,White Rust
spinach_4_0018.jpg,131.4158,126.14,50.6892,37.4769,24.5424,27.9734,9.1404,0.6793,0.4883,0.602,0.8211,56797.9431,825.6658,0.7453,0.8828,1.096,12.3581,0.0384,4.9649,0.3347,0.2106,0.1778,0.4435,4,Cladosporium Leaf Spot
spinach_2_0162.jpg,112.0046,111.605,55.9134,31.5277,20.5356,18.5711,6.4879,0.6684,0.2899,0.7553,0.6482,47890.912,908.2659,0.7923,0.9209,1.0053,8.4105,0.0245,6.2084,0.168,0.1045,0.1146,0.2894,2,Anthracnose
spinach_4_0082.jpg,115.2052,107.5776,67.407,28.1366,19.3974,27.0791,6.6417,0.6557,0.275,0.7095,0.7783,37553.9571,928.2013,0.7726,0.9254,1.1016,21.0246,0.0283,6.0779,0.2687,0.1756,0.1635,0.3777,4,Cladosporium Leaf Spot
spinach_0_0069.jpg,95.5978,132.0171,62.6922,20.8103,20.6486,8.6516,2.0427,0.8824,0.6073,0.8791,0.2746,45688.0535,922.9424,0.8317,0.8746,1.1477,6.7585,0.0048,2.1904,0.0648,0.0752,0.0,0.0125,0,No Disease
spinach_2_0116.jpg,117.3186,119.7468,54.6972,30.1894,27.8236,24.5995,8.2484,0.6174,0.2627,0.7059,0.5153,48381.695,829.081,0.8295,0.9496,0.9244,23.0967,0.0251,6.7261,0.1593,0.1999,0.111,0.3451,2,Anthracnose
spinach_1_0180.jpg,110.5923,132.1308,65.1955,19.2296,25.2635,20.817,5.7209,0.7429,0.4507,0.8536,0.492,49289.2383,966.6619,0.8189,0.9215,1.3203,12.4565,0.029,4.2473,0.1404,0.1174,0.0978,0.3425,1,Downy Mildew
spinach_3_0060.jpg,130.3735,128.3413,82.0574,26.264,18.031,18.934,3.5863,0.7455,0.4337,0.7274,0.577,53456.1208,805.3694,0.6805,0.9278,1.1526,10.9209,0.0214,6.8309,0.2199,0.2272,0.1475,0.1394,3,White Rust
spinach_3_0035.jpg,120.1517,132.1995,65.9689,30.163,28.2463,28.0219,2.0377,0.7015,0.5159,0.7482,0.6361,52535.5672,1062.9204,0.8426,0.9465,1.0771,7.6102,0.0146,1.2894,0.2436,0.1498,0.0614,0.3844,3,White Rust
spinach_4_0098.jpg,108.9505,118.9788,66.5641,37.1628,28.2606,21.2835,8.7706,0.6682,0.4386,0.6125,0.6932,54280.801,849.2566,0.763,0.9214,0.9603,26.2248,0.0291,9.0601,0.2646,0.2009,0.1234,0.4585,4,Cladosporium Leaf Spot
spinach_3_0138.jpg,122.32,144.9674,63.452,22.9716,31.3669,13.5078,6.9836,0.9024,0.5213,0.7569,0.6927,49891.1932,834.4214,0.7567,0.9057,1.0343,12.44,0.0108,3.9466,0.0978,0.1212,0.0411,0.1856,3,White Rust
spinach_2_0038.jpg,102.8599,110.9616,63.0956,24.8937,26.1097,21.4565,6.8243,0.5993,0.2318,0.7365,0.7864,41039.1252,916.8926,0.865,0.9149,1.0467,10.226,0.0276,6.546,0.2348,0.1528,0.0829,0.3838,2,Anthracnose
spinach_0_0038.jpg,100.1025,148.9946,72.2487,21.3929,17.0699,16.3463,2.7224,0.745,0.6333,0.8113,0.2758,51707.9438,928.3981,0.7284,0.9508,1.0126,0.3722,0.0013,1.1161,0.1139,0.0397,0.0581,0.205,0,No Disease
spinach_3_0124.jpg,116.6924,138.4878,68.9824,25.4269,22.5743,20.1485,5.16,0.8293,0.5576,0.7271,0.5328,49386.9594,848.4328,0.683,0.9206,1.1483,7.3796,0.0169,4.7532,0.2406,0.1032,0.0407,0.2728,3,White Rust
spinach_4_0129.jpg,108.0427,123.5525,54.7695,31.0133,29.7192,27.2415,8.7399,0.6519,0.2537,0.6872,0.8151,53944.6727,818.048,0.8449,0.8571,1.0355,16.8979,0.0239,6.9767,0.2811,0.117,0.1201,0.2501,4,Cladosporium Leaf Spot
spinach_0_0109.jpg,103.997,137.7425,72.8568,24.2398,23.8887,14.991,3.386,0.8439,0.6413,0.8267,0.5291,63053.2044,907.7916,0.6384,0.9163,1.2186,4.2123,0.008,3.0156,0.1242,0.1287,0.063,0.3217,0,No Disease
spinach_0_0095.jpg,118.0116,145.9676,76.8399,26.2361,31.0632,8.1631,0.7448,0.8507,0.5119,0.8046,0.39,45916.9814,953.5042,0.7731,0.942,1.1606,4.412,0.003,5.0181,0.1117,0.0055,0.0149,0.0608,0,No Disease
spinach_4_0133.jpg,98.3387,118.0249,64.9324,34.6889,36.912,25.3291,7.5665,0.5254,0.3092,0.7095,0.8353,51823.095,944.7115,0.8666,0.8919,1.1794,15.0934,0.0334,6.6345,0.3096,0.1494,0.122,0.2412,4,Cladosporium Leaf Spot
spinach_2_0180.jpg,106.657,111.6599,58.7197,36.1986,30.3845,16.5113,8.0336,0.6889,0.3722,0.6984,0.7105,46540.566,861.7649,0.871,0.8824,0.9976,13.7532,0.018,2.999,0.2128,0.2179,0.109,0.3643,2,Anthracnose
spinach_2_0017.jpg,106.4361,113.0426,57.199,37.3488,27.1503,18.0573,4.967,0.6911,0.2896,0.5906,0.7536,53422.492,843.1863,0.8176,0.9047,1.1282,16.419,0.0062,5.6671,0.2559,0.1436,0.1109,0.4101,2,Anthracnose
spinach_0_0050.jpg,104.0155,136.3171,55.2204,15.529,15.6846,12.2566,4.3489,0.8868,0.6831,0.8843,0.4237,51556.0178,920.3796,0.8731,0.872,0.9599,0.0,0.0061,2.4422,0.1237,0.0646,0.0655,0.2824,0,No Disease
spinach_0_0111.jpg,116.4826,144.9641,73.9575,20.7276,16.1252,19.1826,0.5289,0.7702,0.6292,0.9242,0.468,54038.6418,887.946,0.8172,0.9289,1.081,0.7524,0.0222,0.0,0.125,0.0128,0.0373,0.1653,0,No Disease
spinach_0_0062.jpg,100.0834,132.6128,77.5574,21.2795,20.2587,14.9648,2.8724,0.8665,0.7584,0.7702,0.5461,58839.5373,834.7841,0.9038,0.9549,1.1977,2.1121,0.0043,0.8231,0.1195,0.136,0.0445,0.1271,0,No Disease
spinach_0_0140.jpg,102.9355,150.2723,68.6539,17.1317,22.8175,13.7752,3.8776,0.9343,0.5526,0.9136,0.452,57104.4141,865.1654,0.7725,0.9285,1.1763,0.0,0.0141,2.0394,0.0342,0.1283,0.0959,0.2801,0,No Disease
spinach_4_0162.jpg,120.5713,94.0673,58.3956,31.9817,26.764,33.6855,11.3014,0.7126,0.266,0.7945,0.8219,45790.1017,893.2717,0.8475,0.875,1.0812,19.2659,0.0252,7.0138,0.2187,0.2247,0.1073,0.4133,4,Cladosporium Leaf Spot
spinach_2_0026.jpg,96.8327,103.3737,65.5404,27.8442,21.0912,29.1119,7.7838,0.6495,0.2883,0.8433,0.6876,56986.6403,969.3634,0.7687,0.8872,1.1957,19.8501,0.012,7.0896,0.2239,0.1187,0.1165,0.242,2,Anthracnose
spinach_4_0018.jpg,131.4158,126.14,50.6892,37.4769,24.5424,27.9734,9.1404,0.6793,0.4883,0.602,0.8211,56797.9431,825.6658,0.7453,0.8828,1.096,12.3581,0.0384,4.9649,0.3347,0.2106,0.1778,0.4435,4,Cladosporium Leaf Spot
spinach_3_0023.jpg,100.6819,118.0608,76.5204,28.0865,15.5128,17.4777,4.7504,0.6743,0.2997,0.7689,0.6073,54459.2866,992.5237,0.6868,0.9214,1.0885,7.6511,0.0153,2.8112,0.0191,0.1665,0.0782,0.1613,3,White Rust
spinach_5_0026.jpg,98.6348,100.2915,68.9707,33.0285,15.1259,18.9031,7.0007,0.5973,0.4626,0.8035,0.6338,45630.442,638.9432,0.8588,0.9501,1.2337,11.2201,0.0153,6.9077,0.2037,0.1691,0.0976,0.3474,5,Spinach Blight (Cucumber Mosaic Virus)
spinach_0_0081.jpg,99.1268,139.1208,79.0316,12.5131,10.4485,6.8491,2.0556,0.8105,0.5492,0.9263,0.3558,53156.4101,890.0662,0.8103,0.9419,1.0646,1.3254,0.0143,1.9081,0.0302,0.1062,0.0129,0.313,0,No Disease
spinach_3_0130.jpg,137.7472,136.0935,72.5226,30.0223,27.0952,23.664,5.873,0.9266,0.4168,0.7691,0.5285,49659.6643,706.1228,0.8625,0.8943,1.1236,2.3126,0.022,2.5863,0.1132,0.1278,0.0525,0.2341,3,White Rust
spinach_4_0010.jpg,122.3132,124.8922,45.4293,35.1631,21.1578,30.416,8.5545,0.5929,0.4192,0.6847,0.8925,50902.3781,903.8819,0.7729,0.8966,1.2058,15.9889,0.0392,5.9152,0.1667,0.1983,0.1393,0.3812,4,Cladosporium Leaf Spot
spinach_2_0068.jpg,97.7865,106.7032,58.7114,29.411,42.3236,17.6168,6.7873,0.5661,0.349,0.6757,0.7745,47751.6673,860.868,0.7742,0.865,1.0278,12.4723,0.0276,7.1061,0.2183,0.1499,0.067,0.3932,2,Anthracnose
spinach_0_0041.jpg,101.8209,129.4629,72.9538,17.1428,16.1692,22.5287,1.7115,0.9331,0.5614,0.8853,0.4206,54241.6203,1036.5308,0.8688,0.9377,1.1672,0.0,0.0053,2.8925,0.1433,0.0885,0.0622,0.2393,0,No Disease
spinach_3_0137.jpg,107.853,118.7962,61.9779,24.8668,19.5185,22.5713,6.651,0.7923,0.5048,0.799,0.551,45032.2065,802.2008,0.6989,0.9163,1.1286,2.203,0.0176,2.4246,0.1165,0.095,0.042,0.3285,3,White Rust
spinach_2_0053.jpg,97.9663,111.7281,78.5922,33.8897,25.6763,20.5532,6.9275,0.6904,0.3465,0.7371,0.5947,45208.0616,917.0195,0.7299,0.9182,1.0789,6.6884,0.0279,3.0667,0.2647,0.1501,0.1563,0.4357,2,Anthracnose
spinach_0_0021.jpg,108.1391,129.8329,59.2835,9.6351,11.4131,13.1653,1.5016,1.0,0.6685,0.8127,0.4548,49964.6088,891.5636,0.7811,0.9455,1.0929,6.2554,0.0,1.2114,0.2299,0.0889,0.0758,0.2073,0,No Disease
spinach_3_0114.jpg,126.0974,121.002,66.1546,27.5783,20.9202,22.6309,4.6883,0.7224,0.3731,0.7526,0.5705,41703.041,826.9924,0.6602,0.9046,1.2058,3.2555,0.0226,9.1279,0.2427,0.1253,0.0915,0.1704,3,White Rust
spinach_0_0170.jpg,100.8639,136.1169,66.1931,13.9225,9.9324,5.641,0.2042,0.9502,0.4521,0.7842,0.5991,48817.5198,952.1046,0.8085,0.9466,0.9982,1.0758,0.0,5.6034,0.0203,0.0381,0.014,0.0803,0,No Disease
spinach_1_0158.jpg,119.8622,107.6487,62.8942,28.5571,22.5848,23.1013,5.8803,0.6967,0.2751,0.7693,0.5147,48108.2869,947.9124,0.875,0.909,1.1443,4.2221,0.022,4.6922,0.2515,0.1084,0.074,0.3947,1,Downy Mildew
spinach_1_0142.jpg,113.6617,141.9963,61.707,30.4817,25.0161,15.3917,5.3459,0.6412,0.4214,0.7078,0.6482,44288.2283,901.4702,0.8243,0.9327,1.0389,10.071,0.0215,7.5848,0.1159,0.0936,0.1501,0.2882,1,Downy Mildew
spinach_1_0018.jpg,120.9013,149.7365,51.0088,26.9614,25.8317,17.3418,6.0112,0.6515,0.4852,0.834,0.6372,41736.0109,803.3206,0.8239,0.9105,0.8845,14.9713,0.0211,3.3257,0.2397,0.1029,0.0628,0.3387,1,Downy Mildew
spinach_5_0083.jpg,114.3086,111.5674,52.4735,35.1615,27.0964,26.46,7.3733,0.9013,0.3752,0.7311,0.722,47981.0386,950.2638,0.6332,0.8982,1.0818,11.4431,0.017,7.031,0.1848,0.158,0.0891,0.38,5,Spinach Blight (Cucumber Mosaic Virus)
spinach_5_0052.jpg,102.0915,113.1398,65.5285,29.8867,20.8,22.4262,3.4161,0.756,0.3118,0.8124,0.4055,57872.1247,706.0779,0.738,0.9075,1.1395,10.8665,0.0311,3.9662,0.19,0.1379,0.0765,0.1853,5,Spinach Blight (Cucumber Mosaic Virus)
spinach_3_0031.jpg,115.3091,145.5352,78.1794,17.2796,24.7695,25.1705,6.5324,0.6023,0.3917,0.6904,0.6023,53566.6331,635.2108,0.762,0.94,1.1218,8.5851,0.0141,2.0939,0.1691,0.1221,0.0854,0.3357,3,White Rust
spinach_5_0047.jpg,112.2845,109.6778,62.7152,27.6733,26.5858,26.3443,7.9712,0.7109,0.4874,0.7539,0.7359,44358.1526,1043.8553,0.8232,0.8313,1.2228,12.0202,0.0208,4.3098,0.232,0.1145,0.0756,0.2958,5,Spinach Blight (Cucumber Mosaic Virus)
spinach_2_0059.jpg,123.8129,137.4002,62.9588,31.1441,20.0751,24.2324,6.0607,0.6969,0.3844,0.733,0.6803,54675.101,607.6846,0.8114,0.9301,1.2296,16.9278,0.0405,6.4041,0.2301,0.1812,0.1099,0.2874,2,Anthracnose
spinach_3_0006.jpg,128.2872,129.9587,68.4499,27.5159,21.839,21.6514,6.2711,0.7681,0.2245,0.8975,0.5202,47383.5989,792.589,0.7598,0.9059,1.051,5.2715,0.0212,7.6547,0.211,0.1649,0.0606,0.2884,3,White Rust
spinach_3_0052.jpg,143.8622,133.081,67.9087,22.9911,24.1999,24.9398,7.6282,0.709,0.5481,0.8185,0.6475,51040.6036,886.2959,0.8361,0.9439,1.2353,8.7942,0.0161,0.0,0.0894,0.1042,0.0425,0.3451,3,White Rust
spinach_5_0026.jpg,98.6348,100.2915,68.9707,33.0285,15.1259,18.9031,7.0007,0.5973,0.4626,0.8035,0.6338,45630.442,638.9432,0.8588,0.9501,1.2337,11.2201,0.0153,6.9077,0.2037,0.1691,0.0976,0.3474,5,Spinach Blight (Cucumber Mosaic Virus)
spinach_2_0174.jpg,107.293,121.8715,58.1955,30.1203,26.174,19.5703,7.5697,0.6569,0.3076,0.771,0.6999,48859.5052,1014.0057,0.6898,0.9318,1.0096,14.8461,0.0223,4.4386,0.2957,0.2342,0.1045,0.3768,2,Anthracnose
spinach_0_0124.jpg,129.9393,128.9325,79.8454,24.8525,12.0215,16.9731,1.8172,0.9443,0.5985,0.9637,0.4275,51160.6297,1029.6064,0.8048,0.9483,1.0668,0.0,0.0015,0.0825,0.1393,0.119,0.0361,0.3145,0,No Disease
spinach_3_0106.jpg,137.9135,131.4715,63.8395,20.3935,17.4509,19.9976,4.8352,0.6418,0.6435,0.7618,0.5566,48368.8128,878.299,0.7585,0.9199,1.1088,11.2195,0.0188,5.2677,0.1695,0.1293,0.064,0.3602,3,White Rust
spinach_0_0106.jpg,118.5676,130.8052,66.9433,23.0812,5.3645,7.5552,1.5228,1.0,0.5451,0.8871,0.5334,62534.4237,862.3152,0.769,0.9756,0.9982,6.1103,0.0,1.3845,0.0879,0.0417,0.0154,0.2221,0,No Disease
spinach_0_0140.jpg,102.9355,150.2723,68.6539,17.1317,22.8175,13.7752,3.8776,0.9343,0.5526,0.9136,0.452,57104.4141,865.1654,0.7725,0.9285,1.1763,0.0,0.0141,2.0394,0.0342,0.1283,0.0959,0.2801,0,No Disease
spinach_3_0072.jpg,124.1276,141.2852,67.7821,33.1903,25.5239,19.5709,6.0551,0.7739,0.4636,0.8707,0.4602,51616.5482,1023.971,0.7985,0.9108,0.9735,0.0,0.0336,4.5553,0.1408,0.134,0.0463,0.2535,3,White Rust
spinach_2_0126.jpg,112.3151,102.7652,54.5948,41.056,31.6609,22.4863,12.4382,0.6068,0.4732,0.5927,0.6656,43261.0512,905.7276,0.8034,0.8923,1.1674,11.7316,0.0296,7.577,0.1558,0.1301,0.1113,0.4004,2,Anthracnose
spinach_0_0144.jpg,94.715,136.6114,74.2188,17.5263,19.7698,12.668,3.0546,0.9354,0.5751,0.8491,0.4352,54751.2687,1126.1799,0.8264,0.9544,1.3671,4.0638,0.0099,2.4672,0.0496,0.0622,0.0273,0.2518,0,No Disease
spinach_3_0025.jpg,123.6314,110.5319,54.6733,30.9452,23.8453,18.5847,3.2551,0.6833,0.476,0.7559,0.7047,50576.1814,910.872,0.6967,0.911,1.1242,6.5089,0.0131,4.5884,0.2457,0.1258,0.0986,0.3297,3,White Rust
spinach_4_0124.jpg,139.6262,97.245,51.2637,30.2233,36.4625,24.5617,5.7047,0.6104,0.2442,0.5624,0.9599,48741.9557,907.3153,0.7844,0.8837,1.0027,16.7575,0.0367,10.0535,0.3174,0.1412,0.1547,0.428,4,Cladosporium Leaf Spot
spinach_0_0011.jpg,90.3656,132.5022,74.5248,26.0293,13.3546,12.3834,0.01,0.887,0.495,0.8429,0.3323,51528.6872,744.2272,0.682,0.9832,1.017,0.0,0.0207,6.4291,0.0414,0.0653,0.0485,0.3383,0,No Disease
spinach_1_0074.jpg,121.4169,125.7907,52.3656,27.7312,22.9787,13.4385,6.363,0.8172,0.6323,0.7326,0.5561,45452.8948,920.8642,0.8021,0.8897,1.086,2.0853,0.0274,3.4128,0.1883,0.0729,0.0654,0.2876,1,Downy Mildew
spinach_1_0138.jpg,109.4906,127.8747,66.109,22.7133,25.3515,20.1003,5.0834,0.7439,0.4357,0.7715,0.5501,48224.1414,888.1412,0.7873,0.899,1.1259,2.741,0.0142,4.2961,0.1472,0.1952,0.0805,0.3241,1,Downy Mildew
spinach_3_0141.jpg,117.8282,128.4606,56.4182,29.3729,21.5397,28.3993,5.868,0.8364,0.4406,0.7036,0.4626,44653.7653,996.0395,0.7569,0.9438,1.1209,6.8287,0.0076,4.5429,0.1591,0.1561,0.0521,0.3293,3,White Rust
spinach_5_0084.jpg,115.3096,114.1461,71.7312,29.7244,23.47,21.4338,5.918,0.7555,0.4085,0.6744,0.6278,41870.4165,851.5397,0.8101,0.9452,1.1979,7.8637,0.0256,5.7948,0.1985,0.1433,0.0812,0.4898,5,Spinach Blight (Cucumber Mosaic Virus)
spinach_5_0071.jpg,97.464,94.3754,52.8113,32.1055,19.0243,17.7003,6.2271,0.677,0.4709,0.7342,0.5702,54358.165,942.8791,0.7253,0.9063,1.0328,9.0342,0.039,5.6237,0.1991,0.1534,0.1119,0.2839,5,Spinach Blight (Cucumber Mosaic Virus)
spinach_3_0066.jpg,117.9393,125.6289,79.5013,29.0104,19.2792,16.5445,7.1543,0.7989,0.5728,0.7758,0.6012,53001.1383,842.5889,0.7714,0.8904,1.1495,11.045,0.0249,5.1998,0.1636,0.1821,0.0923,0.3911,3,White Rust
spinach_4_0113.jpg,103.9689,137.4372,58.9019,41.0269,30.3269,27.0272,7.4175,0.7426,0.3887,0.761,0.7778,50264.8067,949.513,0.8766,0.9154,1.0811,10.5711,0.0405,4.9103,0.2718,0.1854,0.0946,0.4198,4,Cladosporium Leaf Spot
spinach_5_0173.jpg,92.2173,132.1684,57.2856,23.857,20.9718,21.4744,3.0266,0.5954,0.3502,0.6463,0.7562,49533.241,927.7022,0.8381,0.8948,1.1691,13.8086,0.0215,2.369,0.236,0.0995,0.0995,0.3463,5,Spinach Blight (Cucumber Mosaic Virus)
spinach_2_0145.jpg,116.2497,106.6775,65.9614,24.494,20.9471,17.9059,8.6587,0.6754,0.3881,0.6989,0.5774,46646.3455,817.9574,0.7157,0.8874,0.9935,16.3107,0.0323,3.7714,0.2152,0.2342,0.0855,0.3841,2,Anthracnose
spinach_3_0034.jpg,113.978,127.3661,62.628,21.4525,28.6386,19.9635,3.9095,0.7786,0.5134,0.7559,0.6402,45144.2661,1022.1304,0.7795,0.9188,1.0546,3.0886,0.0037,2.627,0.1994,0.0815,0.0313,0.2073,3,White Rust
spinach_2_0052.jpg,123.5036,130.4043,63.3709,27.8867,29.989,21.6047,9.7715,0.7123,0.401,0.7089,0.864,42831.2483,1063.8288,0.7888,0.8648,1.0198,7.3968,0.0322,4.2311,0.2384,0.2054,0.0932,0.3286,2,Anthracnose
spinach_2_0163.jpg,96.4749,126.6188,52.9456,35.7491,27.1424,24.179,6.6405,0.4676,0.2891,0.6912,0.7265,41051.6299,874.6398,0.7327,0.9059,1.0784,16.974,0.0355,6.9262,0.273,0.146,0.1806,0.2525,2,Anthracnose
spinach_0_0004.jpg,103.087,124.9675,62.9337,15.4027,19.4858,15.5697,3.1738,0.8658,0.5927,0.9238,0.3891,54283.8762,853.8074,0.7482,0.9205,1.0243,3.9479,0.0022,1.2225,0.124,0.0979,0.0566,0.1921,0,No Disease
spinach_5_0168.jpg,114.1678,113.8894,54.5203,27.3307,28.7838,29.1825,3.0742,0.7389,0.3254,0.7655,0.7088,48334.2639,933.1599,0.8784,0.8959,0.983,17.7023,0.0306,6.4148,0.1755,0.1894,0.1411,0.3303,5,Spinach Blight (Cucumber Mosaic Virus)
spinach_1_0018.jpg,120.9013,149.7365,51.0088,26.9614,25.8317,17.3418,6.0112,0.6515,0.4852,0.834,0.6372,41736.0109,803.3206,0.8239,0.9105,0.8845,14.9713,0.0211,3.3257,0.2397,0.1029,0.0628,0.3387,1,Downy Mildew
spinach_2_0095.jpg,93.7465,101.8349,51.6684,33.8287,25.9753,20.1036,8.2184,0.7565,0.3785,0.6429,0.717,48833.659,855.8987,0.7693,0.9231,1.1,18.1428,0.0377,6.9262,0.2047,0.2016,0.1216,0.5583,2,Anthracnose
spinach_0_0124.jpg,129.9393,128.9325,79.8454,24.8525,12.0215,16.9731,1.8172,0.9443,0.5985,0.9637,0.4275,51160.6297,1029.6064,0.8048,0.9483,1.0668,0.0,0.0015,0.0825,0.1393,0.119,0.0361,0.3145,0,No Disease
spinach_3_0163.jpg,105.267,140.2097,64.8801,17.8151,16.7269,16.3024,6.317,0.867,0.5912,0.6688,0.4133,44321.8676,1033.8857,0.805,0.922,1.1284,7.7729,0.008,4.9237,0.1607,0.072,0.0844,0.2459,3,White Rust
spinach_3_0176.jpg,119.3913,141.063,72.2981,28.9852,21.9927,21.5342,4.5136,0.6306,0.4427,0.7537,0.4461,48663.0291,918.5091,0.712,0.9022,1.2338,1.5892,0.0155,1.9006,0.1324,0.1121,0.0453,0.3259,3,White Rust
spinach_3_0078.jpg,136.5616,146.8298,67.2806,28.3895,26.1149,20.233,5.4845,0.8175,0.499,0.7255,0.4822,50057.0267,834.3336,0.6916,0.9369,1.1377,2.6425,0.0151,3.6683,0.1791,0.0767,0.0362,0.3216,3,White Rust
spinach_3_0072.jpg,124.1276,141.2852,67.7821,33.1903,25.5239,19.5709,6.0551,0.7739,0.4636,0.8707,0.4602,51616.5482,1023.971,0.7985,0.9108,0.9735,0.0,0.0336,4.5553,0.1408,0.134,0.0463,0.2535,3,White Rust
spinach_4_0002.jpg,126.0838,113.4496,53.2945,28.4383,26.231,26.6187,8.318,0.5424,0.3378,0.58,0.8244,54634.5145,887.6053,0.8063,0.9338,1.0574,14.223,0.0386,5.4612,0.2595,0.166,0.1125,0.37,4,Cladosporium Leaf Spot
spinach_1_0097.jpg,124.4143,130.0983,66.0641,22.9158,34.352,18.6815,8.1452,0.7249,0.4946,0.8114,0.7247,46796.8815,1007.5635,0.9008,0.9035,1.1028,7.9062,0.0172,7.8806,0.1398,0.0923,0.1203,0.36,1,Downy Mildew
spinach_4_0142.jpg,134.867,128.4506,64.5967,35.7017,31.3329,25.2008,8.1501,0.5483,0.4071,0.6578,0.905,55075.6795,827.4048,0.8648,0.826,1.2244,12.6462,0.038,8.2693,0.3262,0.1769,0.0764,0.3638,4,Cladosporium Leaf Spot
spinach_4_0164.jpg,138.647,120.4413,49.7619,35.6902,24.0946,22.8033,7.131,0.59,0.3116,0.5681,0.6898,55599.7212,886.6443,0.7975,0.8342,1.1458,15.2579,0.043,7.7777,0.2419,0.1229,0.1844,0.4543,4,Cladosporium Leaf Spot
spinach_0_0125.jpg,118.6847,141.6774,65.4249,27.8769,16.6949,15.5047,1.4227,0.8288,0.4625,0.9243,0.3417,67297.6561,811.3926,0.6946,0.9428,1.2423,2.2584,0.0106,0.0,0.0661,0.0371,0.0,0.2094,0,No Disease
spinach_2_0127.jpg,125.2124,113.6253,55.4682,25.637,28.6499,21.8115,6.5341,0.6725,0.4241,0.6605,0.6128,52158.6209,577.4275,0.7638,0.8712,1.1763,12.2363,0.0225,6.0125,0.2002,0.1439,0.1124,0.3162,2,Anthracnose
spinach_2_0033.jpg,106.9533,116.7878,52.9789,27.1309,29.0594,23.7412,10.6237,0.7151,0.4721,0.625,0.7425,46385.0933,919.5453,0.8413,0.9012,1.2726,19.7119,0.0364,7.4757,0.3182,0.1025,0.1443,0.2707,2,Anthracnose
spinach_1_0074.jpg,121.4169,125.7907,52.3656,27.7312,22.9787,13.4385,6.363,0.8172,0.6323,0.7326,0.5561,45452.8948,920.8642,0.8021,0.8897,1.086,2.0853,0.0274,3.4128,0.1883,0.0729,0.0654,0.2876,1,Downy Mildew
spinach_4_0042.jpg,121.0409,99.8125,61.2485,29.4265,29.1005,20.7481,9.4856,0.7088,0.4336,0.6332,0.6541,52258.4071,1065.6074,0.7942,0.9013,1.0512,15.9861,0.0393,7.3091,0.2902,0.2103,0.1387,0.4346,4,Cladosporium Leaf Spot
spinach_1_0179.jpg,116.3642,126.7424,59.5899,28.1597,26.0541,21.7934,3.4964,0.6601,0.4619,0.863,0.6252,48941.6579,922.434,0.7218,0.9427,1.1149,7.3222,0.0187,3.8513,0.2556,0.1219,0.0839,0.3559,1,Downy Mildew
spinach_4_0173.jpg,90.5062,131.1336,52.3361,28.95,18.0838,29.0917,8.7956,0.6548,0.3643,0.5158,0.6615,48241.3644,815.1257,0.7737,0.8962,1.1505,12.0792,0.0339,8.7808,0.2238,0.1823,0.1417,0.3909,4,Cladosporium Leaf Spot
spinach_3_0018.jpg,131.4912,129.7193,67.6367,27.0092,23.9547,21.0166,3.6887,0.7259,0.3693,0.6707,0.5385,55581.2981,766.9718,0.7964,0.9396,0.9631,6.9177,0.0302,4.9935,0.0765,0.1463,0.0513,0.3353,3,White Rust
spinach_5_0047.jpg,112.2845,109.6778,62.7152,27.6733,26.5858,26.3443,7.9712,0.7109,0.4874,0.7539,0.7359,44358.1526,1043.8553,0.8232,0.8313,1.2228,12.0202,0.0208,4.3098,0.232,0.1145,0.0756,0.2958,5,Spinach Blight (Cucumber Mosaic Virus)
spinach_0_0090.jpg,109.9792,140.1248,63.0163,23.8343,10.8765,19.6358,6.8576,0.9293,0.6266,0.8455,0.239,48986.4032,810.7105,0.6832,0.9731,1.1418,3.5188,0.0035,0.8888,0.1482,0.0787,0.0533,0.1843,0,No Disease
spinach_2_0109.jpg,116.5404,110.6522,60.7956,34.5999,30.344,24.3949,8.0916,0.7351,0.4996,0.6976,0.7064,54660.334,830.9612,0.7199,0.9123,1.0635,9.1699,0.031,8.676,0.1485,0.2009,0.0466,0.318,2,Anthracnose
spinach_0_0078.jpg,105.7202,124.7512,85.6487,25.5975,18.4846,9.6128,2.3581,0.8103,0.697,0.9366,0.4295,39818.1217,821.6584,0.8113,0.9603,1.2087,0.0,0.0084,3.0279,0.0171,0.0797,0.0468,0.1759,0,No Disease
spinach_4_0049.jpg,104.4686,128.1217,70.7466,38.9951,25.1464,27.6295,8.3278,0.7778,0.229,0.6061,0.5789,51223.0814,1116.384,0.7873,0.8925,1.114,17.5348,0.0369,8.206,0.2277,0.1862,0.1485,0.4643,4,Cladosporium Leaf Spot
spinach_5_0157.jpg,122.9768,112.8842,74.3515,41.0957,28.0105,21.8077,7.9342,0.8047,0.3969,0.6961,0.8217,48146.9277,989.3729,0.8258,0.9457,1.0221,8.5961,0.0308,3.3654,0.2158,0.2119,0.0454,0.3722,5,Spinach Blight (Cucumber Mosaic Virus)
spinach_3_0094.jpg,107.9482,127.8507,57.0273,16.0002,20.1849,19.7191,6.8069,0.8204,0.5067,0.7175,0.6385,58456.1642,944.4571,0.8054,0.8884,1.1944,15.1233,0.0196,2.9302,0.1619,0.1032,0.061,0.3318,3,White Rust
spinach_3_0014.jpg,119.1452,115.3664,57.9713,33.6062,25.444,20.2618,7.977,0.9267,0.4571,0.7788,0.4918,50076.9836,756.3675,0.6906,0.8769,1.1967,1.7544,0.0326,2.6853,0.2569,0.1054,0.0308,0.3827,3,White Rust
spinach_0_0050.jpg,104.0155,136.3171,55.2204,15.529,15.6846,12.2566,4.3489,0.8868,0.6831,0.8843,0.4237,51556.0178,920.3796,0.8731,0.872,0.9599,0.0,0.0061,2.4422,0.1237,0.0646,0.0655,0.2824,0,No Disease
spinach_1_0021.jpg,125.426,130.4855,62.5674,29.787,23.4216,21.7586,3.7016,0.8438,0.3388,0.7298,0.6198,60954.9344,857.7317,0.75,0.8962,1.2327,0.0,0.012,9.7163,0.2195,0.0858,0.079,0.3154,1,Downy Mildew
spinach_0_0101.jpg,100.0978,129.2098,49.8986,17.8265,18.8468,13.0271,5.2901,0.9011,0.6833,0.8983,0.5026,53396.2078,1056.8785,0.7734,0.9424,1.1493,0.8469,0.0092,5.2219,0.0865,0.0968,0.0714,0.2912,0,No Disease
spinach_1_0137.jpg,136.6249,135.1887,67.5309,30.3608,16.6951,22.8409,3.7715,0.6928,0.603,0.7423,0.536,56762.9129,805.2323,0.7632,0.9412,1.1034,3.7536,0.0244,4.0864,0.267,0.1058,0.1063,0.4521,1,Downy Mildew
spinach_0_0062.jpg,100.0834,132.6128,77.5574,21.2795,20.2587,14.9648,2.8724,0.8665,0.7584,0.7702,0.5461,58839.5373,834.7841,0.9038,0.9549,1.1977,2.1121,0.0043,0.8231,0.1195,0.136,0.0445,0.1271,0,No Disease
spinach_0_0012.jpg,95.1314,136.3019,78.2187,22.1738,15.1192,14.4647,0.01,0.8809,0.5587,0.8963,0.3645,54357.6926,1021.2716,0.7793,0.9388,1.1243,2.0003,0.0002,1.7697,0.0951,0.1637,0.0793,0.2309,0,No Disease
spinach_0_0036.jpg,115.9998,137.5455,62.0464,18.4045,18.0862,14.1917,1.0176,0.9202,0.5397,0.836,0.4511,49990.0371,944.4104,0.7864,0.9015,1.0815,7.7511,0.0,0.0,0.0069,0.0812,0.0408,0.1906,0,No Disease
spinach_1_0126.jpg,111.3842,146.2562,66.9056,22.9644,24.4726,21.4961,7.565,0.692,0.4914,0.7629,0.7592,57454.4573,919.6979,0.7743,0.9227,1.0856,16.7212,0.0206,4.0698,0.167,0.0815,0.0939,0.2444,1,Downy Mildew
spinach_1_0159.jpg,117.0797,117.8027,83.4131,21.607,23.6765,22.3868,5.9549,0.7248,0.4152,0.7436,0.4984,61751.0961,878.0009,0.8258,0.9016,1.0716,8.1782,0.0076,4.5109,0.1696,0.1769,0.0501,0.2638,1,Downy Mildew
spinach_3_0054.jpg,117.1117,128.5044,68.4751,24.13,19.5525,18.5437,3.4501,0.7556,0.5491,0.6741,0.5846,58400.4635,886.6813,0.7483,0.9431,1.0313,7.9092,0.0087,0.6338,0.1624,0.0695,0.0697,0.3692,3,White Rust
spinach_0_0086.jpg,94.7547,148.9887,62.3784,18.5682,14.0697,15.6573,0.9112,0.8783,0.5611,0.8286,0.4685,53191.9419,911.1386,0.7442,0.9499,1.1011,0.7732,0.0068,4.2539,0.033,0.1108,0.0,0.2174,0,No Disease
spinach_0_0134.jpg,101.8421,151.963,73.5939,32.359,17.8525,13.8397,2.007,0.9205,0.6148,1.0,0.3355,56295.2303,940.7751,0.6757,0.9493,1.2214,0.0,0.0059,0.0,0.0371,0.1219,0.0283,0.1113,0,No Disease
spinach_4_0164.jpg,138.647,120.4413,49.7619,35.6902,24.0946,22.8033,7.131,0.59,0.3116,0.5681,0.6898,55599.7212,886.6443,0.7975,0.8342,1.1458,15.2579,0.043,7.7777,0.2419,0.1229,0.1844,0.4543,4,Cladosporium Leaf Spot
spinach_2_0007.jpg,121.2341,120.6563,60.3038,28.1299,28.1621,27.7714,6.9078,0.7225,0.3837,0.7087,0.8623,56008.6502,887.9404,0.8129,0.8825,1.0662,15.2376,0.0338,7.4486,0.1745,0.1991,0.1078,0.271,2,Anthracnose
spinach_1_0101.jpg,124.0868,131.8442,72.9134,26.5455,24.1662,27.8863,8.2573,0.7393,0.3937,0.8624,0.69,52577.9063,867.8127,0.8099,0.9095,1.0469,10.5162,0.0221,4.1243,0.2352,0.1816,0.1042,0.2879,1,Downy Mildew
spinach_2_0180.jpg,106.657,111.6599,58.7197,36.1986,30.3845,16.5113,8.0336,0.6889,0.3722,0.6984,0.7105,46540.566,861.7649,0.871,0.8824,0.9976,13.7532,0.018,2.999,0.2128,0.2179,0.109,0.3643,2,Anthracnose
spinach_1_0135.jpg,123.7689,127.988,56.7031,27.5706,17.6866,23.1578,3.9068,0.8135,0.4029,0.8344,0.4977,47611.1515,938.0935,0.8602,0.9517,1.1033,17.351,0.0177,6.7778,0.1429,0.1468,0.0215,0.2203,1,Downy Mildew
spinach_3_0143.jpg,121.5786,149.7814,49.6661,30.8494,17.4426,21.0581,3.6508,0.9294,0.47,0.7304,0.5199,51948.1854,922.7677,0.8063,0.92,0.9998,6.6389,0.0219,2.7942,0.2036,0.1213,0.0646,0.3755,3,White Rust
spinach_5_0147.jpg,101.5024,101.0169,66.943,23.7347,24.5831,16.1895,5.0592,0.6767,0.4897,0.7625,0.7139,49371.1267,952.2849,0.7576,0.8817,1.1226,10.8834,0.0239,5.1046,0.2727,0.2022,0.0743,0.1992,5,Spinach Blight (Cucumber Mosaic Virus)
spinach_0_0110.jpg,108.588,148.9579,69.543,16.9927,25.5338,15.8648,3.3683,0.9099,0.5331,0.8808,0.5636,54776.2004,748.8527,0.7571,0.9746,1.1029,0.0,0.0211,2.4283,0.0965,0.0651,0.0671,0.1566,0,No Disease
spinach_0_0130.jpg,98.1839,161.3454,71.7402,25.1403,16.7335,14.877,1.0072,0.9095,0.6054,0.8251,0.4075,48949.5057,1149.9664,0.7646,0.9686,1.1044,3.0372,0.0,0.3953,0.1105,0.1434,0.0455,0.3107,0,No Disease
spinach_5_0175.jpg,92.5684,101.344,62.38,37.7042,23.1156,23.7212,8.2207,0.7723,0.4814,0.8293,0.6808,47214.7555,884.7219,0.7897,0.963,1.0474,13.9326,0.012,5.6391,0.1956,0.177,0.1075,0.4534,5,Spinach Blight (Cucumber Mosaic Virus)
spinach_2_0097.jpg,124.8491,111.4807,61.388,30.2251,21.2139,22.2581,7.9988,0.6401,0.354,0.6879,0.9012,40829.7553,930.1643,0.7848,0.884,1.0578,16.6695,0.0328,6.4348,0.2846,0.2108,0.1304,0.3063,2,Anthracnose
spinach_1_0164.jpg,124.2155,129.954,59.1626,25.0652,21.0138,27.6015,4.2496,0.6342,0.4937,0.7449,0.8139,48368.9718,984.5984,0.8549,0.897,1.0406,12.9655,0.0246,2.2609,0.1336,0.0285,0.0949,0.2891,1,Downy Mildew
spinach_2_0065.jpg,118.2324,123.092,48.1648,38.4968,22.9847,29.9502,10.4377,0.721,0.4626,0.4842,0.6705,55510.8282,972.451,0.7268,0.8927,0.8771,15.652,0.0119,8.1349,0.2891,0.141,0.123,0.3326,2,Anthracnose
spinach_0_0111.jpg,116.4826,144.9641,73.9575,20.7276,16.1252,19.1826,0.5289,0.7702,0.6292,0.9242,0.468,54038.6418,887.946,0.8172,0.9289,1.081,0.7524,0.0222,0.0,0.125,0.0128,0.0373,0.1653,0,No Disease
spinach_0_0084.jpg,109.3546,130.4152,76.0786,22.7593,2.4142,19.7612,0.01,0.8507,0.662,0.8578,0.2734,46531.3147,1022.6906,0.6547,0.9582,1.1156,0.0,0.0013,0.0,0.1433,0.1093,0.0,0.1677,0,No Disease
spinach_0_0054.jpg,118.2496,138.5112,82.3245,22.0549,20.9128,11.3964,2.8907,0.9583,0.5339,0.9192,0.4766,49252.2369,807.7232,0.699,0.9322,1.1462,0.0,0.0062,2.227,0.1309,0.1421,0.0719,0.1199,0,No Disease
spinach_5_0132.jpg,112.025,126.2919,50.9445,18.1115,31.8105,26.8096,6.8362,0.7414,0.4714,0.7912,0.6196,54279.2512,835.3527,0.8246,0.905,1.0212,9.0281,0.0419,3.7946,0.2285,0.1732,0.0886,0.3937,5,Spinach Blight (Cucumber Mosaic Virus)
spinach_4_0084.jpg,115.8507,110.4777,71.2573,37.6519,24.2474,24.8161,8.6225,0.7021,0.206,0.5053,0.7638,37842.9159,905.8572,0.8255,0.9209,1.0202,18.6447,0.0392,5.3837,0.3158,0.201,0.1149,0.4013,4,Cladosporium Leaf Spot
spinach_5_0115.jpg,81.239,113.067,60.4321,35.9191,30.8231,15.6412,8.6955,0.7851,0.374,0.7245,0.7892,39642.4404,914.5398,0.8756,0.8978,1.1418,12.4126,0.0177,3.9437,0.2456,0.1246,0.0519,0.3498,5,Spinach Blight (Cucumber Mosaic Virus)
spinach_0_0116.jpg,103.4358,157.0439,67.8909,21.456,28.9634,10.7705,0.01,1.0,0.5139,0.8786,0.3614,53340.8139,824.9464,0.7592,0.9412,1.0393,0.0,0.0032,0.0,0.0789,0.0848,0.03,0.1783,0,No Disease
spinach_0_0152.jpg,110.5043,124.6,76.8859,9.3125,15.8859,19.5518,2.0313,0.8601,0.6511,0.9482,0.551,56371.7121,1028.1375,0.814,0.9366,1.1272,1.051,0.0,0.0,0.0859,0.0897,0.076,0.1967,0,No Disease
spinach_0_0106.jpg,118.5676,130.8052,66.9433,23.0812,5.3645,7.5552,1.5228,1.0,0.5451,0.8871,0.5334,62534.4237,862.3152,0.769,0.9756,0.9982,6.1103,0.0,1.3845,0.0879,0.0417,0.0154,0.2221,0,No Disease
spinach_3_0080.jpg,120.7102,137.1782,61.8606,22.5423,29.6749,19.1831,4.1886,0.756,0.4964,0.7076,0.5927,52779.101,726.1345,0.8877,0.9565,1.046,3.5103,0.0188,1.4334,0.2382,0.1013,0.1105,0.214,3,White Rust
spinach_4_0075.jpg,122.7628,130.681,65.399,36.4199,31.2569,27.2196,6.9562,0.7748,0.2413,0.6817,0.6263,50009.3563,832.8706,0.7981,0.8985,0.9935,17.8823,0.0451,5.1379,0.2273,0.2244,0.1319,0.4021,4,Cladosporium Leaf Spot
spinach_3_0060.jpg,130.3735,128.3413,82.0574,26.264,18.031,18.934,3.5863,0.7455,0.4337,0.7274,0.577,53456.1208,805.3694,0.6805,0.9278,1.1526,10.9209,0.0214,6.8309,0.2199,0.2272,0.1475,0.1394,3,White Rust
spinach_3_0013.jpg,116.4309,132.3692,51.9136,23.1468,27.1179,22.8207,4.6522,0.7895,0.3937,0.8937,0.7568,52324.1182,1164.0686,0.7392,0.8887,1.0532,7.122,0.0355,3.4939,0.127,0.0841,0.0985,0.3598,3,White Rust
spinach_0_0141.jpg,119.2698,139.9391,58.708,10.7794,18.2754,12.6321,0.4452,0.895,0.6292,0.7783,0.3751,59549.3534,812.4712,0.8222,0.9179,1.1637,6.3893,0.0119,2.8365,0.0424,0.1245,0.0187,0.2208,0,No Disease
spinach_5_0077.jpg,109.0239,109.0277,52.7962,28.0246,26.9574,18.726,6.1991,0.7043,0.3955,0.8164,0.5188,59669.0123,866.7165,0.8448,0.9032,0.9519,7.7737,0.0198,7.1887,0.1408,0.1158,0.0941,0.3778,5,Spinach Blight (Cucumber Mosaic Virus)
spinach_0_0016.jpg,84.3676,132.4979,76.7273,12.092,24.3797,16.4734,3.4392,0.8543,0.6451,0.9548,0.4433,53172.0045,947.0343,0.7182,0.9263,1.1078,3.5336,0.014,0.0,0.0937,0.1393,0.0214,0.1342,0,No Disease
spinach_0_0168.jpg,104.1207,142.2564,86.8037,20.43,5.3291,14.6241,6.6572,0.9693,0.5151,0.9214,0.3458,45230.9624,885.1631,0.7755,0.8832,1.0281,2.0413,0.0027,1.9107,0.0393,0.1086,0.0104,0.3314,0,No Disease
spinach_0_0027.jpg,107.4166,119.4754,76.1233,17.1123,23.3722,12.4896,0.9178,0.9433,0.641,0.9114,0.2514,54690.1722,816.5692,0.7841,0.8944,1.1557,0.0,0.0,2.4849,0.1121,0.0554,0.0763,0.1647,0,No Disease
spinach_1_0033.jpg,127.3697,136.3624,67.184,21.5054,21.2934,22.088,4.4319,0.7177,0.4653,0.7356,0.6326,58963.6423,882.8141,0.8608,0.924,0.9826,5.5915,0.0133,3.2613,0.1855,0.1546,0.1114,0.3347,1,Downy Mildew
spinach_1_0103.jpg,117.3165,129.6886,56.8564,23.1543,29.0526,19.3209,3.639,0.7365,0.4394,0.6219,0.6059,55339.8997,945.1229,0.9238,0.9413,1.2159,21.2003,0.0261,5.0935,0.2387,0.1076,0.0827,0.2582,1,Downy Mildew
spinach_0_0165.jpg,109.2036,145.007,80.7238,15.3184,12.4678,16.8396,1.879,0.7491,0.61,0.7503,0.3255,58758.4069,1102.4879,0.6971,0.9218,1.1234,9.1249,0.0021,0.3416,0.1774,0.065,0.0581,0.0818,0,No Disease
spinach_4_0124.jpg,139.6262,97.245,51.2637,30.2233,36.4625,24.5617,5.7047,0.6104,0.2442,0.5624,0.9599,48741.9557,907.3153,0.7844,0.8837,1.0027,16.7575,0.0367,10.0535,0.3174,0.1412,0.1547,0.428,4,Cladosporium Leaf Spot
spinach_2_0076.jpg,111.656,132.1407,45.3926,21.55,30.8484,26.4632,6.6715,0.712,0.4396,0.643,0.6193,50948.6309,970.4089,0.73,0.8951,1.0605,15.6718,0.0269,5.1174,0.2924,0.1384,0.1027,0.2227,2,Anthracnose
spinach_4_0073.jpg,112.7186,123.675,59.2952,39.2884,29.5813,25.035,7.421,0.5887,0.359,0.7174,0.6915,51132.8964,908.4169,0.8115,0.8473,0.996,12.5366,0.0343,5.8782,0.2452,0.1422,0.1199,0.3001,4,Cladosporium Leaf Spot
spinach_3_0121.jpg,133.4828,149.1109,78.2493,27.2043,10.7197,17.46,7.0519,0.8998,0.569,0.7635,0.4193,51296.8421,906.4807,0.8739,0.9257,1.1113,8.294,0.0202,5.1276,0.1338,0.0777,0.1043,0.1487,3,White Rust
spinach_4_0003.jpg,124.9989,133.1624,68.4096,33.6818,27.7114,15.5687,8.825,0.4477,0.1861,0.6487,0.7865,48244.5755,1043.5531,0.8177,0.8838,1.1809,24.2605,0.0381,6.1045,0.2425,0.1321,0.1289,0.306,4,Cladosporium Leaf Spot
spinach_5_0162.jpg,93.0793,109.6762,64.3022,30.7887,21.9652,30.0348,6.2258,0.7094,0.3463,0.6598,0.6374,49637.7536,861.3096,0.9093,0.8968,1.0831,15.2612,0.0226,6.3708,0.146,0.0992,0.0931,0.3215,5,Spinach Blight (Cucumber Mosaic Virus)
spinach_3_0055.jpg,142.5426,137.0288,75.1537,26.9948,20.0844,12.3009,7.565,0.6861,0.5706,0.8176,0.4524,53059.9918,1118.2911,0.8721,0.9072,1.053,8.4008,0.0157,6.1595,0.207,0.0523,0.0815,0.2657,3,White Rust
spinach_4_0049.jpg,104.4686,128.1217,70.7466,38.9951,25.1464,27.6295,8.3278,0.7778,0.229,0.6061,0.5789,51223.0814,1116.384,0.7873,0.8925,1.114,17.5348,0.0369,8.206,0.2277,0.1862,0.1485,0.4643,4,Cladosporium Leaf Spot
spinach_1_0140.jpg,107.7705,124.665,54.7362,20.8503,27.3353,20.2135,5.589,0.7845,0.2814,0.8501,0.5751,53662.0065,962.0713,0.8722,0.9074,0.9301,10.2285,0.0216,2.9383,0.1974,0.1156,0.0464,0.3637,1,Downy Mildew
spinach_0_0003.jpg,113.7143,141.4596,77.4313,20.3379,18.4456,17.5252,0.01,0.8744,0.5424,0.8353,0.3925,59474.7066,833.4169,0.8281,0.8879,1.0932,2.651,0.0107,2.4802,0.1397,0.0661,0.0284,0.2686,0,No Disease
spinach_0_0031.jpg,108.1408,136.2966,79.6164,8.7411,12.8665,11.8703,0.01,0.8229,0.5068,0.8659,0.5313,50774.6967,816.9186,0.7666,0.9562,1.0419,0.0,0.0105,0.8012,0.1324,0.0795,0.0575,0.1172,0,No Disease
spinach_2_0038.jpg,102.8599,110.9616,63.0956,24.8937,26.1097,21.4565,6.8243,0.5993,0.2318,0.7365,0.7864,41039.1252,916.8926,0.865,0.9149,1.0467,10.226,0.0276,6.546,0.2348,0.1528,0.0829,0.3838,2,Anthracnose
spinach_3_0084.jpg,122.8451,151.3244,72.6213,24.6479,25.0304,11.8134,3.754,0.793,0.5492,0.794,0.6958,55839.6993,856.1671,0.7716,0.9302,1.0741,14.1252,0.0081,4.569,0.2068,0.1075,0.0565,0.2739,3,White Rust
spinach_3_0138.jpg,122.32,144.9674,63.452,22.9716,31.3669,13.5078,6.9836,0.9024,0.5213,0.7569,0.6927,49891.1932,834.4214,0.7567,0.9057,1.0343,12.44,0.0108,3.9466,0.0978,0.1212,0.0411,0.1856,3,White Rust
spinach_3_0070.jpg,131.6498,140.8529,63.6362,29.5103,22.0949,16.1198,5.3977,0.789,0.5368,0.8382,0.5391,49139.5653,905.1744,0.8018,0.9321,1.1341,7.637,0.025,2.7863,0.294,0.1505,0.0418,0.2948,3,White Rust
spinach_2_0165.jpg,137.1108,134.1061,34.2048,30.3167,31.6606,22.2707,6.2178,0.6586,0.4242,0.6196,0.8089,49720.035,786.4976,0.8675,0.8614,1.0356,11.7133,0.0442,4.867,0.1223,0.1367,0.1214,0.4127,2,Anthracnose
spinach_1_0122.jpg,128.4583,129.668,55.1648,20.2566,22.85,17.9719,5.8489,0.6279,0.495,0.7681,0.629,58205.3839,856.2205,0.7465,0.8963,1.0846,9.6361,0.0134,1.1584,0.162,0.1444,0.0834,0.406,1,Downy Mildew
spinach_4_0002.jpg,126.0838,113.4496,53.2945,28.4383,26.231,26.6187,8.318,0.5424,0.3378,0.58,0.8244,54634.5145,887.6053,0.8063,0.9338,1.0574,14.223,0.0386,5.4612,0.2595,0.166,0.1125,0.37,4,Cladosporium Leaf Spot
spinach_0_0057.jpg,125.0351,148.0662,73.3577,17.8047,15.0271,6.4832,2.438,0.9676,0.454,0.8337,0.3043,47173.244,925.3482,0.6449,0.9454,1.1803,0.9956,0.0,0.0,0.1616,0.0,0.0313,0.1056,0,No Disease
spinach_0_0120.jpg,102.6485,166.0407,83.1366,15.7353,20.2379,11.6739,0.01,0.9816,0.6728,0.9532,0.373,51166.1213,994.9766,0.7935,0.9202,0.9905,2.4555,0.0146,0.0,0.1319,0.0933,0.0588,0.2698,0,No Disease
spinach_0_0061.jpg,117.2603,107.4624,69.4605,19.1767,8.2395,15.3767,4.1229,0.8131,0.6069,0.8159,0.3528,59386.9682,865.7442,0.7977,0.8832,1.269,4.4106,0.0045,2.236,0.0295,0.1273,0.0319,0.1837,0,No Disease
spinach_2_0134.jpg,113.784,106.3251,57.7676,23.1392,27.4994,24.4826,7.545,0.6077,0.3526,0.7376,0.6689,48563.4731,1070.3468,0.7429,0.927,0.9876,16.6191,0.0327,5.1813,0.1691,0.0812,0.0946,0.3921,2,Anthracnose
spinach_3_0165.jpg,125.2658,118.5157,62.7917,27.0238,22.4286,10.7984,3.8361,0.8517,0.5071,0.8653,0.4514,57904.6477,900.5594,0.8755,0.9201,0.9462,11.397,0.0135,3.3228,0.0973,0.1849,0.057,0.406,3,White Rust
spinach_2_0033.jpg,106.9533,116.7878,52.9789,27.1309,29.0594,23.7412,10.6237,0.7151,0.4721,0.625,0.7425,46385.0933,919.5453,0.8413,0.9012,1.2726,19.7119,0.0364,7.4757,0.3182,0.1025,0.1443,0.2707,2,Anthracnose
spinach_0_0137.jpg,97.7386,143.0668,77.3473,16.6516,17.2592,12.5056,1.1049,0.81,0.6813,0.9546,0.4737,61860.9798,901.0754,0.9519,0.9243,1.1404,0.4089,0.009,2.7041,0.0943,0.1511,0.046,0.2216,0,No Disease
spinach_1_0159.jpg,117.0797,117.8027,83.4131,21.607,23.6765,22.3868,5.9549,0.7248,0.4152,0.7436,0.4984,61751.0961,878.0009,0.8258,0.9016,1.0716,8.1782,0.0076,4.5109,0.1696,0.1769,0.0501,0.2638,1,Downy Mildew
spinach_1_0013.jpg,130.36,133.4255,65.9364,33.7909,29.7817,24.0614,3.0831,0.6843,0.3497,0.8109,0.6271,44047.4378,881.1256,0.7004,0.9087,0.9676,12.1153,0.023,8.2343,0.2324,0.1131,0.1005,0.1982,1,Downy Mildew
spinach_3_0029.jpg,116.0524,133.3446,81.9651,24.6834,16.278,23.6753,3.9977,0.7927,0.4115,0.8697,0.4909,58489.2899,800.0739,0.7624,0.955,1.1235,17.0859,0.0148,4.4627,0.2653,0.0594,0.0291,0.2164,3,White Rust
spinach_2_0021.jpg,115.3218,116.0891,45.7872,23.492,23.0951,14.444,9.3937,0.7094,0.3776,0.5467,0.5076,49988.2931,1077.049,0.7581,0.9216,1.0416,14.221,0.0367,5.4773,0.1955,0.2167,0.1111,0.4373,2,Anthracnose
spinach_0_0145.jpg,103.2583,140.5205,80.6996,24.3158,16.1914,12.32,3.93,0.9619,0.4515,0.8581,0.4366,55894.1486,1011.0101,0.787,0.9446,1.1251,0.0,0.0039,1.2342,0.0983,0.0046,0.0301,0.2045,0,No Disease
spinach_3_0137.jpg,107.853,118.7962,61.9779,24.8668,19.5185,22.5713,6.651,0.7923,0.5048,0.799,0.551,45032.2065,802.2008,0.6989,0.9163,1.1286,2.203,0.0176,2.4246,0.1165,0.095,0.042,0.3285,3,White Rust
spinach_0_0006.jpg,99.7051,141.5594,72.1748,28.0089,15.8032,10.906,2.3048,0.9176,0.6887,0.9385,0.4557,59316.5145,801.1237,0.7316,0.9068,1.0888,0.0,0.0111,0.8,0.0265,0.0394,0.0478,0.2671,0,No Disease
spinach_3_0150.jpg,95.368,146.102,72.2519,25.4889,15.8693,19.6439,5.114,0.8326,0.4818,0.8265,0.5376,57407.4095,968.173,0.7088,0.9547,1.208,9.8619,0.0192,6.9855,0.0883,0.1696,0.0581,0.3676,3,White Rust
spinach_3_0015.jpg,138.0187,126.0334,64.3468,20.471,21.3974,20.4313,4.2026,0.6245,0.4135,0.8292,0.5291,49862.7969,811.9223,0.7434,0.9552,1.0188,10.8833,0.0174,4.4407,0.1334,0.1059,0.0699,0.2383,3,White Rust
spinach_0_0174.jpg,112.7523,142.6015,69.9549,18.2123,10.1612,11.7763,0.9426,0.8101,0.6152,0.9638,0.3292,53417.2072,816.5889,0.7517,0.9127,1.1682,0.0,0.0141,0.7577,0.0675,0.0299,0.0463,0.2716,0,No Disease
spinach_0_0101.jpg,100.0978,129.2098,49.8986,17.8265,18.8468,13.0271,5.2901,0.9011,0.6833,0.8983,0.5026,53396.2078,1056.8785,0.7734,0.9424,1.1493,0.8469,0.0092,5.2219,0.0865,0.0968,0.0714,0.2912,0,No Disease
spinach_0_0060.jpg,99.9289,134.4863,69.9683,18.111,21.5816,8.0672,3.4654,0.8696,0.6102,0.8011,0.5529,58228.1748,1015.9591,0.6791,0.9507,1.1524,0.0,0.0058,1.8562,0.1278,0.0871,0.0473,0.3179,0,No Disease
spinach_3_0117.jpg,116.3575,136.9874,74.3533,24.7481,18.4903,15.2039,5.1471,0.7257,0.4543,0.7633,0.5056,52969.0178,960.4504,0.8979,0.9389,1.2375,4.7256,0.0042,3.974,0.2129,0.148,0.1003,0.0771,3,White Rust
spinach_5_0002.jpg,112.6874,99.2391,59.8986,18.3209,26.7565,24.5901,2.0558,0.7251,0.4483,0.7683,0.5304,53365.5999,870.9304,0.8455,0.8969,1.1205,16.4369,0.0224,5.9114,0.2725,0.1447,0.0619,0.3941,5,Spinach Blight (Cucumber Mosaic Virus)
spinach_3_0008.jpg,135.4841,149.2239,78.0431,27.2922,33.8007,17.5389,8.4109,0.8315,0.5672,0.7576,0.6344,58634.8708,796.2641,0.7702,0.8665,1.0957,4.736,0.0153,9.2626,0.2559,0.0624,0.0839,0.3439,3,White Rust
spinach_0_0098.jpg,94.2244,124.844,84.6626,15.3826,11.7803,14.8436,1.8467,0.8278,0.5556,0.9661,0.3394,45031.6376,1014.2594,0.7995,0.9145,0.9934,0.0,0.0056,3.2982,0.0482,0.0766,0.0569,0.0095,0,No Disease
spinach_3_0059.jpg,136.0196,93.2342,70.5214,26.0606,21.8257,22.4391,5.2429,0.8242,0.4386,0.8849,0.6279,54212.633,954.3705,0.8494,0.9455,1.101,11.9612,0.0184,7.4505,0.2249,0.095,0.1283,0.1118,3,White Rust
spinach_0_0099.jpg,115.3379,125.993,74.656,21.2334,22.4229,17.2037,0.01,0.8372,0.5911,0.8664,0.4678,55946.8328,980.8452,0.7571,0.8838,1.0836,3.6655,0.0,2.3363,0.1454,0.0851,0.0,0.0978,0,No Disease
spinach_2_0142.jpg,103.058,127.9348,66.6627,36.2864,28.8831,21.054,7.1856,0.7104,0.3352,0.7933,0.748,45538.8852,1068.2874,0.8058,0.8726,1.0136,19.9511,0.0416,7.9171,0.296,0.2087,0.1239,0.3763,2,Anthracnose
spinach_2_0154.jpg,115.3498,115.784,49.3426,26.7366,25.5178,23.9927,7.0159,0.6968,0.258,0.7466,0.6903,62763.5453,841.2366,0.8194,0.9707,1.0955,13.7295,0.0191,8.8509,0.172,0.1771,0.0982,0.3349,2,Anthracnose
spinach_0_0084.jpg,109.3546,130.4152,76.0786,22.7593,2.4142,19.7612,0.01,0.8507,0.662,0.8578,0.2734,46531.3147,1022.6906,0.6547,0.9582,1.1156,0.0,0.0013,0.0,0.1433,0.1093,0.0,0.1677,0,No Disease
spinach_3_0126.jpg,129.0593,125.4151,64.5854,13.9265,27.8612,19.2956,5.9392,0.8081,0.504,0.7795,0.5888,46693.5779,787.8821,0.7739,0.903,1.224,9.5006,0.0113,3.5112,0.1767,0.1173,0.0768,0.2855,3,White Rust
spinach_2_0165.jpg,137.1108,134.1061,34.2048,30.3167,31.6606,22.2707,6.2178,0.6586,0.4242,0.6196,0.8089,49720.035,786.4976,0.8675,0.8614,1.0356,11.7133,0.0442,4.867,0.1223,0.1367,0.1214,0.4127,2,Anthracnose
spinach_5_0032.jpg,98.6288,115.3934,75.9151,31.4521,27.301,24.5541,6.1314,0.7247,0.3609,0.6215,0.6843,51233.4004,841.2287,0.8721,0.882,0.9483,9.2115,0.0117,6.0085,0.1724,0.1894,0.1141,0.266,5,Spinach Blight (Cucumber Mosaic Virus)
spinach_4_0046.jpg,125.9956,112.5827,68.3676,32.918,28.0425,28.6233,9.3578,0.6636,0.4213,0.6742,0.5955,48609.3956,709.5598,0.8294,0.9124,1.1453,19.9564,0.0417,4.6621,0.2646,0.1334,0.121,0.5193,4,Cladosporium Leaf Spot
spinach_4_0092.jpg,107.2434,113.786,58.0829,28.6869,24.9179,20.3653,9.597,0.7261,0.3196,0.6588,0.6474,50855.1035,912.9964,0.7768,0.8999,1.0947,13.7834,0.0435,7.1262,0.3538,0.2068,0.1793,0.484,4,Cladosporium Leaf Spot
spinach_0_0179.jpg,110.5195,119.5892,76.4028,24.0886,19.1814,14.1214,2.9604,0.9137,0.5178,1.0,0.3848,55878.7615,678.1386,0.8466,0.9667,1.1224,4.2351,0.0105,0.043,0.1274,0.0477,0.0248,0.2902,0,No Disease
spinach_4_0147.jpg,106.044,136.7859,55.249,30.2877,29.5978,31.3768,6.7411,0.6533,0.402,0.6998,0.8205,54307.5011,834.5277,0.8913,0.8872,1.0505,23.3905,0.029,8.0765,0.2339,0.2908,0.1877,0.3812,4,Cladosporium Leaf Spot
spinach_0_0042.jpg,117.0031,142.183,69.1544,21.6792,2.347,16.5315,0.01,0.7621,0.6161,0.9134,0.3038,48439.4898,1057.0541,0.741,0.9861,1.1198,3.6321,0.0189,1.4358,0.0499,0.0756,0.0391,0.0908,0,No Disease
spinach_1_0142.jpg,113.6617,141.9963,61.707,30.4817,25.0161,15.3917,5.3459,0.6412,0.4214,0.7078,0.6482,44288.2283,901.4702,0.8243,0.9327,1.0389,10.071,0.0215,7.5848,0.1159,0.0936,0.1501,0.2882,1,Downy Mildew
spinach_3_0113.jpg,123.9381,122.6144,59.0828,21.7379,26.6426,23.8454,6.0749,0.8052,0.493,0.7994,0.5908,53876.8129,764.5578,0.7326,0.8943,1.1986,14.6164,0.0,6.8167,0.1743,0.1605,0.0827,0.3952,3,White Rust
spinach_0_0029.jpg,101.6267,137.438,76.9221,11.3466,17.822,13.4381,5.1413,0.8861,0.7134,0.8027,0.4787,53597.0013,833.0953,0.7806,0.9603,1.0941,0.0,0.0059,0.0,0.0829,0.0767,0.0,0.0707,0,No Disease
spinach_4_0138.jpg,122.5821,99.8367,58.6667,37.5214,26.3498,21.3851,9.5606,0.61,0.3076,0.7492,0.6433,48201.9637,976.6447,0.7161,0.9344,1.0527,21.4981,0.041,7.2259,0.246,0.1883,0.1478,0.3111,4,Cladosporium Leaf Spot
spinach_2_0090.jpg,107.4206,107.6947,56.6454,34.1556,29.7023,21.9785,8.424,0.6912,0.3342,0.6504,0.731,49587.4113,742.4495,0.8508,0.888,1.2074,8.388,0.0256,4.84,0.1812,0.1405,0.1543,0.3615,2,Anthracnose
spinach_3_0109.jpg,114.6976,130.8554,80.9884,18.0589,18.3405,23.8103,5.168,0.7067,0.5372,0.8509,0.5831,48438.0171,859.1695,0.7971,0.8872,1.2162,14.8008,0.0151,4.641,0.2293,0.1982,0.1089,0.1412,3,White Rust
spinach_4_0123.jpg,102.9369,115.4314,50.8507,42.0476,31.1965,24.6175,11.1274,0.5258,0.329,0.8,0.7456,62734.0689,968.5605,0.8684,0.9234,1.0701,16.0472,0.0331,5.7235,0.2667,0.1898,0.1722,0.4375,4,Cladosporium Leaf Spot
spinach_0_0045.jpg,99.9926,120.794,63.6397,14.8948,17.2609,13.9046,1.4274,0.9496,0.6072,0.9021,0.461,55080.6733,709.2047,0.7481,0.8755,1.1229,1.9815,0.0144,3.3377,0.1101,0.06,0.0521,0.1578,0,No Disease
spinach_3_0143.jpg,121.5786,149.7814,49.6661,30.8494,17.4426,21.0581,3.6508,0.9294,0.47,0.7304,0.5199,51948.1854,922.7677,0.8063,0.92,0.9998,6.6389,0.0219,2.7942,0.2036,0.1213,0.0646,0.3755,3,White Rust
spinach_5_0079.jpg,108.4483,103.5633,75.0712,28.291,33.5627,18.4243,8.845,0.6377,0.6039,0.6634,0.7557,47688.0289,941.5022,0.8076,0.8727,0.8663,22.0303,0.0246,0.1016,0.2251,0.1776,0.0721,0.2833,5,Spinach Blight (Cucumber Mosaic Virus)
spinach_1_0045.jpg,118.4663,144.8973,68.2918,22.6219,20.7636,22.9797,4.439,0.5706,0.4257,0.6564,0.7716,51883.9382,809.4825,0.7481,0.8628,1.012,14.0653,0.0379,6.1075,0.1854,0.1127,0.0561,0.4748,1,Downy Mildew
spinach_0_0094.jpg,117.5911,137.9554,69.3427,33.5199,18.9712,12.1221,0.8198,0.8246,0.6549,0.8545,0.4327,51682.4566,993.1492,0.7192,0.9031,1.1379,4.4038,0.0087,0.0,0.1339,0.0502,0.027,0.1245,0,No Disease
spinach_5_0108.jpg,98.1606,120.0064,69.1553,27.1326,28.3922,20.3496,7.1775,0.7477,0.5897,0.7065,0.6359,46263.842,766.7176,0.7826,0.9166,1.149,13.1827,0.0216,4.5119,0.1642,0.1277,0.0576,0.4486,5,Spinach Blight (Cucumber Mosaic Virus)
spinach_2_0016.jpg,118.6734,109.7028,48.5224,29.0721,34.0024,23.724,9.544,0.6201,0.4638,0.6543,0.7125,51083.4141,946.1492,0.815,0.8815,1.1504,20.9266,0.0223,2.7966,0.255,0.1468,0.1067,0.3945,2,Anthracnose
spinach_2_0054.jpg,100.3931,93.7719,51.9592,23.8937,36.1287,22.9587,8.5868,0.6572,0.3656,0.6977,0.8007,51558.1238,774.2666,0.8974,0.8927,1.0436,2.682,0.0321,6.2818,0.235,0.1439,0.0956,0.3204,2,Anthracnose
spinach_2_0124.jpg,123.6087,125.6818,57.7439,25.8308,22.7122,20.2751,7.437,0.7216,0.2668,0.6647,0.7143,45501.6004,923.3904,0.7816,0.8819,1.0843,15.5691,0.0202,5.6633,0.2534,0.1295,0.0686,0.2271,2,Anthracnose
spinach_0_0054.jpg,118.2496,138.5112,82.3245,22.0549,20.9128,11.3964,2.8907,0.9583,0.5339,0.9192,0.4766,49252.2369,807.7232,0.699,0.9322,1.1462,0.0,0.0062,2.227,0.1309,0.1421,0.0719,0.1199,0,No Disease
spinach_4_0142.jpg,134.867,128.4506,64.5967,35.7017,31.3329,25.2008,8.1501,0.5483,0.4071,0.6578,0.905,55075.6795,827.4048,0.8648,0.826,1.2244,12.6462,0.038,8.2693,0.3262,0.1769,0.0764,0.3638,4,Cladosporium Leaf Spot
spinach_4_0020.jpg,132.5173,118.2872,54.869,34.3519,32.7014,25.4418,9.9057,0.6139,0.3502,0.6862,0.7887,58566.3581,926.9556,0.7718,0.9032,1.1507,21.0969,0.0398,4.8035,0.1454,0.241,0.141,0.3883,4,Cladosporium Leaf Spot
spinach_5_0100.jpg,86.9346,115.2731,67.287,31.58,25.5516,21.683,6.6353,0.7484,0.3999,0.7252,0.5179,59568.4123,923.5699,0.8225,0.8844,1.0097,15.4399,0.0227,6.5179,0.1424,0.2119,0.1125,0.3335,5,Spinach Blight (Cucumber Mosaic Virus)
spinach_2_0122.jpg,114.0355,106.4981,61.2623,27.4146,22.1963,31.4126,8.8136,0.7076,0.3487,0.6782,0.8442,51532.8877,571.7195,0.9453,0.9046,1.1075,18.3468,0.0307,7.4444,0.2088,0.1108,0.117,0.4645,2,Anthracnose
spinach_4_0156.jpg,120.6301,121.2161,78.562,37.1103,37.8464,20.2802,6.1304,0.6794,0.3732,0.7475,0.5969,54017.9871,988.9269,0.8462,0.8798,1.1115,14.8974,0.0317,5.6227,0.2321,0.1804,0.1177,0.3293,4,Cladosporium Leaf Spot
spinach_0_0118.jpg,94.6797,138.3035,69.0743,26.9957,21.7717,16.9811,2.2476,0.9315,0.511,0.94,0.3088,56176.885,1038.6143,0.7827,0.9256,1.152,0.0,0.0084,0.996,0.0975,0.1083,0.0381,0.1088,0,No Disease
spinach_5_0003.jpg,115.3488,126.1766,70.7199,17.2792,22.8208,19.6616,6.4763,0.8451,0.3136,0.887,0.6118,45665.4934,954.5205,0.8655,0.9162,1.0284,14.0081,0.0157,3.965,0.2053,0.1172,0.1163,0.2937,5,Spinach Blight (Cucumber Mosaic Virus)
spinach_0_0116.jpg,103.4358,157.0439,67.8909,21.456,28.9634,10.7705,0.01,1.0,0.5139,0.8786,0.3614,53340.8139,824.9464,0.7592,0.9412,1.0393,0.0,0.0032,0.0,0.0789,0.0848,0.03,0.1783,0,No Disease
spinach_1_0099.jpg,137.1433,127.2145,72.344,20.6646,18.86,23.8866,7.3423,0.6634,0.4319,0.6633,0.5919,55184.6139,856.5042,0.7751,0.8818,1.0481,17.0324,0.0206,2.9958,0.1743,0.0661,0.0546,0.4188,1,Downy Mildew
spinach_0_0003.jpg,113.7143,141.4596,77.4313,20.3379,18.4456,17.5252,0.01,0.8744,0.5424,0.8353,0.3925,59474.7066,833.4169,0.8281,0.8879,1.0932,2.651,0.0107,2.4802,0.1397,0.0661,0.0284,0.2686,0,No Disease
spinach_0_0077.jpg,100.0825,148.8214,65.8039,16.9053,13.7181,12.7374,3.8686,0.9503,0.7168,1.0,0.3169,52352.0956,802.38,0.7233,0.9142,1.0354,0.0,0.0048,0.0,0.1421,0.0433,0.1102,0.1639,0,No Disease
spinach_5_0039.jpg,106.0322,104.4144,72.9809,27.0336,23.0478,25.5833,2.2302,0.7688,0.343,0.68,0.8458,46843.9361,965.5915,0.8268,0.9096,1.07,10.7891,0.0362,7.0748,0.185,0.1082,0.0754,0.4185,5,Spinach Blight (Cucumber Mosaic Virus)
spinach_0_0119.jpg,103.586,139.7431,72.9195,20.8096,22.1968,10.6559,2.2987,1.0,0.4412,0.8926,0.3615,50146.4481,829.5192,0.7598,0.976,1.0188,0.0,0.0,4.3094,0.0769,0.079,0.0299,0.1244,0,No Disease
spinach_0_0041.jpg,101.8209,129.4629,72.9538,17.1428,16.1692,22.5287,1.7115,0.9331,0.5614,0.8853,0.4206,54241.6203,1036.5308,0.8688,0.9377,1.1672,0.0,0.0053,2.8925,0.1433,0.0885,0.0622,0.2393,0,No Disease
spinach_0_0002.jpg,103.4547,134.2884,69.1829,22.6615,18.8272,16.6509,2.7324,1.0,0.5475,0.8441,0.3386,55079.8971,1032.8972,0.7632,0.909,1.054,4.6024,0.0119,2.1777,0.0667,0.0893,0.0429,0.2175,0,No Disease
spinach_3_0109.jpg,114.6976,130.8554,80.9884,18.0589,18.3405,23.8103,5.168,0.7067,0.5372,0.8509,0.5831,48438.0171,859.1695,0.7971,0.8872,1.2162,14.8008,0.0151,4.641,0.2293,0.1982,0.1089,0.1412,3,White Rust
spinach_5_0019.jpg,87.2464,101.1476,65.2699,30.3118,17.8559,17.7698,5.7788,0.7867,0.335,0.7398,0.6745,48251.5409,896.802,0.7293,0.8836,1.2047,18.0191,0.0307,7.3807,0.1187,0.1121,0.0822,0.5333,5,Spinach Blight (Cucumber Mosaic Virus)
spinach_1_0146.jpg,124.3551,118.7474,64.4469,15.1311,21.1303,24.8441,5.2873,0.7494,0.1887,0.7325,0.6438,53326.4494,996.2356,0.7774,0.9059,0.9934,9.1819,0.0099,1.4738,0.1357,0.1903,0.0732,0.3276,1,Downy Mildew
spinach_5_0145.jpg,95.4673,103.9351,60.5657,28.1208,25.7377,18.0083,3.8844,0.714,0.1176,0.723,0.5555,53400.7726,974.7635,0.8743,0.8913,0.9992,8.7416,0.0263,2.4374,0.2797,0.1368,0.1025,0.1975,5,Spinach Blight (Cucumber Mosaic Virus)
spinach_5_0084.jpg,115.3096,114.1461,71.7312,29.7244,23.47,21.4338,5.918,0.7555,0.4085,0.6744,0.6278,41870.4165,851.5397,0.8101,0.9452,1.1979,7.8637,0.0256,5.7948,0.1985,0.1433,0.0812,0.4898,5,Spinach Blight (Cucumber Mosaic Virus)
spinach_3_0003.jpg,117.3502,121.2226,72.8695,28.3968,19.6695,24.8533,4.8359,0.832,0.4837,0.7676,0.4545,50772.317,989.2051,0.7495,0.931,1.0234,11.1202,0.0195,1.8362,0.1588,0.1573,0.0385,0.1943,3,White Rust
spinach_1_0098.jpg,139.2037,125.0452,64.0102,23.6966,24.7165,13.9036,6.6644,0.7659,0.4254,0.7327,0.5205,54638.5646,782.891,0.8207,0.9619,1.2188,3.9795,0.0157,5.5586,0.1865,0.074,0.0896,0.3092,1,Downy Mildew
spinach_3_0082.jpg,111.7318,130.3274,64.4766,35.2457,21.0587,15.2418,4.7004,0.7911,0.3576,0.8082,0.6709,52193.3564,825.2935,0.7483,0.8785,1.0993,9.2431,0.0098,7.4915,0.2096,0.0483,0.0257,0.2013,3,White Rust
spinach_3_0137.jpg,107.853,118.7962,61.9779,24.8668,19.5185,22.5713,6.651,0.7923,0.5048,0.799,0.551,45032.2065,802.2008,0.6989,0.9163,1.1286,2.203,0.0176,2.4246,0.1165,0.095,0.042,0.3285,3,White Rust
spinach_1_0159.jpg,117.0797,117.8027,83.4131,21.607,23.6765,22.3868,5.9549,0.7248,0.4152,0.7436,0.4984,61751.0961,878.0009,0.8258,0.9016,1.0716,8.1782,0.0076,4.5109,0.1696,0.1769,0.0501,0.2638,1,Downy Mildew
spinach_4_0070.jpg,112.7488,119.9983,81.4762,28.206,30.1328,28.1255,6.5639,0.5025,0.2919,0.7132,0.7258,49344.4703,981.077,0.7416,0.8878,0.9489,19.2829,0.0358,8.932,0.2127,0.1823,0.098,0.3703,4,Cladosporium Leaf Spot
spinach_0_0075.jpg,106.4142,113.4209,73.8946,29.5145,14.7328,16.0392,3.7424,0.8869,0.5335,0.7207,0.4841,51434.158,818.7316,0.7776,0.9154,1.0777,4.4252,0.0,3.0852,0.0301,0.0535,0.0881,0.2902,0,No Disease
spinach_4_0080.jpg,105.946,104.1316,52.0233,30.8282,24.0454,24.0876,9.2208,0.676,0.2871,0.5687,0.7024,53778.224,978.9196,0.8112,0.92,1.2083,16.0671,0.0459,7.031,0.321,0.2183,0.0806,0.3127,4,Cladosporium Leaf Spot
spinach_5_0035.jpg,91.1059,87.6507,74.9852,27.2325,30.3768,26.3058,4.5624,0.6355,0.5396,0.7251,0.584,44274.1335,855.8544,0.9005,0.9171,1.1045,18.3541,0.0352,6.0014,0.3488,0.1401,0.1175,0.3086,5,Spinach Blight (Cucumber Mosaic Virus)
spinach_0_0165.jpg,109.2036,145.007,80.7238,15.3184,12.4678,16.8396,1.879,0.7491,0.61,0.7503,0.3255,58758.4069,1102.4879,0.6971,0.9218,1.1234,9.1249,0.0021,0.3416,0.1774,0.065,0.0581,0.0818,0,No Disease
spinach_0_0142.jpg,107.5825,144.3363,74.6957,15.781,10.2507,18.4894,2.3159,0.992,0.5764,0.7816,0.5166,50148.147,954.2003,0.7312,0.9711,1.0499,0.6503,0.0069,0.0,0.1165,0.1445,0.0277,0.2316,0,No Disease
spinach_5_0098.jpg,88.989,115.3438,71.441,31.7267,28.5259,14.5349,8.6667,0.5846,0.3878,0.7733,0.6859,43110.8184,760.1674,0.8272,0.9128,1.0014,13.5704,0.0119,6.5239,0.1658,0.1532,0.0878,0.4329,5,Spinach Blight (Cucumber Mosaic Virus)
spinach_4_0154.jpg,102.7208,100.2539,64.8127,34.9879,31.9628,21.3633,9.9101,0.6865,0.3406,0.649,0.6951,51460.8092,1051.7248,0.8583,0.8836,1.1131,13.5943,0.0398,6.0045,0.3045,0.3088,0.1157,0.6238,4,Cladosporium Leaf Spot
spinach_5_0055.jpg,99.2968,118.8743,56.9273,29.7342,33.7603,21.1015,9.5331,0.7231,0.3955,0.7382,0.6189,39597.2196,958.0175,0.9416,0.912,1.1333,11.2696,0.0333,5.3293,0.2234,0.0874,0.0768,0.3694,5,Spinach Blight (Cucumber Mosaic Virus)
spinach_2_0057.jpg,117.3551,113.2793,65.3801,20.1655,25.7877,21.098,8.6249,0.7338,0.4314,0.8079,0.6532,56675.4042,775.5794,0.7351,0.9188,0.9596,16.2911,0.0278,8.0293,0.227,0.1622,0.1227,0.297,2,Anthracnose
spinach_0_0132.jpg,106.1866,149.8597,67.4663,16.8452,22.2859,16.5146,0.01,0.802,0.7001,0.9081,0.3438,51147.9517,921.3237,0.8141,0.896,1.0527,3.0918,0.0052,2.2293,0.0385,0.0943,0.0673,0.2389,0,No Disease
spinach_3_0099.jpg,123.2834,117.534,70.0731,25.7052,19.7555,15.9184,2.9914,0.8569,0.4798,0.8135,0.5745,53138.4435,858.1605,0.7677,0.9491,1.2232,3.1116,0.0153,5.5107,0.2641,0.1913,0.0501,0.382,3,White Rust
spinach_3_0038.jpg,117.8108,138.0239,87.308,30.8728,20.558,17.9065,0.01,0.8555,0.5229,0.7419,0.4068,45723.6628,949.4398,0.7746,0.9373,1.1169,11.867,0.02,5.4918,0.0655,0.0706,0.0609,0.3664,3,White Rust
spinach_0_0007.jpg,124.9673,171.0525,75.3153,15.0523,6.3398,16.0708,0.618,0.8668,0.531,0.8701,0.5266,52785.2428,904.1365,0.7079,0.8881,1.0811,1.7849,0.0201,1.4345,0.1491,0.06,0.0104,0.1228,0,No Disease
spinach_4_0055.jpg,124.1649,113.7806,52.2435,29.3883,26.0435,16.7948,7.2725,0.7184,0.4041,0.6968,0.7732,57744.4926,783.9832,0.7321,0.9181,1.0722,15.3153,0.0384,6.7108,0.2281,0.1554,0.138,0.4065,4,Cladosporium Leaf Spot
spinach_0_0006.jpg,99.7051,141.5594,72.1748,28.0089,15.8032,10.906,2.3048,0.9176,0.6887,0.9385,0.4557,59316.5145,801.1237,0.7316,0.9068,1.0888,0.0,0.0111,0.8,0.0265,0.0394,0.0478,0.2671,0,No Disease
spinach_2_0152.jpg,101.9588,125.8855,57.2861,32.2054,21.0178,22.2867,8.8654,0.7576,0.3162,0.6618,0.5911,46717.9354,740.0932,0.7917,0.9158,1.0172,13.6376,0.0252,7.9992,0.1994,0.137,0.0888,0.259,2,Anthracnose
spinach_4_0028.jpg,112.8281,111.9555,60.4974,24.3923,32.5066,22.7319,8.8396,0.701,0.3662,0.7159,0.5533,48035.7167,1000.3077,0.8206,0.9362,1.2064,19.1984,0.032,5.7748,0.2462,0.1737,0.1152,0.3165,4,Cladosporium Leaf Spot
spinach_2_0176.jpg,127.942,102.5252,59.4772,28.0316,27.6974,27.8895,7.644,0.7776,0.3264,0.6424,0.6916,49806.7391,861.4141,0.7425,0.93,1.051,19.7043,0.0271,7.2672,0.2579,0.127,0.1192,0.5043,2,Anthracnose
spinach_3_0129.jpg,116.2283,142.9566,61.6569,27.8794,20.0443,19.0338,6.1942,0.8298,0.4468,0.747,0.7099,54446.6541,865.8858,0.7408,0.9456,1.1192,7.3458,0.0179,4.608,0.1672,0.1681,0.1015,0.3226,3,White Rust
spinach_5_0177.jpg,113.8219,126.0939,81.7639,31.4273,23.9334,21.7442,6.2066,0.6774,0.4306,0.7601,0.5326,54940.8502,686.3196,0.7967,0.9287,1.1386,10.5721,0.0398,4.6079,0.1099,0.1681,0.0455,0.2735,5,Spinach Blight (Cucumber Mosaic Virus)
spinach_4_0052.jpg,111.5649,124.7448,60.3968,34.4347,29.7091,23.8427,10.7989,0.6866,0.3642,0.7085,0.6895,61373.8587,781.2363,0.7968,0.8828,1.044,16.183,0.0278,9.639,0.2098,0.2293,0.1462,0.3595,4,Cladosporium Leaf Spot
spinach_3_0138.jpg,122.32,144.9674,63.452,22.9716,31.3669,13.5078,6.9836,0.9024,0.5213,0.7569,0.6927,49891.1932,834.4214,0.7567,0.9057,1.0343,12.44,0.0108,3.9466,0.0978,0.1212,0.0411,0.1856,3,White Rust
spinach_2_0084.jpg,110.9088,111.7564,79.566,27.9363,29.2488,19.9348,7.8972,0.7497,0.333,0.6962,0.6005,44277.9809,983.6795,0.7668,0.8397,1.2212,10.7916,0.025,9.0536,0.2229,0.1535,0.0793,0.2192,2,Anthracnose
spinach_2_0159.jpg,113.436,117.067,54.7114,29.5723,23.0797,23.0433,7.0987,0.608,0.4014,0.7183,0.6734,62105.2352,865.9298,0.7832,0.8894,1.0023,16.7436,0.0215,5.0777,0.2031,0.1206,0.0662,0.313,2,Anthracnose
spinach_3_0020.jpg,119.5705,128.9461,66.602,21.1995,16.739,11.4878,2.1663,0.9288,0.4075,0.9132,0.5903,51251.2099,754.9395,0.7803,0.9673,1.2346,9.097,0.0078,2.2771,0.1274,0.1711,0.1108,0.2957,3,White Rust
spinach_1_0152.jpg,112.7512,113.0052,57.5706,33.6339,28.1607,19.9799,7.8345,0.7998,0.4087,0.7484,0.6429,46840.5653,900.4505,0.8085,0.8678,1.0849,8.7878,0.0282,1.4799,0.1709,0.1107,0.104,0.3065,1,Downy Mildew
spinach_4_0101.jpg,115.2595,126.4595,60.916,26.0401,40.0905,30.499,8.8025,0.5615,0.322,0.6115,0.7698,52049.6159,855.8875,0.7027,0.9433,1.089,19.8264,0.0306,4.6884,0.2658,0.1771,0.1477,0.4625,4,Cladosporium Leaf Spot
spinach_0_0157.jpg,97.0034,132.9829,71.6033,26.7366,26.005,16.7926,1.3598,1.0,0.5458,0.84,0.2425,58980.4578,1016.8246,0.9151,0.8953,1.2367,2.2805,0.0124,0.0,0.1734,0.1115,0.039,0.2516,0,No Disease
spinach_0_0151.jpg,89.1869,146.7461,87.5269,23.6061,24.309,11.6156,2.4018,0.8245,0.5618,0.9341,0.4302,44936.7949,788.4971,0.6871,0.9423,1.2851,7.4498,0.0,3.7579,0.1468,0.0182,0.0324,0.2876,0,No Disease
spinach_5_0067.jpg,86.4174,105.7352,70.1946,28.9803,28.5225,20.0157,7.9348,0.6693,0.2313,0.7522,0.7267,46703.8049,989.9206,0.759,0.9168,1.2296,12.1469,0.0222,5.2098,0.2914,0.1661,0.1436,0.3623,5,Spinach Blight (Cucumber Mosaic Virus)
spinach_3_0029.jpg,116.0524,133.3446,81.9651,24.6834,16.278,23.6753,3.9977,0.7927,0.4115,0.8697,0.4909,58489.2899,800.0739,0.7624,0.955,1.1235,17.0859,0.0148,4.4627,0.2653,0.0594,0.0291,0.2164,3,White Rust
spinach_5_0147.jpg,101.5024,101.0169,66.943,23.7347,24.5831,16.1895,5.0592,0.6767,0.4897,0.7625,0.7139,49371.1267,952.2849,0.7576,0.8817,1.1226,10.8834,0.0239,5.1046,0.2727,0.2022,0.0743,0.1992,5,Spinach Blight (Cucumber Mosaic Virus)
spinach_0_0162.jpg,97.1881,144.746,70.143,19.1071,19.9847,14.4318,1.527,0.9376,0.6335,0.8697,0.4281,48091.0489,833.9317,0.8161,0.9411,1.1564,3.1234,0.0064,2.4535,0.1468,0.1164,0.0375,0.311,0,No Disease
spinach_5_0012.jpg,122.8605,96.4438,68.9745,16.4275,19.2439,25.5477,6.4611,0.6799,0.3349,0.5902,0.7193,48084.2632,717.8135,0.8118,0.9145,1.0739,12.464,0.0243,4.1278,0.2127,0.1794,0.1159,0.4033,5,Spinach Blight (Cucumber Mosaic Virus)
spinach_1_0067.jpg,118.0738,131.8562,66.031,28.2212,22.6783,22.1448,7.2035,0.7324,0.4554,0.747,0.5453,53614.3983,844.4774,0.8132,0.9107,1.0757,8.6874,0.0159,1.8376,0.2091,0.1393,0.1012,0.2675,1,Downy Mildew
spinach_1_0071.jpg,121.8814,133.5715,71.9368,32.7425,19.6381,21.9543,4.0587,0.7249,0.4557,0.5214,0.8511,53832.0434,840.4297,0.9056,0.9013,1.1106,8.0515,0.0332,4.611,0.1975,0.1782,0.0946,0.3057,1,Downy Mildew
spinach_1_0100.jpg,116.5752,150.798,62.2372,26.8201,27.2045,10.3096,5.8484,0.7361,0.5489,0.8275,0.4966,57210.6931,873.7685,0.7357,0.9149,1.0838,16.1539,0.0227,5.1702,0.235,0.1737,0.0996,0.4236,1,Downy Mildew
spinach_5_0051.jpg,110.6398,97.1764,67.4524,28.5455,30.1367,16.5025,3.7977,0.77,0.3687,0.7236,0.584,54064.0519,899.9216,0.8244,0.8708,1.1301,8.0311,0.0187,2.9424,0.2022,0.1926,0.0957,0.3047,5,Spinach Blight (Cucumber Mosaic Virus)
spinach_2_0073.jpg,110.5429,124.6526,56.4089,22.724,29.8448,19.764,4.7488,0.5982,0.4027,0.6932,0.4767,48081.7203,996.9231,0.7729,0.8959,1.1634,17.182,0.0352,1.1094,0.3167,0.1855,0.1715,0.2874,2,Anthracnose
spinach_5_0076.jpg,112.458,105.0284,64.7615,25.8234,26.8149,18.8868,5.679,0.6765,0.4235,0.7302,0.7006,48965.0171,812.0247,0.8215,0.8771,1.1355,10.8581,0.0256,5.796,0.2901,0.1653,0.0918,0.2846,5,Spinach Blight (Cucumber Mosaic Virus)
spinach_1_0166.jpg,110.6661,124.0501,65.7587,29.9661,27.8424,20.641,6.3986,0.7997,0.446,0.75,0.4655,53995.8708,904.2174,0.7652,0.9419,0.9858,16.5761,0.0198,5.3715,0.1702,0.0633,0.0765,0.3368,1,Downy Mildew
spinach_5_0072.jpg,95.6915,119.2234,52.8689,33.9539,17.9741,21.0169,3.682,0.6255,0.5038,0.8031,0.7651,42255.0586,764.8944,0.8304,0.9179,1.026,9.6843,0.0149,8.3848,0.1863,0.1513,0.0921,0.4284,5,Spinach Blight (Cucumber Mosaic Virus)
spinach_3_0060.jpg,130.3735,128.3413,82.0574,26.264,18.031,18.934,3.5863,0.7455,0.4337,0.7274,0.577,53456.1208,805.3694,0.6805,0.9278,1.1526,10.9209,0.0214,6.8309,0.2199,0.2272,0.1475,0.1394,3,White Rust
spinach_2_0098.jpg,115.9444,121.4912,51.4749,22.1528,16.8861,23.2794,7.5067,0.5855,0.4637,0.7107,0.8249,51852.6793,773.3666,0.8275,0.9168,1.0362,8.2316,0.0278,4.2985,0.286,0.1437,0.1531,0.1801,2,Anthracnose
spinach_0_0122.jpg,115.6598,143.2325,72.7558,20.054,16.7178,12.6932,1.2359,1.0,0.5713,0.825,0.3684,57501.8534,987.5607,0.8036,0.9236,1.1659,0.0,0.0039,2.9456,0.1437,0.0407,0.0186,0.2087,0,No Disease
spinach_2_0139.jpg,123.1478,113.3279,52.9928,37.0674,29.8975,19.3228,4.9199,0.7727,0.3813,0.5916,0.5117,44419.8064,756.0515,0.6772,0.8725,1.0065,12.1493,0.0405,5.6197,0.2216,0.1804,0.1041,0.382,2,Anthracnose
spinach_0_0091.jpg,101.5785,123.5239,56.178,18.6922,17.2825,9.8555,1.9414,0.9043,0.4075,0.8159,0.4607,53935.2936,804.6325,0.7795,0.9556,1.1822,1.6189,0.0023,0.0672,0.1234,0.0878,0.0557,0.2105,0,No Disease
spinach_4_0064.jpg,119.9685,112.8356,59.8533,40.5401,22.0088,23.8821,6.0331,0.6422,0.4239,0.6719,0.7483,57142.0116,923.0502,0.8392,0.9079,0.8399,17.6933,0.0254,6.0072,0.3437,0.175,0.1773,0.2774,4,Cladosporium Leaf Spot
spinach_3_0122.jpg,140.3775,114.9825,62.3237,29.8593,22.0017,14.7341,5.5249,0.7754,0.4427,0.7363,0.5465,48590.3919,1148.4533,0.7656,0.9107,1.0667,15.1078,0.0039,4.647,0.158,0.0631,0.0495,0.3054,3,White Rust
spinach_5_0062.jpg,83.6941,131.1287,57.458,29.4194,20.7379,16.652,6.0516,0.6625,0.3065,0.7275,0.5018,50127.369,857.2673,0.6612,0.8869,1.1275,7.7458,0.0281,6.1788,0.1591,0.1495,0.1106,0.2699,5,Spinach Blight (Cucumber Mosaic Virus)
spinach_0_0112.jpg,84.1497,143.2794,68.9597,9.504,21.1978,20.74,4.5332,0.9287,0.5837,0.973,0.5882,57667.8435,825.8462,0.7821,0.941,0.9752,3.8774,0.0242,2.3519,0.1737,0.0873,0.0382,0.2305,0,No Disease
spinach_2_0024.jpg,115.866,110.254,73.0682,32.1105,29.6569,30.0355,6.2366,0.6729,0.2797,0.6879,0.5411,53739.2468,921.9997,0.7834,0.8975,1.1409,9.4568,0.0286,7.3591,0.1409,0.1874,0.0681,0.3406,2,Anthracnose
spinach_4_0036.jpg,121.4854,98.4941,54.0659,34.8468,22.6258,26.4923,5.8358,0.6313,0.4688,0.7142,0.5749,54741.857,1072.2238,0.9578,0.9019,0.9608,19.7387,0.0468,7.1632,0.3222,0.1564,0.1393,0.1908,4,Cladosporium Leaf Spot
spinach_2_0075.jpg,101.3034,116.0036,65.6361,34.5715,30.9742,24.2115,8.2308,0.7898,0.414,0.5714,0.6371,53481.8504,817.2904,0.8972,0.8984,1.0868,18.499,0.0255,6.4173,0.275,0.1011,0.1029,0.4163,2,Anthracnose
spinach_3_0054.jpg,117.1117,128.5044,68.4751,24.13,19.5525,18.5437,3.4501,0.7556,0.5491,0.6741,0.5846,58400.4635,886.6813,0.7483,0.9431,1.0313,7.9092,0.0087,0.6338,0.1624,0.0695,0.0697,0.3692,3,White Rust
spinach_0_0125.jpg,118.6847,141.6774,65.4249,27.8769,16.6949,15.5047,1.4227,0.8288,0.4625,0.9243,0.3417,67297.6561,811.3926,0.6946,0.9428,1.2423,2.2584,0.0106,0.0,0.0661,0.0371,0.0,0.2094,0,No Disease
spinach_5_0106.jpg,88.6759,98.6183,69.7305,26.9246,28.4275,25.9594,7.1846,0.6594,0.5026,0.7819,0.6527,49392.0859,907.3993,0.7913,0.8592,1.15,14.763,0.0056,6.3192,0.2978,0.1049,0.0882,0.3254,5,Spinach Blight (Cucumber Mosaic Virus)
spinach_3_0159.jpg,121.5749,139.01,50.4123,19.0068,20.1232,17.1481,2.0786,0.8386,0.4808,0.7898,0.4806,51896.9648,956.4449,0.7641,0.9311,1.0463,8.3899,0.0261,6.2176,0.2364,0.1314,0.0708,0.2441,3,White Rust
spinach_4_0157.jpg,103.004,142.5721,56.9955,33.6498,20.2051,30.4306,8.4842,0.5945,0.3052,0.7209,0.4647,46379.0333,878.0916,0.7822,0.9526,1.043,21.9609,0.0485,8.7071,0.2363,0.1386,0.1486,0.5216,4,Cladosporium Leaf Spot
spinach_4_0177.jpg,100.9034,127.9196,55.3342,30.9485,28.2688,24.117,7.7119,0.5945,0.2943,0.7524,0.7625,49870.2585,825.5347,0.7655,0.874,1.1312,14.9856,0.016,7.605,0.256,0.1666,0.1528,0.1713,4,Cladosporium Leaf Spot
spinach_0_0010.jpg,92.8119,129.3403,69.327,24.5795,10.368,15.1225,1.1769,0.8738,0.6602,0.9177,0.5537,51227.4716,850.4057,0.7566,0.9361,1.1341,0.0,0.0067,1.6108,0.2259,0.1551,0.0187,0.177,0,No Disease
spinach_0_0057.jpg,125.0351,148.0662,73.3577,17.8047,15.0271,6.4832,2.438,0.9676,0.454,0.8337,0.3043,47173.244,925.3482,0.6449,0.9454,1.1803,0.9956,0.0,0.0,0.1616,0.0,0.0313,0.1056,0,No Disease
spinach_1_0077.jpg,126.9719,127.4172,69.6297,35.5297,33.9914,25.7476,5.5436,0.7227,0.4761,0.8772,0.6534,53272.6594,905.1398,0.7703,0.9059,1.1108,16.8724,0.0181,4.8947,0.1467,0.1587,0.1142,0.44,1,Downy Mildew
spinach_1_0150.jpg,120.6622,143.9254,67.4351,14.0023,27.2065,18.7674,6.2702,0.7389,0.4146,0.7528,0.6078,57722.0249,898.034,0.8551,0.9335,1.1534,2.8535,0.0289,3.9758,0.2258,0.0911,0.0504,0.4681,1,Downy Mildew
spinach_2_0151.jpg,105.0554,113.3877,53.2622,29.5922,33.5407,32.8921,8.2676,0.767,0.5173,0.7174,0.847,53962.0057,894.3987,0.821,0.8545,1.1034,7.825,0.014,6.4472,0.1743,0.1597,0.1135,0.3646,2,Anthracnose
spinach_0_0046.jpg,104.9861,149.8475,67.5378,24.0284,20.387,11.1808,3.6556,0.9559,0.5882,0.8266,0.3341,49311.6871,974.2594,0.7127,0.9409,1.0207,1.1837,0.0069,5.6012,0.0311,0.1389,0.0437,0.2329,0,No Disease
spinach_0_0149.jpg,89.8431,125.2761,77.6773,28.3556,19.4672,14.8386,0.01,0.7382,0.5904,0.8549,0.3094,52327.6629,931.5131,0.8267,0.9334,1.2183,2.032,0.0051,3.1158,0.0511,0.1926,0.0494,0.2305,0,No Disease
spinach_2_0004.jpg,96.733,118.6219,55.3296,34.1909,20.662,19.9707,2.941,0.5053,0.5239,0.8459,0.6993,45880.8562,850.1551,0.8524,0.8871,1.099,13.949,0.0224,5.1529,0.2447,0.1209,0.1213,0.3123,2,Anthracnose
spinach_4_0051.jpg,132.0881,131.3304,67.4007,29.0507,34.6294,28.2127,8.5222,0.5832,0.3485,0.7754,0.6506,46501.0047,827.2198,0.7654,0.8896,1.1467,19.8457,0.0345,7.9986,0.3012,0.1227,0.1568,0.3239,4,Cladosporium Leaf Spot
spinach_2_0048.jpg,105.3128,148.55,52.6991,19.6566,19.0003,26.0372,9.272,0.6255,0.4823,0.7519,0.6711,48697.7686,898.087,0.8526,0.9099,1.0259,13.3032,0.0429,6.5522,0.2735,0.1816,0.1168,0.3587,2,Anthracnose
spinach_2_0170.jpg,113.3531,107.3585,57.2725,34.4423,18.6869,22.9749,5.3837,0.5958,0.4009,0.6618,0.5683,56621.416,972.009,0.6841,0.8631,1.1275,12.8605,0.039,7.2094,0.245,0.1191,0.1223,0.2479,2,Anthracnose
spinach_0_0167.jpg,120.6035,135.6966,79.6705,26.1599,16.6812,14.1571,1.4406,0.8795,0.6483,0.8962,0.4435,46373.8824,823.251,0.8986,0.9256,1.058,7.7244,0.0083,2.2407,0.0931,0.0673,0.0358,0.0894,0,No Disease
spinach_1_0148.jpg,121.7755,134.743,66.804,24.3753,31.4486,19.1605,6.2155,0.7876,0.5675,0.7378,0.5447,43509.2731,1055.2367,0.8153,0.9213,1.3493,11.3002,0.0096,4.4474,0.1413,0.1142,0.0699,0.263,1,Downy Mildew
spinach_3_0047.jpg,115.6982,129.4597,65.4284,27.9294,23.6022,15.7726,7.0001,0.8456,0.3879,0.8657,0.5827,50717.7235,940.808,0.7785,0.9336,1.125,6.6503,0.0008,4.9489,0.1513,0.1511,0.082,0.2522,3,White Rust
spinach_3_0099.jpg,123.2834,117.534,70.0731,25.7052,19.7555,15.9184,2.9914,0.8569,0.4798,0.8135,0.5745,53138.4435,858.1605,0.7677,0.9491,1.2232,3.1116,0.0153,5.5107,0.2641,0.1913,0.0501,0.382,3,White Rust
spinach_2_0169.jpg,97.0157,127.4995,57.5411,18.6557,27.8916,21.3752,6.0534,0.621,0.3698,0.666,0.5043,56360.3394,855.5642,0.7561,0.8718,1.1417,8.8063,0.0281,5.0494,0.2037,0.1159,0.0945,0.3507,2,Anthracnose
spinach_4_0067.jpg,139.2845,128.7322,57.3097,34.5591,31.3441,27.454,10.7415,0.4953,0.4611,0.7895,0.8168,53460.6754,865.8355,0.7904,0.9074,1.1207,20.8828,0.039,9.1171,0.3093,0.149,0.1508,0.5387,4,Cladosporium Leaf Spot
spinach_5_0030.jpg,85.2962,114.2855,55.8615,27.4165,25.7636,21.6382,8.3151,0.8568,0.3617,0.6509,0.6889,57657.4006,829.6785,0.861,0.8791,1.0917,7.3522,0.0241,5.1904,0.2404,0.2211,0.0803,0.18,5,Spinach Blight (Cucumber Mosaic Virus)
spinach_2_0144.jpg,118.588,115.5395,61.6001,25.0654,39.7693,21.8646,7.3461,0.7253,0.3471,0.7005,0.6896,45429.8095,923.8589,0.701,0.9438,1.1434,16.5565,0.0131,4.6734,0.2995,0.326,0.1399,0.433,2,Anthracnose
spinach_4_0148.jpg,121.1986,121.0572,58.2112,32.5982,28.797,18.9173,8.6471,0.6266,0.365,0.6546,0.724,54874.5503,943.3134,0.8738,0.9024,1.0542,20.4671,0.0182,11.2866,0.2837,0.2774,0.1083,0.3006,4,Cladosporium Leaf Spot
spinach_5_0118.jpg,95.7776,139.3447,66.9268,34.734,24.19,23.9977,7.3239,0.6357,0.3233,0.7157,0.7605,40342.8618,833.7151,0.8886,0.8692,1.1903,7.4888,0.0167,5.135,0.3037,0.1244,0.0467,0.2278,5,Spinach Blight (Cucumber Mosaic Virus)
spinach_4_0159.jpg,115.0187,106.1809,59.8217,35.2371,33.9605,26.8914,10.3394,0.6508,0.3213,0.7212,0.8506,47879.1415,927.8982,0.7723,0.8398,1.1052,12.8219,0.0366,4.7364,0.234,0.1727,0.16,0.3473,4,Cladosporium Leaf Spot
spinach_0_0177.jpg,103.2299,139.6712,79.1153,19.5039,18.9955,12.8336,2.9726,0.9301,0.6493,0.9299,0.4789,51507.913,944.4939,0.8338,0.9137,1.0697,2.7257,0.0093,0.0,0.0963,0.0762,0.0,0.1824,0,No Disease
spinach_3_0029.jpg,116.0524,133.3446,81.9651,24.6834,16.278,23.6753,3.9977,0.7927,0.4115,0.8697,0.4909,58489.2899,800.0739,0.7624,0.955,1.1235,17.0859,0.0148,4.4627,0.2653,0.0594,0.0291,0.2164,3,White Rust
spinach_1_0068.jpg,136.9538,125.8229,55.9991,22.0316,15.3304,27.1305,7.8308,0.7881,0.3583,0.8868,0.5748,49654.8708,1043.7259,0.8295,0.965,1.1199,8.4119,0.0151,1.4754,0.1761,0.1758,0.095,0.3116,1,Downy Mildew
spinach_3_0093.jpg,132.4731,143.8148,82.3624,20.1642,24.7898,17.2757,5.6713,0.7528,0.4984,0.6813,0.6293,52530.2976,920.2193,0.897,0.9104,1.1374,8.4011,0.0186,7.9992,0.1732,0.0973,0.1168,0.2554,3,White Rust
spinach_2_0111.jpg,113.3989,109.8769,56.8469,40.7931,37.6022,18.7836,5.4454,0.5952,0.4646,0.6721,0.714,59984.8367,878.9535,0.8424,0.913,1.0329,18.2366,0.0202,8.5118,0.2006,0.1409,0.0828,0.2761,2,Anthracnose
spinach_0_0179.jpg,110.5195,119.5892,76.4028,24.0886,19.1814,14.1214,2.9604,0.9137,0.5178,1.0,0.3848,55878.7615,678.1386,0.8466,0.9667,1.1224,4.2351,0.0105,0.043,0.1274,0.0477,0.0248,0.2902,0,No Disease
spinach_5_0171.jpg,106.1724,97.4117,57.2854,32.02,24.4864,26.4478,6.9282,0.7145,0.3864,0.7505,0.7303,52169.2535,827.6991,0.8844,0.9164,1.1208,12.3668,0.028,2.103,0.2221,0.2156,0.0955,0.3467,5,Spinach Blight (Cucumber Mosaic Virus)
spinach_0_0145.jpg,103.2583,140.5205,80.6996,24.3158,16.1914,12.32,3.93,0.9619,0.4515,0.8581,0.4366,55894.1486,1011.0101,0.787,0.9446,1.1251,0.0,0.0039,1.2342,0.0983,0.0046,0.0301,0.2045,0,No Disease
spinach_3_0046.jpg,122.1168,129.9855,71.6206,25.4565,16.8899,25.884,6.6532,0.8969,0.479,0.7775,0.6204,48612.6249,918.006,0.7695,0.8835,1.1202,6.2361,0.0151,4.6548,0.2336,0.086,0.0616,0.2188,3,White Rust
spinach_5_0060.jpg,88.6187,99.5249,72.2013,27.6113,24.5127,21.3237,7.634,0.7232,0.3406,0.6805,0.6305,51011.0987,866.449,0.8025,0.9012,1.0871,8.8785,0.0329,4.5318,0.2165,0.0676,0.0846,0.252,5,Spinach Blight (Cucumber Mosaic Virus)
spinach_2_0142.jpg,103.058,127.9348,66.6627,36.2864,28.8831,21.054,7.1856,0.7104,0.3352,0.7933,0.748,45538.8852,1068.2874,0.8058,0.8726,1.0136,19.9511,0.0416,7.9171,0.296,0.2087,0.1239,0.3763,2,Anthracnose
spinach_0_0085.jpg,96.3681,153.2286,61.1992,28.0211,16.8335,10.3523,0.8486,0.8359,0.478,0.8866,0.2972,41098.169,882.0324,0.6618,0.9112,1.0473,0.0,0.022,1.3015,0.1123,0.0089,0.0237,0.2172,0,No Disease
spinach_2_0088.jpg,102.3381,109.5241,54.6815,36.486,27.7996,28.1344,7.8402,0.6553,0.3488,0.7393,0.772,54983.9634,853.8461,0.8105,0.9146,1.0493,9.4602,0.0205,5.6661,0.2631,0.2104,0.0761,0.3022,2,Anthracnose
spinach_4_0055.jpg,124.1649,113.7806,52.2435,29.3883,26.0435,16.7948,7.2725,0.7184,0.4041,0.6968,0.7732,57744.4926,783.9832,0.7321,0.9181,1.0722,15.3153,0.0384,6.7108,0.2281,0.1554,0.138,0.4065,4,Cladosporium Leaf Spot
spinach_1_0075.jpg,117.8871,135.2771,74.5126,30.6636,28.8108,26.7844,6.4685,0.7371,0.5107,0.8351,0.6749,43726.862,815.854,0.7735,0.9295,1.0983,14.5475,0.0305,6.9585,0.2503,0.0885,0.0921,0.2614,1,Downy Mildew
spinach_2_0016.jpg,118.6734,109.7028,48.5224,29.0721,34.0024,23.724,9.544,0.6201,0.4638,0.6543,0.7125,51083.4141,946.1492,0.815,0.8815,1.1504,20.9266,0.0223,2.7966,0.255,0.1468,0.1067,0.3945,2,Anthracnose
spinach_2_0039.jpg,115.7085,118.209,58.8879,38.3962,23.8781,28.1257,5.7522,0.7687,0.4787,0.6795,0.8561,52345.1794,792.2728,0.7776,0.9283,1.1538,9.7678,0.0259,6.4663,0.2046,0.2543,0.1158,0.3451,2,Anthracnose
spinach_3_0104.jpg,139.9127,133.4451,70.7884,31.2037,21.7054,19.4544,3.7335,0.5812,0.4656,0.7303,0.4425,53610.9583,759.8688,0.8284,0.9321,1.078,7.7468,0.0075,5.3506,0.1794,0.1305,0.0825,0.2286,3,White Rust
spinach_2_0001.jpg,115.0325,113.6422,55.0096,29.1007,30.6224,26.3629,5.2894,0.741,0.3279,0.7328,0.6708,57828.9427,838.1925,0.8107,0.9152,1.0101,13.7086,0.0249,5.1751,0.208,0.2045,0.095,0.3953,2,Anthracnose
spinach_0_0155.jpg,103.4597,143.45,69.8688,16.7547,25.0274,19.1958,0.7065,0.9455,0.5206,0.7971,0.5234,43479.5019,1012.6856,0.7548,0.9247,1.1528,4.3248,0.0,2.4919,0.1057,0.0298,0.0358,0.3105,0,No Disease
spinach_5_0124.jpg,97.5358,111.8733,78.0812,29.9991,28.5222,19.5008,6.7795,0.688,0.4024,0.7754,0.6,47509.7728,821.3585,0.7797,0.9043,1.0609,17.9918,0.0454,4.3777,0.2247,0.1915,0.0834,0.2604,5,Spinach Blight (Cucumber Mosaic Virus)
spinach_3_0115.jpg,108.2659,136.3157,70.1889,30.472,19.1562,20.7736,5.0705,0.7595,0.4542,0.7202,0.578,52475.2499,860.9988,0.8199,0.9457,1.1642,3.8302,0.0178,2.3594,0.1748,0.0837,0.1019,0.3427,3,White Rust
spinach_3_0025.jpg,123.6314,110.5319,54.6733,30.9452,23.8453,18.5847,3.2551,0.6833,0.476,0.7559,0.7047,50576.1814,910.872,0.6967,0.911,1.1242,6.5089,0.0131,4.5884,0.2457,0.1258,0.0986,0.3297,3,White Rust
spinach_5_0122.jpg,115.127,101.5503,81.1139,25.1268,30.5014,22.0264,6.3134,0.6058,0.4726,0.6398,0.5057,55298.5151,1048.9606,0.77,0.9251,1.1537,11.6339,0.0347,5.1055,0.2359,0.0998,0.0597,0.4335,5,Spinach Blight (Cucumber Mosaic Virus)
spinach_2_0154.jpg,115.3498,115.784,49.3426,26.7366,25.5178,23.9927,7.0159,0.6968,0.258,0.7466,0.6903,62763.5453,841.2366,0.8194,0.9707,1.0955,13.7295,0.0191,8.8509,0.172,0.1771,0.0982,0.3349,2,Anthracnose
spinach_4_0045.jpg,111.9026,118.3647,63.8452,31.0327,22.4151,29.6483,7.5125,0.7916,0.3643,0.7487,0.8231,57075.2814,947.0339,0.8041,0.9173,1.2689,16.9208,0.0404,7.4906,0.2953,0.1917,0.0761,0.374,4,Cladosporium Leaf Spot
spinach_0_0054.jpg,118.2496,138.5112,82.3245,22.0549,20.9128,11.3964,2.8907,0.9583,0.5339,0.9192,0.4766,49252.2369,807.7232,0.699,0.9322,1.1462,0.0,0.0062,2.227,0.1309,0.1421,0.0719,0.1199,0,No Disease
spinach_2_0113.jpg,112.1853,123.1639,48.887,31.758,28.026,23.5561,5.8384,0.7751,0.544,0.6223,0.762,35610.7492,946.861,0.6878,0.8869,0.975,13.1376,0.0337,2.7568,0.212,0.1395,0.1495,0.3845,2,Anthracnose
spinach_2_0125.jpg,106.8195,101.4974,55.2182,38.3247,20.107,21.8696,10.6249,0.7127,0.3506,0.689,0.7329,58478.8597,826.9146,0.7545,0.8655,1.0882,8.3773,0.0233,4.4644,0.2837,0.1397,0.1199,0.2217,2,Anthracnose
spinach_3_0039.jpg,142.8053,134.1934,62.1074,15.2252,26.3178,17.7992,9.8292,0.7108,0.6284,0.8324,0.4472,52660.7189,982.1381,0.7665,0.9409,1.1753,10.3854,0.0169,1.8851,0.1662,0.127,0.0231,0.2935,3,White Rust
spinach_4_0079.jpg,114.7384,125.7225,69.8132,33.7195,24.9456,16.2754,6.8928,0.5224,0.2816,0.677,0.7684,59790.8881,938.3082,0.9046,0.9079,1.1569,16.5644,0.0254,6.6919,0.2694,0.1649,0.105,0.4233,4,Cladosporium Leaf Spot
spinach_0_0110.jpg,108.588,148.9579,69.543,16.9927,25.5338,15.8648,3.3683,0.9099,0.5331,0.8808,0.5636,54776.2004,748.8527,0.7571,0.9746,1.1029,0.0,0.0211,2.4283,0.0965,0.0651,0.0671,0.1566,0,No Disease
spinach_2_0082.jpg,106.5798,117.1854,53.2303,29.0179,40.0909,23.7288,7.7654,0.6236,0.4616,0.7532,0.7667,51074.4562,983.419,0.8763,0.9071,1.0708,17.5783,0.0198,4.8077,0.2273,0.0903,0.1307,0.273,2,Anthracnose
spinach_2_0014.jpg,127.7343,96.135,60.3873,25.0551,21.0343,22.5461,9.0881,0.728,0.3228,0.7494,0.4656,46235.271,797.6108,0.8047,0.8949,1.0687,13.3011,0.0272,7.0722,0.2375,0.1486,0.12,0.4161,2,Anthracnose
spinach_1_0162.jpg,110.4695,140.0988,70.9602,29.8834,25.9773,15.0106,6.5041,0.7904,0.5296,0.9083,0.4407,49057.6159,825.7733,0.8004,0.9103,1.0813,14.1104,0.0112,2.926,0.1388,0.1156,0.0493,0.3061,1,Downy Mildew
spinach_3_0106.jpg,137.9135,131.4715,63.8395,20.3935,17.4509,19.9976,4.8352,0.6418,0.6435,0.7618,0.5566,48368.8128,878.299,0.7585,0.9199,1.1088,11.2195,0.0188,5.2677,0.1695,0.1293,0.064,0.3602,3,White Rust
spinach_5_0118.jpg,95.7776,139.3447,66.9268,34.734,24.19,23.9977,7.3239,0.6357,0.3233,0.7157,0.7605,40342.8618,833.7151,0.8886,0.8692,1.1903,7.4888,0.0167,5.135,0.3037,0.1244,0.0467,0.2278,5,Spinach Blight (Cucumber Mosaic Virus)
spinach_4_0143.jpg,113.8084,98.4589,61.363,26.6207,32.2454,24.0157,11.5339,0.6095,0.3744,0.6451,0.5977,49476.435,965.3413,0.8261,0.8827,0.9535,20.5778,0.0374,9.0181,0.2563,0.1226,0.1433,0.3893,4,Cladosporium Leaf Spot
spinach_3_0126.jpg,129.0593,125.4151,64.5854,13.9265,27.8612,19.2956,5.9392,0.8081,0.504,0.7795,0.5888,46693.5779,787.8821,0.7739,0.903,1.224,9.5006,0.0113,3.5112,0.1767,0.1173,0.0768,0.2855,3,White Rust
spinach_0_0034.jpg,109.4255,152.7463,77.083,23.7001,20.1845,16.3632,0.01,0.9067,0.5355,0.7904,0.5882,60644.9767,1055.9221,0.7853,0.9638,1.121,2.8112,0.0,1.9146,0.103,0.0279,0.0387,0.1936,0,No Disease
spinach_2_0180.jpg,106.657,111.6599,58.7197,36.1986,30.3845,16.5113,8.0336,0.6889,0.3722,0.6984,0.7105,46540.566,861.7649,0.871,0.8824,0.9976,13.7532,0.018,2.999,0.2128,0.2179,0.109,0.3643,2,Anthracnose
spinach_4_0117.jpg,104.5219,104.2954,61.4971,37.5459,30.798,27.7212,5.8876,0.5842,0.1643,0.65,0.5436,57163.3085,1045.4821,0.7984,0.8522,1.1001,25.4365,0.0378,9.633,0.2457,0.1552,0.1282,0.2359,4,Cladosporium Leaf Spot
spinach_3_0142.jpg,140.4085,138.9981,73.2823,27.8595,31.4905,21.4862,5.9899,0.7671,0.398,0.6954,0.6767,46458.2031,979.5864,0.805,0.9429,1.0688,4.8371,0.02,3.4738,0.1084,0.1975,0.0502,0.2005,3,White Rust
spinach_4_0121.jpg,100.1656,123.3641,72.0315,34.9167,23.6629,29.3901,7.6739,0.4626,0.4214,0.5938,0.9381,56238.867,867.2201,0.8176,0.9506,1.15,18.9528,0.0571,7.7116,0.2991,0.1526,0.0881,0.367,4,Cladosporium Leaf Spot
spinach_0_0064.jpg,99.0678,135.419,76.0792,19.4739,15.0238,20.8687,1.8058,1.0,0.5873,1.0,0.4557,56814.8029,847.5389,0.7188,0.9415,1.1991,2.161,0.0,0.0,0.0286,0.0093,0.0427,0.29,0,No Disease
spinach_1_0146.jpg,124.3551,118.7474,64.4469,15.1311,21.1303,24.8441,5.2873,0.7494,0.1887,0.7325,0.6438,53326.4494,996.2356,0.7774,0.9059,0.9934,9.1819,0.0099,1.4738,0.1357,0.1903,0.0732,0.3276,1,Downy Mildew
spinach_4_0103.jpg,108.2767,119.7697,55.2731,29.0743,41.7937,23.9934,8.6728,0.6494,0.3872,0.6266,0.8847,52717.811,761.2836,0.7835,0.8857,1.0525,20.0372,0.0391,8.43,0.2869,0.1934,0.0762,0.4522,4,Cladosporium Leaf Spot
spinach_0_0167.jpg,120.6035,135.6966,79.6705,26.1599,16.6812,14.1571,1.4406,0.8795,0.6483,0.8962,0.4435,46373.8824,823.251,0.8986,0.9256,1.058,7.7244,0.0083,2.2407,0.0931,0.0673,0.0358,0.0894,0,No Disease
spinach_2_0174.jpg,107.293,121.8715,58.1955,30.1203,26.174,19.5703,7.5697,0.6569,0.3076,0.771,0.6999,48859.5052,1014.0057,0.6898,0.9318,1.0096,14.8461,0.0223,4.4386,0.2957,0.2342,0.1045,0.3768,2,Anthracnose
spinach_3_0010.jpg,137.3452,145.4343,61.1598,28.0004,31.3374,16.4508,8.4013,0.8009,0.4253,0.7175,0.5277,41723.6083,863.4756,0.7642,0.8931,1.1698,7.1249,0.0119,3.4144,0.1878,0.1229,0.0525,0.2901,3,White Rust
spinach_2_0045.jpg,94.1721,98.0114,49.0385,31.7476,26.9837,27.1959,5.436,0.726,0.3709,0.634,0.7285,49669.9407,817.0881,0.8025,0.8968,1.0677,12.3496,0.0166,6.2346,0.1899,0.1192,0.104,0.4087,2,Anthracnose
spinach_4_0072.jpg,114.9183,117.1274,65.0066,35.6004,25.1327,21.7608,8.1389,0.5065,0.3018,0.7544,0.6094,48799.4132,830.7699,0.9103,0.8766,1.0316,13.8769,0.0341,7.9863,0.2257,0.2295,0.1368,0.4582,4,Cladosporium Leaf Spot
spinach_0_0140.jpg,102.9355,150.2723,68.6539,17.1317,22.8175,13.7752,3.8776,0.9343,0.5526,0.9136,0.452,57104.4141,865.1654,0.7725,0.9285,1.1763,0.0,0.0141,2.0394,0.0342,0.1283,0.0959,0.2801,0,No Disease
spinach_3_0141.jpg,117.8282,128.4606,56.4182,29.3729,21.5397,28.3993,5.868,0.8364,0.4406,0.7036,0.4626,44653.7653,996.0395,0.7569,0.9438,1.1209,6.8287,0.0076,4.5429,0.1591,0.1561,0.0521,0.3293,3,White Rust
spinach_3_0177.jpg,137.5115,145.2585,75.1969,18.1013,20.7846,21.8697,6.281,0.9103,0.5455,0.8428,0.8134,51981.5454,876.0942,0.7906,0.8971,1.1154,1.0926,0.0128,3.7924,0.2175,0.1644,0.0459,0.4461,3,White Rust
spinach_0_0010.jpg,92.8119,129.3403,69.327,24.5795,10.368,15.1225,1.1769,0.8738,0.6602,0.9177,0.5537,51227.4716,850.4057,0.7566,0.9361,1.1341,0.0,0.0067,1.6108,0.2259,0.1551,0.0187,0.177,0,No Disease
spinach_0_0106.jpg,118.5676,130.8052,66.9433,23.0812,5.3645,7.5552,1.5228,1.0,0.5451,0.8871,0.5334,62534.4237,862.3152,0.769,0.9756,0.9982,6.1103,0.0,1.3845,0.0879,0.0417,0.0154,0.2221,0,No Disease
spinach_0_0122.jpg,115.6598,143.2325,72.7558,20.054,16.7178,12.6932,1.2359,1.0,0.5713,0.825,0.3684,57501.8534,987.5607,0.8036,0.9236,1.1659,0.0,0.0039,2.9456,0.1437,0.0407,0.0186,0.2087,0,No Disease
spinach_0_0020.jpg,94.3025,131.8029,75.4231,19.0538,18.6433,16.4477,4.2451,0.8726,0.4619,0.9547,0.3869,57572.9622,958.3377,0.7621,0.9387,1.2761,10.3079,0.0066,1.4883,0.1538,0.0462,0.0483,0.1979,0,No Disease
spinach_4_0165.jpg,124.6307,141.0071,62.7927,38.762,26.6071,27.9503,7.1288,0.5897,0.3478,0.5713,0.7929,48940.209,691.2439,0.7625,0.8814,1.1382,19.1408,0.0456,8.4362,0.2423,0.1877,0.1213,0.429,4,Cladosporium Leaf Spot
spinach_0_0177.jpg,103.2299,139.6712,79.1153,19.5039,18.9955,12.8336,2.9726,0.9301,0.6493,0.9299,0.4789,51507.913,944.4939,0.8338,0.9137,1.0697,2.7257,0.0093,0.0,0.0963,0.0762,0.0,0.1824,0,No Disease
spinach_5_0168.jpg,114.1678,113.8894,54.5203,27.3307,28.7838,29.1825,3.0742,0.7389,0.3254,0.7655,0.7088,48334.2639,933.1599,0.8784,0.8959,0.983,17.7023,0.0306,6.4148,0.1755,0.1894,0.1411,0.3303,5,Spinach Blight (Cucumber Mosaic Virus)
spinach_0_0009.jpg,109.2876,155.8933,73.4659,13.8777,10.1592,21.6037,4.9302,0.8856,0.5493,0.9823,0.3093,47526.3649,984.3327,0.7463,0.9299,1.1069,3.3503,0.0173,1.3631,0.1322,0.0,0.0388,0.1325,0,No Disease
spinach_3_0084.jpg,122.8451,151.3244,72.6213,24.6479,25.0304,11.8134,3.754,0.793,0.5492,0.794,0.6958,55839.6993,856.1671,0.7716,0.9302,1.0741,14.1252,0.0081,4.569,0.2068,0.1075,0.0565,0.2739,3,White Rust
spinach_1_0022.jpg,126.4613,150.2345,66.1084,24.3011,27.9354,18.207,3.7433,0.5992,0.3048,0.6972,0.4922,52566.1826,780.0598,0.6014,0.8839,1.0623,7.5782,0.0322,3.6956,0.234,0.1292,0.0789,0.2432,1,Downy Mildew
spinach_2_0125.jpg,106.8195,101.4974,55.2182,38.3247,20.107,21.8696,10.6249,0.7127,0.3506,0.689,0.7329,58478.8597,826.9146,0.7545,0.8655,1.0882,8.3773,0.0233,4.4644,0.2837,0.1397,0.1199,0.2217,2,Anthracnose
spinach_2_0158.jpg,106.4504,128.1803,67.3895,25.7605,25.6926,20.9924,7.1185,0.7683,0.3157,0.7763,0.7002,61630.9607,911.8831,0.7942,0.9144,1.053,6.8189,0.0251,5.6387,0.1504,0.1571,0.0583,0.3222,2,Anthracnose
spinach_5_0013.jpg,94.249,118.9983,68.7237,25.4515,23.6784,24.7188,8.7407,0.5651,0.5312,0.8115,0.6699,48296.4169,909.0433,0.7716,0.8956,0.972,5.0339,0.0427,5.5135,0.2202,0.1488,0.0693,0.3154,5,Spinach Blight (Cucumber Mosaic Virus)
spinach_2_0032.jpg,125.258,116.0793,65.1705,21.791,18.9901,28.749,7.1721,0.6883,0.2905,0.7071,0.5754,55934.3522,1152.7831,0.829,0.8841,0.8773,7.2621,0.0394,4.2475,0.2115,0.1862,0.1471,0.334,2,Anthracnose
spinach_5_0051.jpg,110.6398,97.1764,67.4524,28.5455,30.1367,16.5025,3.7977,0.77,0.3687,0.7236,0.584,54064.0519,899.9216,0.8244,0.8708,1.1301,8.0311,0.0187,2.9424,0.2022,0.1926,0.0957,0.3047,5,Spinach Blight (Cucumber Mosaic Virus)
spinach_1_0109.jpg,110.9248,128.741,67.0772,25.7464,21.3276,18.3829,6.0762,0.7114,0.3937,0.6665,0.6178,50093.8828,867.8352,0.8019,0.9287,1.1561,12.2109,0.0181,3.7794,0.1378,0.1063,0.0805,0.2471,1,Downy Mildew
spinach_2_0162.jpg,112.0046,111.605,55.9134,31.5277,20.5356,18.5711,6.4879,0.6684,0.2899,0.7553,0.6482,47890.912,908.2659,0.7923,0.9209,1.0053,8.4105,0.0245,6.2084,0.168,0.1045,0.1146,0.2894,2,Anthracnose
spinach_5_0014.jpg,101.9119,109.837,58.9824,31.3974,26.9418,23.5716,7.5986,0.6964,0.3865,0.8338,0.5556,40131.8413,925.5539,0.7722,0.8731,1.1608,11.4209,0.0139,8.8829,0.1295,0.1465,0.0428,0.3617,5,Spinach Blight (Cucumber Mosaic Virus)
spinach_3_0015.jpg,138.0187,126.0334,64.3468,20.471,21.3974,20.4313,4.2026,0.6245,0.4135,0.8292,0.5291,49862.7969,811.9223,0.7434,0.9552,1.0188,10.8833,0.0174,4.4407,0.1334,0.1059,0.0699,0.2383,3,White Rust
spinach_5_0021.jpg,111.63,81.781,77.9077,30.652,32.6733,17.3015,3.4185,0.8529,0.3259,0.7082,0.7027,53364.4333,977.8416,0.8234,0.8736,1.1465,14.8902,0.0095,7.9536,0.0856,0.1914,0.0741,0.3964,5,Spinach Blight (Cucumber Mosaic Virus)
spinach_2_0141.jpg,111.7569,121.3265,57.2175,25.8983,28.8898,22.845,10.1318,0.7431,0.3324,0.751,0.7208,56547.1315,827.5546,0.8113,0.8975,1.0847,10.4592,0.0316,6.8523,0.2943,0.1596,0.0997,0.4131,2,Anthracnose
spinach_0_0034.jpg,109.4255,152.7463,77.083,23.7001,20.1845,16.3632,0.01,0.9067,0.5355,0.7904,0.5882,60644.9767,1055.9221,0.7853,0.9638,1.121,2.8112,0.0,1.9146,0.103,0.0279,0.0387,0.1936,0,No Disease
spinach_2_0029.jpg,99.315,123.5937,57.989,27.5863,25.5268,20.239,8.511,0.5666,0.3005,0.677,0.8514,55271.4027,715.9159,0.8811,0.9337,0.9861,3.9142,0.0264,8.1204,0.3096,0.1252,0.1538,0.1718,2,Anthracnose
spinach_3_0011.jpg,123.4932,123.4659,64.692,27.8967,24.8607,19.0801,5.9505,0.6916,0.3841,0.7624,0.6998,52316.2581,877.4634,0.8726,0.9128,1.2888,5.9549,0.0089,3.7005,0.1575,0.0877,0.135,0.3055,3,White Rust
spinach_0_0129.jpg,103.679,141.4988,84.8004,22.1123,20.6301,19.6771,0.0116,0.9604,0.5564,0.7039,0.2072,46909.4119,973.1223,0.7768,0.9346,1.2761,0.0,0.0058,1.748,0.0632,0.0811,0.0,0.3128,0,No Disease
spinach_0_0009.jpg,109.2876,155.8933,73.4659,13.8777,10.1592,21.6037,4.9302,0.8856,0.5493,0.9823,0.3093,47526.3649,984.3327,0.7463,0.9299,1.1069,3.3503,0.0173,1.3631,0.1322,0.0,0.0388,0.1325,0,No Disease
spinach_2_0150.jpg,104.3731,122.2104,55.0637,29.5721,19.7118,32.3036,7.121,0.7199,0.3367,0.6543,0.8813,40416.392,907.8647,0.7273,0.8899,1.029,10.0561,0.0273,1.4775,0.2142,0.1564,0.076,0.4711,2,Anthracnose
spinach_0_0114.jpg,115.3829,133.0184,83.2905,19.5608,18.0235,19.7158,0.4743,0.8206,0.5643,0.9379,0.2869,43659.827,1002.3721,0.7338,0.9202,0.9715,0.0,0.0059,2.8747,0.0614,0.1463,0.0229,0.1454,0,No Disease
spinach_5_0075.jpg,96.7078,120.2644,61.1625,32.7924,28.9723,20.499,9.5105,0.6504,0.2873,0.7899,0.4351,56959.0841,880.1754,0.7244,0.8763,0.9593,13.5315,0.0134,6.3038,0.1948,0.131,0.1027,0.3899,5,Spinach Blight (Cucumber Mosaic Virus)
spinach_4_0059.jpg,119.8787,115.5768,62.6536,34.1538,37.8905,26.7349,7.1485,0.6841,0.2735,0.7239,0.7665,52502.7191,711.9346,0.655,0.8525,1.2097,13.4074,0.0399,6.3446,0.258,0.1882,0.1711,0.4368,4,Cladosporium Leaf Spot
spinach_2_0076.jpg,111.656,132.1407,45.3926,21.55,30.8484,26.4632,6.6715,0.712,0.4396,0.643,0.6193,50948.6309,970.4089,0.73,0.8951,1.0605,15.6718,0.0269,5.1174,0.2924,0.1384,0.1027,0.2227,2,Anthracnose
spinach_4_0067.jpg,139.2845,128.7322,57.3097,34.5591,31.3441,27.454,10.7415,0.4953,0.4611,0.7895,0.8168,53460.6754,865.8355,0.7904,0.9074,1.1207,20.8828,0.039,9.1171,0.3093,0.149,0.1508,0.5387,4,Cladosporium Leaf Spot
spinach_5_0157.jpg,122.9768,112.8842,74.3515,41.0957,28.0105,21.8077,7.9342,0.8047,0.3969,0.6961,0.8217,48146.9277,989.3729,0.8258,0.9457,1.0221,8.5961,0.0308,3.3654,0.2158,0.2119,0.0454,0.3722,5,Spinach Blight (Cucumber Mosaic Virus)
spinach_5_0149.jpg,87.9734,127.7764,59.8852,29.8118,26.8591,20.2915,5.1044,0.6804,0.3188,0.8673,0.6019,55294.7363,972.7173,0.8318,0.8966,1.1055,14.2887,0.0248,2.5799,0.1191,0.2104,0.0241,0.3557,5,Spinach Blight (Cucumber Mosaic Virus)
spinach_5_0105.jpg,101.8556,129.1433,58.7979,29.4123,26.8261,25.7685,5.7407,0.6404,0.4456,0.678,0.4664,58701.8596,962.7031,0.923,0.9219,1.1444,13.4781,0.0225,6.3218,0.1823,0.1072,0.0817,0.4433,5,Spinach Blight (Cucumber Mosaic Virus)
spinach_1_0045.jpg,118.4663,144.8973,68.2918,22.6219,20.7636,22.9797,4.439,0.5706,0.4257,0.6564,0.7716,51883.9382,809.4825,0.7481,0.8628,1.012,14.0653,0.0379,6.1075,0.1854,0.1127,0.0561,0.4748,1,Downy Mildew
spinach_5_0139.jpg,93.8124,115.0,75.8073,31.7105,22.2118,17.9372,9.5788,0.6267,0.3557,0.7561,0.6281,52369.026,723.2228,0.7974,0.9169,1.1445,9.7102,0.0158,5.7847,0.1444,0.2014,0.0939,0.2843,5,Spinach Blight (Cucumber Mosaic Virus)
spinach_3_0129.jpg,116.2283,142.9566,61.6569,27.8794,20.0443,19.0338,6.1942,0.8298,0.4468,0.747,0.7099,54446.6541,865.8858,0.7408,0.9456,1.1192,7.3458,0.0179,4.608,0.1672,0.1681,0.1015,0.3226,3,White Rust
spinach_2_0125.jpg,106.8195,101.4974,55.2182,38.3247,20.107,21.8696,10.6249,0.7127,0.3506,0.689,0.7329,58478.8597,826.9146,0.7545,0.8655,1.0882,8.3773,0.0233,4.4644,0.2837,0.1397,0.1199,0.2217,2,Anthracnose
spinach_2_0148.jpg,103.6962,111.6586,74.5216,23.2558,24.9051,23.3931,6.4843,0.7659,0.3553,0.6836,0.7715,59053.5583,1020.7498,0.7918,0.8988,1.0837,14.588,0.0202,7.7859,0.2403,0.1582,0.0782,0.355,2,Anthracnose
spinach_1_0047.jpg,111.9999,127.5841,65.0188,24.6083,19.3213,16.2472,2.693,0.7212,0.3124,0.69,0.5706,44320.4135,937.9752,0.8344,0.8963,1.065,12.1497,0.0143,3.3911,0.2498,0.1654,0.095,0.3841,1,Downy Mildew
spinach_4_0055.jpg,124.1649,113.7806,52.2435,29.3883,26.0435,16.7948,7.2725,0.7184,0.4041,0.6968,0.7732,57744.4926,783.9832,0.7321,0.9181,1.0722,15.3153,0.0384,6.7108,0.2281,0.1554,0.138,0.4065,4,Cladosporium Leaf Spot
spinach_5_0042.jpg,101.1622,119.5557,69.0242,25.6006,25.7147,19.536,9.2291,0.7816,0.3581,0.6482,0.6778,47035.9131,828.1693,0.7419,0.8747,1.103,10.9325,0.044,6.4697,0.1524,0.0886,0.1,0.3083,5,Spinach Blight (Cucumber Mosaic Virus)
spinach_2_0130.jpg,98.6695,116.696,51.5339,28.0564,32.7615,25.1265,8.9211,0.7064,0.4117,0.5753,0.6582,48875.4553,1002.3665,0.7696,0.9066,1.0981,18.6307,0.0259,7.59,0.1448,0.0954,0.0529,0.4129,2,Anthracnose
spinach_4_0175.jpg,114.9279,118.5476,65.4771,32.6836,28.7659,19.3774,5.3642,0.574,0.2533,0.6788,0.5801,48264.1995,872.6925,0.7876,0.9,1.0439,15.33,0.044,6.9239,0.341,0.177,0.1296,0.3789,4,Cladosporium Leaf Spot
spinach_2_0147.jpg,118.157,117.6103,61.3948,39.6805,22.8759,11.5007,5.2091,0.7189,0.3822,0.6149,0.548,48226.9549,755.3905,0.8312,0.8897,1.0298,10.9669,0.0291,6.1767,0.2401,0.1672,0.1082,0.2673,2,Anthracnose
spinach_0_0107.jpg,114.9554,137.5729,72.5609,22.8559,12.1419,17.9588,3.3929,1.0,0.5499,0.8479,0.4969,56095.5208,866.4913,0.7458,0.9435,1.0538,0.3579,0.0067,2.9927,0.0698,0.0063,0.0,0.0992,0,No Disease
spinach_0_0092.jpg,113.1876,140.0405,78.2775,24.3541,12.9774,7.7674,4.6239,0.9205,0.4428,0.83,0.4972,50601.6158,868.7939,0.8541,0.9038,1.0561,2.8455,0.0091,2.0934,0.1456,0.0879,0.0522,0.1793,0,No Disease
spinach_1_0156.jpg,113.8995,149.3181,53.7003,24.1821,19.4756,18.7449,7.2534,0.8582,0.3739,0.7094,0.4943,57531.4269,1012.1004,0.7836,0.8751,0.9955,10.6825,0.0244,1.0809,0.1739,0.1947,0.0746,0.4292,1,Downy Mildew
spinach_5_0093.jpg,114.9719,118.9191,79.7793,31.7765,28.5965,24.7172,8.9299,0.809,0.3132,0.786,0.6765,48529.8249,692.7071,0.7176,0.8909,0.9728,10.625,0.0297,4.3543,0.2142,0.1072,0.0975,0.3807,5,Spinach Blight (Cucumber Mosaic Virus)
spinach_0_0038.jpg,100.1025,148.9946,72.2487,21.3929,17.0699,16.3463,2.7224,0.745,0.6333,0.8113,0.2758,51707.9438,928.3981,0.7284,0.9508,1.0126,0.3722,0.0013,1.1161,0.1139,0.0397,0.0581,0.205,0,No Disease
spinach_0_0092.jpg,113.1876,140.0405,78.2775,24.3541,12.9774,7.7674,4.6239,0.9205,0.4428,0.83,0.4972,50601.6158,868.7939,0.8541,0.9038,1.0561,2.8455,0.0091,2.0934,0.1456,0.0879,0.0522,0.1793,0,No Disease
spinach_1_0075.jpg,117.8871,135.2771,74.5126,30.6636,28.8108,26.7844,6.4685,0.7371,0.5107,0.8351,0.6749,43726.862,815.854,0.7735,0.9295,1.0983,14.5475,0.0305,6.9585,0.2503,0.0885,0.0921,0.2614,1,Downy Mildew
spinach_1_0048.jpg,98.2272,144.8922,66.1365,32.0539,25.9358,21.1957,5.032,0.7694,0.4051,0.8208,0.4514,48292.1207,1104.4823,0.7524,0.904,1.0294,11.3434,0.0141,4.4659,0.2324,0.102,0.0997,0.3758,1,Downy Mildew
spinach_0_0074.jpg,102.194,122.4926,63.7967,17.3109,23.1421,12.442,3.0884,0.8569,0.5998,0.8701,0.5073,49325.9433,762.7472,0.6871,0.9167,1.0201,3.6408,0.0023,5.4743,0.0131,0.0881,0.0118,0.1605,0,No Disease
spinach_4_0109.jpg,106.1394,129.209,50.1001,25.3444,29.0442,25.5337,8.8461,0.5948,0.4136,0.5997,0.8227,51570.6034,950.0649,0.8609,0.8786,1.0171,11.2464,0.0178,7.1832,0.2646,0.1466,0.1082,0.5119,4,Cladosporium Leaf Spot
spinach_1_0106.jpg,118.6447,136.9096,61.1099,24.734,23.1712,20.9703,2.5415,0.7769,0.3939,0.8483,0.6691,56850.332,798.8996,0.7677,0.8789,1.0436,15.0084,0.0319,2.7334,0.1671,0.127,0.0946,0.1692,1,Downy Mildew
spinach_2_0081.jpg,100.8999,111.9662,51.5852,34.0003,18.8061,17.6362,5.9944,0.7346,0.4786,0.7966,0.743,49585.5523,959.4626,0.7313,0.8539,1.1149,9.9773,0.0265,6.3153,0.2424,0.1975,0.1308,0.3656,2,Anthracnose
spinach_0_0133.jpg,106.3911,137.9453,65.3212,19.64,23.2985,14.5239,0.4873,0.8606,0.5961,0.8539,0.4685,54614.2188,1008.8983,0.8554,0.9549,1.0453,0.0,0.0054,0.3879,0.0431,0.0623,0.0281,0.1463,0,No Disease
spinach_3_0150.jpg,95.368,146.102,72.2519,25.4889,15.8693,19.6439,5.114,0.8326,0.4818,0.8265,0.5376,57407.4095,968.173,0.7088,0.9547,1.208,9.8619,0.0192,6.9855,0.0883,0.1696,0.0581,0.3676,3,White Rust
spinach_3_0156.jpg,120.7463,124.2435,55.5789,16.6464,30.8136,11.1489,6.8293,0.7043,0.5549,0.6258,0.5265,58770.122,976.321,0.7598,0.8714,1.0042,13.5566,0.0142,3.8707,0.1842,0.0679,0.0802,0.2464,3,White Rust
spinach_1_0107.jpg,101.97,135.3859,47.4077,24.766,24.8105,22.6627,5.2591,0.7107,0.4976,0.78,0.5453,51188.6145,938.3169,0.8931,0.9297,1.1972,7.5576,0.0158,4.3763,0.1828,0.0897,0.1116,0.3807,1,Downy Mildew
spinach_1_0103.jpg,117.3165,129.6886,56.8564,23.1543,29.0526,19.3209,3.639,0.7365,0.4394,0.6219,0.6059,55339.8997,945.1229,0.9238,0.9413,1.2159,21.2003,0.0261,5.0935,0.2387,0.1076,0.0827,0.2582,1,Downy Mildew
spinach_1_0154.jpg,120.3077,121.3192,70.2116,23.893,19.6514,18.8304,7.3272,0.7294,0.3744,0.8248,0.8243,52048.4132,1023.3842,0.8522,0.8949,1.1021,4.8698,0.0184,3.6729,0.1699,0.1,0.0728,0.3526,1,Downy Mildew
spinach_4_0018.jpg,131.4158,126.14,50.6892,37.4769,24.5424,27.9734,9.1404,0.6793,0.4883,0.602,0.8211,56797.9431,825.6658,0.7453,0.8828,1.096,12.3581,0.0384,4.9649,0.3347,0.2106,0.1778,0.4435,4,Cladosporium Leaf Spot
spinach_3_0081.jpg,122.878,149.9393,64.4141,26.3605,27.4633,17.7758,2.655,0.6533,0.5067,0.8072,0.6562,50129.7764,761.9263,0.6388,0.9917,1.1522,8.5472,0.0192,1.4236,0.1303,0.1897,0.0865,0.2189,3,White Rust
spinach_4_0030.jpg,127.3822,139.1779,69.0229,33.2052,22.1218,16.8951,9.6929,0.7374,0.2748,0.6411,0.7043,47580.4996,997.4961,0.8031,0.8843,1.2826,12.2623,0.0384,5.6118,0.2621,0.1959,0.1511,0.3691,4,Cladosporium Leaf Spot
spinach_1_0156.jpg,113.8995,149.3181,53.7003,24.1821,19.4756,18.7449,7.2534,0.8582,0.3739,0.7094,0.4943,57531.4269,1012.1004,0.7836,0.8751,0.9955,10.6825,0.0244,1.0809,0.1739,0.1947,0.0746,0.4292,1,Downy Mildew
spinach_4_0094.jpg,123.0113,125.5013,70.1676,33.9563,25.1238,27.3772,8.4883,0.584,0.3778,0.6656,0.6995,49610.6711,1031.3567,0.8729,0.8947,1.0746,12.2678,0.0478,9.3654,0.3076,0.099,0.131,0.3798,4,Cladosporium Leaf Spot
spinach_2_0100.jpg,105.4655,118.052,45.6006,27.1509,32.047,20.1349,8.3847,0.4935,0.3352,0.688,0.8643,44154.6856,947.0993,0.8634,0.882,1.0501,14.5665,0.0151,5.2808,0.2938,0.1809,0.1061,0.359,2,Anthracnose
spinach_2_0139.jpg,123.1478,113.3279,52.9928,37.0674,29.8975,19.3228,4.9199,0.7727,0.3813,0.5916,0.5117,44419.8064,756.0515,0.6772,0.8725,1.0065,12.1493,0.0405,5.6197,0.2216,0.1804,0.1041,0.382,2,Anthracnose
spinach_2_0009.jpg,118.1495,122.6653,51.6931,24.1587,27.0788,25.2441,7.6888,0.639,0.4038,0.8052,0.7105,41834.2603,900.32,0.9226,0.8678,1.0824,13.0947,0.0278,6.4497,0.287,0.1634,0.1419,0.3406,2,Anthracnose
spinach_1_0058.jpg,109.2965,149.3354,54.7632,23.373,26.8502,13.5759,7.6668,0.7899,0.5019,0.7991,0.5939,45684.2564,885.9925,0.7315,0.9222,1.1645,15.9072,0.023,6.4642,0.1751,0.1109,0.0918,0.2791,1,Downy Mildew
spinach_5_0042.jpg,101.1622,119.5557,69.0242,25.6006,25.7147,19.536,9.2291,0.7816,0.3581,0.6482,0.6778,47035.9131,828.1693,0.7419,0.8747,1.103,10.9325,0.044,6.4697,0.1524,0.0886,0.1,0.3083,5,Spinach Blight (Cucumber Mosaic Virus)
spinach_5_0051.jpg,110.6398,97.1764,67.4524,28.5455,30.1367,16.5025,3.7977,0.77,0.3687,0.7236,0.584,54064.0519,899.9216,0.8244,0.8708,1.1301,8.0311,0.0187,2.9424,0.2022,0.1926,0.0957,0.3047,5,Spinach Blight (Cucumber Mosaic Virus)
spinach_5_0091.jpg,100.8778,106.115,65.4438,29.112,29.1095,15.5532,6.226,0.7199,0.2908,0.6335,0.6135,49542.6214,871.2046,0.7766,0.8851,1.0584,13.1941,0.034,1.4033,0.2412,0.1456,0.1031,0.4348,5,Spinach Blight (Cucumber Mosaic Virus)
spinach_2_0057.jpg,117.3551,113.2793,65.3801,20.1655,25.7877,21.098,8.6249,0.7338,0.4314,0.8079,0.6532,56675.4042,775.5794,0.7351,0.9188,0.9596,16.2911,0.0278,8.0293,0.227,0.1622,0.1227,0.297,2,Anthracnose
spinach_1_0175.jpg,122.7708,140.7792,52.7031,26.3913,23.8051,20.025,6.2546,0.7908,0.4614,0.7476,0.5364,56485.9304,934.9733,0.7289,0.9052,0.9605,10.1415,0.0184,3.766,0.2692,0.0838,0.0977,0.4849,1,Downy Mildew
spinach_0_0085.jpg,96.3681,153.2286,61.1992,28.0211,16.8335,10.3523,0.8486,0.8359,0.478,0.8866,0.2972,41098.169,882.0324,0.6618,0.9112,1.0473,0.0,0.022,1.3015,0.1123,0.0089,0.0237,0.2172,0,No Disease
spinach_3_0092.jpg,117.8932,128.0155,75.3513,28.8506,17.3382,15.2224,4.5326,0.9424,0.3778,0.7687,0.5589,50956.7891,859.179,0.8493,0.9314,1.1777,10.3575,0.0242,6.8519,0.2366,0.213,0.1004,0.2264,3,White Rust
spinach_4_0109.jpg,106.1394,129.209,50.1001,25.3444,29.0442,25.5337,8.8461,0.5948,0.4136,0.5997,0.8227,51570.6034,950.0649,0.8609,0.8786,1.0171,11.2464,0.0178,7.1832,0.2646,0.1466,0.1082,0.5119,4,Cladosporium Leaf Spot
spinach_2_0015.jpg,105.4397,115.3466,67.2953,24.4862,36.0235,17.6434,6.4129,0.604,0.555,0.6648,0.6399,48146.2563,889.5603,0.7803,0.8967,0.7977,14.2286,0.0271,7.9694,0.2955,0.1525,0.1304,0.2619,2,Anthracnose
spinach_3_0098.jpg,115.8431,134.0852,60.8437,24.0046,21.4062,27.3772,4.359,0.6,0.5716,0.8114,0.5369,49313.9232,810.3074,0.8963,0.9213,0.971,9.311,0.0266,4.2816,0.1249,0.0804,0.0471,0.4017,3,White Rust
spinach_3_0051.jpg,125.7267,130.3411,51.728,17.8303,19.6649,19.5665,3.8554,0.7981,0.4145,0.716,0.6113,58346.9725,794.2832,0.7946,0.8724,0.992,5.6449,0.0261,2.5983,0.1292,0.1214,0.0709,0.2172,3,White Rust
spinach_3_0064.jpg,120.1578,131.0706,68.3759,21.4536,24.561,20.2272,3.7506,0.8771,0.4764,0.8242,0.6917,58500.8927,962.9785,0.7618,0.8843,1.1265,12.3783,0.0198,0.0,0.2135,0.1573,0.0625,0.3591,3,White Rust
spinach_2_0021.jpg,115.3218,116.0891,45.7872,23.492,23.0951,14.444,9.3937,0.7094,0.3776,0.5467,0.5076,49988.2931,1077.049,0.7581,0.9216,1.0416,14.221,0.0367,5.4773,0.1955,0.2167,0.1111,0.4373,2,Anthracnose
spinach_4_0141.jpg,123.095,125.8926,78.6567,34.1753,27.3628,20.4666,10.2067,0.6295,0.2195,0.6616,0.6604,48371.8124,890.6192,0.7357,0.8778,1.0105,15.1308,0.0259,6.631,0.2253,0.2135,0.135,0.4856,4,Cladosporium Leaf Spot
spinach_4_0015.jpg,111.2783,117.6802,62.9857,31.1332,34.5573,25.3738,8.8391,0.5178,0.4155,0.6193,0.6557,58730.93,959.7622,0.8486,0.9014,1.0625,16.8816,0.0402,9.5385,0.2666,0.2729,0.1251,0.2785,4,Cladosporium Leaf Spot
spinach_2_0084.jpg,110.9088,111.7564,79.566,27.9363,29.2488,19.9348,7.8972,0.7497,0.333,0.6962,0.6005,44277.9809,983.6795,0.7668,0.8397,1.2212,10.7916,0.025,9.0536,0.2229,0.1535,0.0793,0.2192,2,Anthracnose
spinach_1_0123.jpg,137.5549,138.3527,74.0602,30.8339,32.5495,28.4034,7.117,0.7965,0.4136,0.7571,0.5762,54106.2581,827.9652,0.7785,0.8511,1.2378,9.1181,0.0236,7.424,0.205,0.1878,0.049,0.5018,1,Downy Mildew
spinach_3_0011.jpg,123.4932,123.4659,64.692,27.8967,24.8607,19.0801,5.9505,0.6916,0.3841,0.7624,0.6998,52316.2581,877.4634,0.8726,0.9128,1.2888,5.9549,0.0089,3.7005,0.1575,0.0877,0.135,0.3055,3,White Rust
spinach_1_0069.jpg,108.0507,132.4956,71.1025,29.1536,24.8337,17.8122,6.9742,0.4894,0.4606,0.9399,0.4592,49793.1527,899.2089,0.7622,0.9359,1.1378,10.6092,0.0264,4.8302,0.349,0.1361,0.0849,0.1732,1,Downy Mildew
spinach_0_0017.jpg,107.0231,148.2882,72.0914,26.6448,21.284,18.3673,2.942,1.0,0.5636,0.7398,0.5804,49711.5028,930.788,0.8486,0.8899,1.0199,0.0,0.0,1.9913,0.1262,0.0911,0.0047,0.0152,0,No Disease
spinach_4_0072.jpg,114.9183,117.1274,65.0066,35.6004,25.1327,21.7608,8.1389,0.5065,0.3018,0.7544,0.6094,48799.4132,830.7699,0.9103,0.8766,1.0316,13.8769,0.0341,7.9863,0.2257,0.2295,0.1368,0.4582,4,Cladosporium Leaf Spot
spinach_2_0112.jpg,106.7324,89.2552,56.1333,27.4601,30.9501,24.6919,5.797,0.6433,0.3612,0.804,0.6078,46401.1967,767.1416,0.7111,0.9077,1.0962,19.131,0.0353,10.4148,0.2263,0.1496,0.0775,0.4057,2,Anthracnose
spinach_3_0001.jpg,102.6985,140.8194,67.7469,21.6754,22.9003,20.6805,2.9989,0.7965,0.5558,0.764,0.4632,50612.0997,990.4613,0.7064,0.9345,1.0558,8.9683,0.0125,2.9794,0.2462,0.0636,0.0821,0.4185,3,White Rust
spinach_5_0027.jpg,111.2851,123.7223,60.8185,24.3844,13.5044,20.6154,4.5413,0.7435,0.3731,0.7141,0.7312,51486.2734,858.331,0.9112,0.9185,1.0567,10.515,0.0303,5.7651,0.1539,0.1858,0.1214,0.4345,5,Spinach Blight (Cucumber Mosaic Virus)
spinach_5_0118.jpg,95.7776,139.3447,66.9268,34.734,24.19,23.9977,7.3239,0.6357,0.3233,0.7157,0.7605,40342.8618,833.7151,0.8886,0.8692,1.1903,7.4888,0.0167,5.135,0.3037,0.1244,0.0467,0.2278,5,Spinach Blight (Cucumber Mosaic Virus)
spinach_3_0034.jpg,113.978,127.3661,62.628,21.4525,28.6386,19.9635,3.9095,0.7786,0.5134,0.7559,0.6402,45144.2661,1022.1304,0.7795,0.9188,1.0546,3.0886,0.0037,2.627,0.1994,0.0815,0.0313,0.2073,3,White Rust
spinach_2_0162.jpg,112.0046,111.605,55.9134,31.5277,20.5356,18.5711,6.4879,0.6684,0.2899,0.7553,0.6482,47890.912,908.2659,0.7923,0.9209,1.0053,8.4105,0.0245,6.2084,0.168,0.1045,0.1146,0.2894,2,Anthracnose
spinach_2_0122.jpg,114.0355,106.4981,61.2623,27.4146,22.1963,31.4126,8.8136,0.7076,0.3487,0.6782,0.8442,51532.8877,571.7195,0.9453,0.9046,1.1075,18.3468,0.0307,7.4444,0.2088,0.1108,0.117,0.4645,2,Anthracnose
spinach_0_0034.jpg,109.4255,152.7463,77.083,23.7001,20.1845,16.3632,0.01,0.9067,0.5355,0.7904,0.5882,60644.9767,1055.9221,0.7853,0.9638,1.121,2.8112,0.0,1.9146,0.103,0.0279,0.0387,0.1936,0,No Disease
spinach_1_0019.jpg,135.8104,147.8595,65.8777,29.3119,27.9575,15.9721,6.5951,0.6813,0.4555,0.7441,0.6601,51590.5173,592.697,0.8007,0.9261,1.1357,9.5897,0.0331,5.3605,0.2119,0.1718,0.0891,0.2382,1,Downy Mildew
spinach_0_0067.jpg,101.8483,117.7202,61.8559,6.2516,15.8294,14.2465,1.2784,0.9863,0.6759,0.8681,0.2065,55086.4079,975.536,0.7886,0.9545,1.0268,10.035,0.0,2.5486,0.0156,0.0428,0.0779,0.1791,0,No Disease
spinach_4_0143.jpg,113.8084,98.4589,61.363,26.6207,32.2454,24.0157,11.5339,0.6095,0.3744,0.6451,0.5977,49476.435,965.3413,0.8261,0.8827,0.9535,20.5778,0.0374,9.0181,0.2563,0.1226,0.1433,0.3893,4,Cladosporium Leaf Spot
spinach_3_0053.jpg,110.8998,130.4857,63.3038,31.0237,18.9588,21.8096,5.1327,0.8423,0.528,0.7777,0.3804,50341.2956,903.0044,0.7972,0.9016,1.2013,8.0545,0.0096,3.1752,0.2664,0.1466,0.0962,0.1967,3,White Rust
spinach_0_0152.jpg,110.5043,124.6,76.8859,9.3125,15.8859,19.5518,2.0313,0.8601,0.6511,0.9482,0.551,56371.7121,1028.1375,0.814,0.9366,1.1272,1.051,0.0,0.0,0.0859,0.0897,0.076,0.1967,0,No Disease
spinach_5_0132.jpg,112.025,126.2919,50.9445,18.1115,31.8105,26.8096,6.8362,0.7414,0.4714,0.7912,0.6196,54279.2512,835.3527,0.8246,0.905,1.0212,9.0281,0.0419,3.7946,0.2285,0.1732,0.0886,0.3937,5,Spinach Blight (Cucumber Mosaic Virus)
spinach_1_0048.jpg,98.2272,144.8922,66.1365,32.0539,25.9358,21.1957,5.032,0.7694,0.4051,0.8208,0.4514,48292.1207,1104.4823,0.7524,0.904,1.0294,11.3434,0.0141,4.4659,0.2324,0.102,0.0997,0.3758,1,Downy Mildew
spinach_3_0177.jpg,137.5115,145.2585,75.1969,18.1013,20.7846,21.8697,6.281,0.9103,0.5455,0.8428,0.8134,51981.5454,876.0942,0.7906,0.8971,1.1154,1.0926,0.0128,3.7924,0.2175,0.1644,0.0459,0.4461,3,White Rust
spinach_5_0020.jpg,97.8692,120.1939,68.027,30.7806,25.8823,17.1999,1.808,0.8125,0.3507,0.5993,0.6938,51593.947,946.7892,0.8769,0.877,1.02,10.7252,0.0306,1.6152,0.2164,0.1873,0.1123,0.3967,5,Spinach Blight (Cucumber Mosaic Virus)
spinach_2_0069.jpg,104.041,124.2184,68.5315,29.0604,21.8834,22.9332,7.5928,0.6548,0.3349,0.7394,0.7398,48268.5518,714.5934,0.8274,0.8808,1.0971,14.6046,0.0119,6.2459,0.2557,0.1855,0.1129,0.1918,2,Anthracnose
spinach_1_0049.jpg,128.5496,131.546,88.9301,32.2727,25.6244,17.4963,5.335,0.8541,0.5668,0.8635,0.6885,44721.699,948.7162,0.7155,0.8728,1.1191,12.0928,0.0272,5.6948,0.2166,0.0906,0.0774,0.1894,1,Downy Mildew
spinach_0_0054.jpg,118.2496,138.5112,82.3245,22.0549,20.9128,11.3964,2.8907,0.9583,0.5339,0.9192,0.4766,49252.2369,807.7232,0.699,0.9322,1.1462,0.0,0.0062,2.227,0.1309,0.1421,0.0719,0.1199,0,No Disease
spinach_0_0149.jpg,89.8431,125.2761,77.6773,28.3556,19.4672,14.8386,0.01,0.7382,0.5904,0.8549,0.3094,52327.6629,931.5131,0.8267,0.9334,1.2183,2.032,0.0051,3.1158,0.0511,0.1926,0.0494,0.2305,0,No Disease
spinach_3_0102.jpg,112.3843,155.7747,71.4126,36.3994,16.8849,26.1967,1.7354,0.7866,0.4095,0.7486,0.4984,46926.4191,779.0312,0.7535,0.9229,1.2031,9.1814,0.0263,1.3393,0.1484,0.1484,0.0786,0.2111,3,White Rust
spinach_0_0007.jpg,124.9673,171.0525,75.3153,15.0523,6.3398,16.0708,0.618,0.8668,0.531,0.8701,0.5266,52785.2428,904.1365,0.7079,0.8881,1.0811,1.7849,0.0201,1.4345,0.1491,0.06,0.0104,0.1228,0,No Disease
spinach_0_0003.jpg,113.7143,141.4596,77.4313,20.3379,18.4456,17.5252,0.01,0.8744,0.5424,0.8353,0.3925,59474.7066,833.4169,0.8281,0.8879,1.0932,2.651,0.0107,2.4802,0.1397,0.0661,0.0284,0.2686,0,No Disease
spinach_3_0018.jpg,131.4912,129.7193,67.6367,27.0092,23.9547,21.0166,3.6887,0.7259,0.3693,0.6707,0.5385,55581.2981,766.9718,0.7964,0.9396,0.9631,6.9177,0.0302,4.9935,0.0765,0.1463,0.0513,0.3353,3,White Rust
spinach_5_0044.jpg,95.4899,115.925,58.3999,21.4103,27.766,21.5692,6.1809,0.7517,0.4529,0.7187,0.5377,46307.066,928.4964,0.8182,0.8863,1.0272,14.4713,0.0222,6.7549,0.254,0.1375,0.1137,0.3511,5,Spinach Blight (Cucumber Mosaic Virus)
spinach_4_0165.jpg,124.6307,141.0071,62.7927,38.762,26.6071,27.9503,7.1288,0.5897,0.3478,0.5713,0.7929,48940.209,691.2439,0.7625,0.8814,1.1382,19.1408,0.0456,8.4362,0.2423,0.1877,0.1213,0.429,4,Cladosporium Leaf Spot
spinach_1_0043.jpg,126.9003,125.8211,60.9194,30.0439,23.06,20.0601,5.518,0.8036,0.5617,0.801,0.6903,50000.7297,829.2202,0.8292,0.9143,0.9862,8.6877,0.0193,3.8812,0.2641,0.1492,0.1143,0.3311,1,Downy Mildew
spinach_3_0011.jpg,123.4932,123.4659,64.692,27.8967,24.8607,19.0801,5.9505,0.6916,0.3841,0.7624,0.6998,52316.2581,877.4634,0.8726,0.9128,1.2888,5.9549,0.0089,3.7005,0.1575,0.0877,0.135,0.3055,3,White Rust
spinach_1_0168.jpg,120.1381,130.081,56.1745,28.79,24.7314,20.7097,5.3834,0.7328,0.4006,0.7698,0.5456,64284.0475,759.0667,0.7549,0.8974,1.2632,4.7195,0.0234,5.2471,0.2067,0.1795,0.1104,0.2739,1,Downy Mildew
spinach_3_0128.jpg,120.1996,120.2943,67.2024,20.511,26.3226,16.4418,5.2602,0.6782,0.6679,0.8153,0.5354,50035.2087,849.64,0.7343,0.9003,1.2443,5.7895,0.0,1.9013,0.2164,0.1099,0.0666,0.3736,3,White Rust
spinach_0_0004.jpg,103.087,124.9675,62.9337,15.4027,19.4858,15.5697,3.1738,0.8658,0.5927,0.9238,0.3891,54283.8762,853.8074,0.7482,0.9205,1.0243,3.9479,0.0022,1.2225,0.124,0.0979,0.0566,0.1921,0,No Disease
spinach_2_0172.jpg,112.1804,107.3356,54.1633,27.739,26.7592,20.8859,5.195,0.6869,0.4654,0.709,0.629,49384.268,674.9367,0.7916,0.89,1.0053,10.9916,0.0237,7.8864,0.2846,0.1229,0.097,0.3106,2,Anthracnose
spinach_3_0032.jpg,124.8586,148.044,64.0006,17.7799,24.3853,20.5055,5.6448,0.6688,0.6033,0.8297,0.5212,46822.7343,1012.7153,0.7139,0.9765,1.0609,14.882,0.0155,6.8453,0.1333,0.1208,0.0901,0.333,3,White Rust
spinach_2_0146.jpg,112.0552,128.0218,60.3637,27.8435,27.3338,23.3255,6.8441,0.5745,0.4794,0.7747,0.5856,48496.3718,857.4914,0.7306,0.8533,1.0264,12.5744,0.0155,6.4186,0.2881,0.1937,0.1068,0.2028,2,Anthracnose
spinach_3_0157.jpg,126.937,129.6414,54.4151,22.8631,25.2039,21.5762,4.8526,0.8419,0.4437,0.7839,0.502,56283.0899,934.1529,0.7466,0.8828,1.1984,5.0237,0.0176,8.2347,0.2101,0.1844,0.0565,0.3657,3,White Rust
spinach_2_0083.jpg,106.2851,113.6539,58.3143,28.2817,26.6631,22.7615,6.24,0.6181,0.4665,0.5527,0.6694,47655.5026,921.8791,0.7127,0.8875,1.0718,18.2803,0.0297,3.9697,0.2056,0.1954,0.08,0.3437,2,Anthracnose
spinach_0_0163.jpg,107.2846,145.9561,74.2567,21.235,13.3212,17.8054,6.837,0.87,0.5857,0.8488,0.3712,59722.2474,852.7029,0.7416,0.8903,1.0594,0.0,0.0111,6.2395,0.0817,0.0133,0.0625,0.1418,0,No Disease
spinach_2_0047.jpg,106.9036,119.3509,49.0615,30.8212,25.9383,20.3577,6.2,0.6676,0.3186,0.7005,0.6622,46943.5873,1038.9842,0.8249,0.8904,1.0917,9.8927,0.0235,5.5239,0.1677,0.1755,0.0974,0.3216,2,Anthracnose
spinach_5_0051.jpg,110.6398,97.1764,67.4524,28.5455,30.1367,16.5025,3.7977,0.77,0.3687,0.7236,0.584,54064.0519,899.9216,0.8244,0.8708,1.1301,8.0311,0.0187,2.9424,0.2022,0.1926,0.0957,0.3047,5,Spinach Blight (Cucumber Mosaic Virus)
spinach_3_0016.jpg,127.3143,141.0318,84.3817,26.391,12.4388,24.6521,4.4534,0.931,0.5777,0.7446,0.6222,48530.2243,905.2691,0.8206,0.9478,1.1816,8.3,0.0369,3.343,0.0896,0.0634,0.1069,0.2739,3,White Rust
spinach_0_0014.jpg,108.28,158.0009,59.7291,24.3191,15.3574,14.7547,0.2101,0.8732,0.684,0.9208,0.5932,57887.0594,963.9087,0.8746,0.941,1.1862,0.8137,0.0065,0.0,0.1495,0.0329,0.0596,0.1847,0,No Disease
spinach_4_0120.jpg,125.6515,118.1704,60.7246,31.7201,31.2493,20.4055,9.1563,0.5723,0.2851,0.722,0.6605,54917.212,900.1367,0.6911,0.9241,1.0948,19.5765,0.0421,10.1986,0.2801,0.2147,0.1393,0.3626,4,Cladosporium Leaf Spot
spinach_4_0154.jpg,102.7208,100.2539,64.8127,34.9879,31.9628,21.3633,9.9101,0.6865,0.3406,0.649,0.6951,51460.8092,1051.7248,0.8583,0.8836,1.1131,13.5943,0.0398,6.0045,0.3045,0.3088,0.1157,0.6238,4,Cladosporium Leaf Spot
spinach_4_0072.jpg,114.9183,117.1274,65.0066,35.6004,25.1327,21.7608,8.1389,0.5065,0.3018,0.7544,0.6094,48799.4132,830.7699,0.9103,0.8766,1.0316,13.8769,0.0341,7.9863,0.2257,0.2295,0.1368,0.4582,4,Cladosporium Leaf Spot
spinach_0_0036.jpg,115.9998,137.5455,62.0464,18.4045,18.0862,14.1917,1.0176,0.9202,0.5397,0.836,0.4511,49990.0371,944.4104,0.7864,0.9015,1.0815,7.7511,0.0,0.0,0.0069,0.0812,0.0408,0.1906,0,No Disease
spinach_2_0092.jpg,104.8964,140.0567,63.0642,31.3727,22.1181,26.645,4.6919,0.5546,0.3353,0.8368,0.8798,47743.8154,812.5801,0.7016,0.902,1.093,17.1582,0.0343,5.7446,0.2578,0.132,0.1234,0.3094,2,Anthracnose
spinach_0_0080.jpg,114.3264,144.3238,69.9134,9.4616,20.8462,19.8869,3.0957,0.8296,0.6339,0.9402,0.5759,47619.4504,897.3545,0.8148,0.9314,1.0306,3.6585,0.0106,1.3583,0.111,0.0697,0.077,0.1279,0,No Disease
spinach_2_0162.jpg,112.0046,111.605,55.9134,31.5277,20.5356,18.5711,6.4879,0.6684,0.2899,0.7553,0.6482,47890.912,908.2659,0.7923,0.9209,1.0053,8.4105,0.0245,6.2084,0.168,0.1045,0.1146,0.2894,2,Anthracnose
spinach_4_0164.jpg,138.647,120.4413,49.7619,35.6902,24.0946,22.8033,7.131,0.59,0.3116,0.5681,0.6898,55599.7212,886.6443,0.7975,0.8342,1.1458,15.2579,0.043,7.7777,0.2419,0.1229,0.1844,0.4543,4,Cladosporium Leaf Spot
spinach_2_0008.jpg,124.3638,132.0961,60.11,33.544,30.8372,28.5831,8.2377,0.5738,0.5408,0.7746,0.639,44851.8746,930.4813,0.7833,0.9082,1.1395,11.7342,0.0181,6.7945,0.2033,0.1658,0.0764,0.3298,2,Anthracnose
spinach_4_0033.jpg,118.7812,125.8288,65.8058,19.3649,44.7888,29.5299,7.8636,0.5725,0.419,0.6947,0.7692,52791.6732,878.728,0.8141,0.9082,1.0975,19.1637,0.0451,4.6252,0.2301,0.1911,0.1118,0.3583,4,Cladosporium Leaf Spot
spinach_3_0043.jpg,118.0208,152.527,74.5156,20.8604,21.2398,22.0677,4.1808,0.7432,0.4629,0.7054,0.3267,52695.6743,706.11,0.7204,0.8757,0.9781,9.7054,0.0152,3.5349,0.1042,0.0938,0.0794,0.2758,3,White Rust
spinach_5_0023.jpg,109.8968,93.1637,63.5317,23.6732,28.8048,24.9068,5.9335,0.6517,0.4478,0.7207,0.7926,58364.7653,970.0711,0.824,0.9456,1.1093,10.0832,0.0186,4.1337,0.2097,0.1685,0.0546,0.3041,5,Spinach Blight (Cucumber Mosaic Virus)
spinach_2_0151.jpg,105.0554,113.3877,53.2622,29.5922,33.5407,32.8921,8.2676,0.767,0.5173,0.7174,0.847,53962.0057,894.3987,0.821,0.8545,1.1034,7.825,0.014,6.4472,0.1743,0.1597,0.1135,0.3646,2,Anthracnose
spinach_0_0134.jpg,101.8421,151.963,73.5939,32.359,17.8525,13.8397,2.007,0.9205,0.6148,1.0,0.3355,56295.2303,940.7751,0.6757,0.9493,1.2214,0.0,0.0059,0.0,0.0371,0.1219,0.0283,0.1113,0,No Disease
spinach_3_0028.jpg,136.8869,127.2646,61.5799,20.8572,18.0829,25.9708,4.3856,0.7611,0.522,0.6636,0.5553,46015.6414,875.5585,0.7448,0.9041,1.128,8.8849,0.0152,4.6672,0.1266,0.1473,0.0648,0.2413,3,White Rust
spinach_0_0085.jpg,96.3681,153.2286,61.1992,28.0211,16.8335,10.3523,0.8486,0.8359,0.478,0.8866,0.2972,41098.169,882.0324,0.6618,0.9112,1.0473,0.0,0.022,1.3015,0.1123,0.0089,0.0237,0.2172,0,No Disease
spinach_2_0011.jpg,99.2715,111.928,55.4324,26.9168,31.6334,15.3884,3.6241,0.6803,0.3877,0.7283,0.6361,45410.381,879.2684,0.7735,0.9388,1.0541,13.7873,0.0468,5.7494,0.2578,0.1859,0.1283,0.3732,2,Anthracnose
spinach_0_0067.jpg,101.8483,117.7202,61.8559,6.2516,15.8294,14.2465,1.2784,0.9863,0.6759,0.8681,0.2065,55086.4079,975.536,0.7886,0.9545,1.0268,10.035,0.0,2.5486,0.0156,0.0428,0.0779,0.1791,0,No Disease
spinach_3_0075.jpg,127.1071,133.7636,70.5961,23.1753,18.6493,22.1749,5.7979,0.7294,0.4126,0.7672,0.4948,59125.5955,936.6476,0.7809,0.8967,1.1691,5.5536,0.0118,5.3907,0.1894,0.0199,0.0661,0.29,3,White Rust
spinach_2_0163.jpg,96.4749,126.6188,52.9456,35.7491,27.1424,24.179,6.6405,0.4676,0.2891,0.6912,0.7265,41051.6299,874.6398,0.7327,0.9059,1.0784,16.974,0.0355,6.9262,0.273,0.146,0.1806,0.2525,2,Anthracnose
spinach_1_0079.jpg,102.1578,117.2256,54.0275,30.8205,25.2268,23.4442,2.3726,0.6213,0.4831,0.5655,0.7325,41883.4143,984.3345,0.7367,0.9362,1.3567,0.9073,0.0256,1.5453,0.2113,0.1217,0.0832,0.2371,1,Downy Mildew
spinach_4_0158.jpg,121.4596,134.5679,81.7356,36.1869,23.4968,25.2042,10.5294,0.6101,0.4605,0.6553,0.7934,48746.2948,905.9536,0.8027,0.8498,1.0347,13.0672,0.0307,6.0687,0.3206,0.2309,0.144,0.2886,4,Cladosporium Leaf Spot
spinach_1_0150.jpg,120.6622,143.9254,67.4351,14.0023,27.2065,18.7674,6.2702,0.7389,0.4146,0.7528,0.6078,57722.0249,898.034,0.8551,0.9335,1.1534,2.8535,0.0289,3.9758,0.2258,0.0911,0.0504,0.4681,1,Downy Mildew
spinach_3_0043.jpg,118.0208,152.527,74.5156,20.8604,21.2398,22.0677,4.1808,0.7432,0.4629,0.7054,0.3267,52695.6743,706.11,0.7204,0.8757,0.9781,9.7054,0.0152,3.5349,0.1042,0.0938,0.0794,0.2758,3,White Rust
spinach_2_0096.jpg,114.101,123.6746,60.3234,29.5045,25.706,24.177,7.886,0.7724,0.4047,0.6676,0.6573,43385.3153,1046.1214,0.7675,0.9242,1.1021,15.2149,0.0261,4.682,0.1816,0.2291,0.1128,0.44,2,Anthracnose
spinach_1_0150.jpg,120.6622,143.9254,67.4351,14.0023,27.2065,18.7674,6.2702,0.7389,0.4146,0.7528,0.6078,57722.0249,898.034,0.8551,0.9335,1.1534,2.8535,0.0289,3.9758,0.2258,0.0911,0.0504,0.4681,1,Downy Mildew
spinach_1_0132.jpg,119.3474,149.8181,69.8039,28.0599,25.2574,21.5489,3.3729,0.7328,0.4477,0.7309,0.6438,51106.5375,977.3692,0.8298,0.9142,0.9906,17.1629,0.0189,4.6544,0.1729,0.1105,0.1186,0.4209,1,Downy Mildew
spinach_3_0036.jpg,117.6963,115.7805,75.059,18.6072,21.0211,20.8245,5.4553,0.8379,0.5065,0.8185,0.4709,52971.2178,754.445,0.8737,0.8849,1.0823,2.7245,0.0112,4.0242,0.1436,0.1658,0.0757,0.243,3,White Rust
spinach_0_0070.jpg,114.4277,128.1651,68.3558,13.0678,9.9502,14.3046,0.7597,0.9302,0.6162,0.9025,0.4439,59888.841,813.2406,0.7667,0.9583,1.2212,0.0,0.0035,3.6446,0.1254,0.0878,0.0346,0.1693,0,No Disease
spinach_2_0103.jpg,120.6615,114.3228,48.4662,35.27,29.3821,17.1688,6.6055,0.9301,0.3813,0.6481,0.5892,58860.4949,964.7759,0.8844,0.9062,1.1803,10.6067,0.0283,6.6167,0.2991,0.1728,0.0944,0.3551,2,Anthracnose
spinach_1_0089.jpg,134.1425,136.0166,68.3586,13.6654,23.6661,29.3328,7.7544,0.5922,0.4049,0.6759,0.7811,52221.3914,823.2204,0.792,0.8448,1.0132,10.1458,0.0268,1.3056,0.1709,0.1704,0.0437,0.3283,1,Downy Mildew
spinach_4_0157.jpg,103.004,142.5721,56.9955,33.6498,20.2051,30.4306,8.4842,0.5945,0.3052,0.7209,0.4647,46379.0333,878.0916,0.7822,0.9526,1.043,21.9609,0.0485,8.7071,0.2363,0.1386,0.1486,0.5216,4,Cladosporium Leaf Spot
spinach_0_0104.jpg,112.8891,126.8927,70.0925,19.4261,24.9646,13.5812,0.01,0.9404,0.5241,0.883,0.4113,50631.48,999.0341,0.678,0.9171,1.1747,0.0,0.0,2.4034,0.1562,0.0782,0.0,0.2565,0,No Disease
spinach_0_0166.jpg,103.2877,120.7444,63.5565,24.196,16.7505,13.7236,0.7271,0.8823,0.6041,0.9488,0.1575,47841.1941,935.9096,0.7641,0.9401,1.1414,0.7805,0.0018,0.7581,0.1574,0.0507,0.0384,0.2147,0,No Disease
spinach_3_0124.jpg,116.6924,138.4878,68.9824,25.4269,22.5743,20.1485,5.16,0.8293,0.5576,0.7271,0.5328,49386.9594,848.4328,0.683,0.9206,1.1483,7.3796,0.0169,4.7532,0.2406,0.1032,0.0407,0.2728,3,White Rust
spinach_0_0041.jpg,101.8209,129.4629,72.9538,17.1428,16.1692,22.5287,1.7115,0.9331,0.5614,0.8853,0.4206,54241.6203,1036.5308,0.8688,0.9377,1.1672,0.0,0.0053,2.8925,0.1433,0.0885,0.0622,0.2393,0,No Disease
spinach_3_0022.jpg,106.2926,153.3171,68.0842,28.0501,25.6254,17.1678,3.2456,0.6874,0.4402,0.8289,0.4916,54539.6582,668.2079,0.7569,0.9492,1.0963,4.6834,0.0117,0.0,0.1194,0.1623,0.0554,0.2428,3,White Rust
spinach_0_0174.jpg,112.7523,142.6015,69.9549,18.2123,10.1612,11.7763,0.9426,0.8101,0.6152,0.9638,0.3292,53417.2072,816.5889,0.7517,0.9127,1.1682,0.0,0.0141,0.7577,0.0675,0.0299,0.0463,0.2716,0,No Disease
spinach_1_0050.jpg,97.9663,138.1471,56.975,31.3625,29.5417,18.5227,6.5035,0.6871,0.2823,0.7686,0.5629,48799.5549,1097.5343,0.6984,0.9196,1.0204,13.633,0.0224,5.4828,0.1428,0.0994,0.1032,0.4517,1,Downy Mildew
spinach_0_0016.jpg,84.3676,132.4979,76.7273,12.092,24.3797,16.4734,3.4392,0.8543,0.6451,0.9548,0.4433,53172.0045,947.0343,0.7182,0.9263,1.1078,3.5336,0.014,0.0,0.0937,0.1393,0.0214,0.1342,0,No Disease
spinach_0_0098.jpg,94.2244,124.844,84.6626,15.3826,11.7803,14.8436,1.8467,0.8278,0.5556,0.9661,0.3394,45031.6376,1014.2594,0.7995,0.9145,0.9934,0.0,0.0056,3.2982,0.0482,0.0766,0.0569,0.0095,0,No Disease
spinach_3_0147.jpg,117.6585,140.2608,78.1413,27.5818,27.132,24.4365,3.0679,0.8051,0.5396,0.7495,0.4709,54152.0323,756.8371,0.7147,0.9033,1.146,8.8757,0.0253,2.3406,0.1212,0.141,0.05,0.2317,3,White Rust
spinach_3_0171.jpg,140.4616,141.7268,69.8684,41.0012,23.0351,15.6378,4.3219,0.8941,0.3565,0.7273,0.6606,50141.8968,893.9754,0.8444,0.9021,0.9925,2.4445,0.0217,4.4664,0.1354,0.0736,0.0632,0.3693,3,White Rust
spinach_1_0071.jpg,121.8814,133.5715,71.9368,32.7425,19.6381,21.9543,4.0587,0.7249,0.4557,0.5214,0.8511,53832.0434,840.4297,0.9056,0.9013,1.1106,8.0515,0.0332,4.611,0.1975,0.1782,0.0946,0.3057,1,Downy Mildew
spinach_1_0050.jpg,97.9663,138.1471,56.975,31.3625,29.5417,18.5227,6.5035,0.6871,0.2823,0.7686,0.5629,48799.5549,1097.5343,0.6984,0.9196,1.0204,13.633,0.0224,5.4828,0.1428,0.0994,0.1032,0.4517,1,Downy Mildew
spinach_5_0056.jpg,110.0721,122.2843,52.3666,21.6111,28.9207,19.0128,7.9208,0.5796,0.3921,0.7276,0.698,44344.2,673.3236,0.8203,0.9132,1.1706,10.5658,0.0302,6.2744,0.2761,0.1478,0.0468,0.3346,5,Spinach Blight (Cucumber Mosaic Virus)
spinach_0_0180.jpg,114.7466,131.2299,66.1314,16.772,20.6632,11.0001,2.6064,0.9597,0.5729,0.9507,0.3896,50930.722,822.2754,0.831,0.9108,1.148,1.7147,0.0,0.1036,0.1691,0.0881,0.0148,0.2244,0,No Disease
spinach_4_0001.jpg,144.8328,93.4539,62.8652,33.3581,27.8596,24.1819,8.3554,0.6098,0.3578,0.6259,0.9622,49239.9313,946.9611,0.7499,0.9133,1.1287,19.677,0.0258,6.1457,0.3543,0.1595,0.146,0.3144,4,Cladosporium Leaf Spot
spinach_0_0113.jpg,96.8417,128.3985,82.1304,26.8617,12.0445,18.872,1.8522,0.9272,0.6168,0.9496,0.4283,59050.81,950.9413,0.8075,0.9092,1.2927,3.8793,0.0117,0.0,0.0589,0.1295,0.0472,0.0469,0,No Disease
spinach_3_0128.jpg,120.1996,120.2943,67.2024,20.511,26.3226,16.4418,5.2602,0.6782,0.6679,0.8153,0.5354,50035.2087,849.64,0.7343,0.9003,1.2443,5.7895,0.0,1.9013,0.2164,0.1099,0.0666,0.3736,3,White Rust
spinach_0_0103.jpg,103.2363,131.3905,84.0162,23.7473,20.2577,17.4864,1.9367,0.9158,0.4852,0.7269,0.435,53619.9513,1040.9265,0.8643,0.9692,1.0402,0.5909,0.0098,5.7574,0.174,0.1248,0.0303,0.1293,0,No Disease
spinach_2_0087.jpg,119.0217,107.755,46.7992,32.8342,26.7207,17.2842,7.7286,0.6585,0.4225,0.7309,0.6292,53164.2238,830.2095,0.774,0.8867,1.1705,12.8777,0.038,9.3103,0.1931,0.0432,0.1361,0.3226,2,Anthracnose
spinach_0_0063.jpg,113.2443,149.1327,77.2373,23.7275,15.6454,11.284,0.5241,0.7692,0.599,0.8742,0.376,37221.9059,795.2683,0.8373,0.9134,1.1488,0.0,0.0175,0.9408,0.1145,0.173,0.0779,0.1755,0,No Disease
spinach_0_0176.jpg,95.3526,131.9179,77.0777,19.1554,17.982,10.1028,1.2152,0.947,0.6276,0.8293,0.4362,62994.2393,918.2402,0.7284,0.9257,1.1274,1.3953,0.0057,0.0,0.0519,0.074,0.0359,0.1547,0,No Disease
spinach_2_0067.jpg,116.8186,102.2985,57.914,23.2947,28.9343,15.4869,7.5921,0.5625,0.3493,0.7626,0.7127,41771.6989,812.7606,0.7099,0.8576,1.0894,16.2412,0.0305,7.1847,0.2294,0.1491,0.0832,0.3148,2,Anthracnose
spinach_3_0103.jpg,133.3407,130.156,60.7811,27.4347,22.0308,17.9084,3.8533,0.6844,0.4283,0.857,0.5745,56292.9704,956.6069,0.7433,0.8788,1.0359,5.3151,0.011,5.7658,0.2185,0.2085,0.0509,0.4078,3,White Rust
spinach_3_0177.jpg,137.5115,145.2585,75.1969,18.1013,20.7846,21.8697,6.281,0.9103,0.5455,0.8428,0.8134,51981.5454,876.0942,0.7906,0.8971,1.1154,1.0926,0.0128,3.7924,0.2175,0.1644,0.0459,0.4461,3,White Rust
spinach_0_0101.jpg,100.0978,129.2098,49.8986,17.8265,18.8468,13.0271,5.2901,0.9011,0.6833,0.8983,0.5026,53396.2078,1056.8785,0.7734,0.9424,1.1493,0.8469,0.0092,5.2219,0.0865,0.0968,0.0714,0.2912,0,No Disease
spinach_2_0024.jpg,115.866,110.254,73.0682,32.1105,29.6569,30.0355,6.2366,0.6729,0.2797,0.6879,0.5411,53739.2468,921.9997,0.7834,0.8975,1.1409,9.4568,0.0286,7.3591,0.1409,0.1874,0.0681,0.3406,2,Anthracnose
spinach_1_0174.jpg,125.5527,132.7777,70.3796,24.337,20.0245,26.4429,2.911,0.8401,0.5356,0.8202,0.5412,46917.3808,878.9944,0.7123,0.886,1.1516,12.5974,0.0116,6.017,0.2127,0.1904,0.0942,0.3947,1,Downy Mildew
spinach_3_0114.jpg,126.0974,121.002,66.1546,27.5783,20.9202,22.6309,4.6883,0.7224,0.3731,0.7526,0.5705,41703.041,826.9924,0.6602,0.9046,1.2058,3.2555,0.0226,9.1279,0.2427,0.1253,0.0915,0.1704,3,White Rust
spinach_5_0022.jpg,106.1019,111.5917,68.6087,28.5678,29.5698,30.7411,4.1199,0.4549,0.3667,0.6961,0.6122,44867.8052,957.2434,0.7271,0.9113,1.1411,13.2659,0.0279,7.1087,0.2127,0.1361,0.1022,0.388,5,Spinach Blight (Cucumber Mosaic Virus)
spinach_1_0029.jpg,118.6797,112.8761,52.4478,27.0596,33.906,23.3171,2.5664,0.4912,0.4886,0.7533,0.7241,46596.4104,935.0212,0.8408,0.8988,1.0659,10.1011,0.0243,4.7742,0.2387,0.1115,0.0468,0.4682,1,Downy Mildew
spinach_4_0076.jpg,126.223,112.2652,56.8453,28.7868,27.259,30.3581,5.3082,0.5345,0.2307,0.7581,0.6986,48866.6318,728.5366,0.7743,0.9117,1.0902,17.5685,0.0215,6.9097,0.2773,0.1503,0.1464,0.4608,4,Cladosporium Leaf Spot
spinach_5_0129.jpg,112.503,115.0287,82.1633,25.859,20.0728,21.9566,5.7645,0.5128,0.3478,0.7541,0.6442,45617.6929,874.2326,0.8174,0.9179,1.0387,15.4954,0.0153,4.4939,0.2949,0.109,0.0735,0.2398,5,Spinach Blight (Cucumber Mosaic Virus)
spinach_2_0098.jpg,115.9444,121.4912,51.4749,22.1528,16.8861,23.2794,7.5067,0.5855,0.4637,0.7107,0.8249,51852.6793,773.3666,0.8275,0.9168,1.0362,8.2316,0.0278,4.2985,0.286,0.1437,0.1531,0.1801,2,Anthracnose
spinach_2_0106.jpg,120.9377,121.8419,58.9315,33.7516,36.1997,20.4509,5.3694,0.5986,0.4596,0.7791,0.6363,39319.9323,812.5243,0.8329,0.8983,1.0944,11.9066,0.0351,6.7177,0.2593,0.1664,0.1231,0.3867,2,Anthracnose
spinach_4_0017.jpg,114.5467,127.2067,56.2929,32.7287,29.0407,26.301,8.7951,0.6622,0.3476,0.7698,0.8023,63529.9314,894.9851,0.8475,0.8718,1.1821,15.1829,0.0376,7.024,0.2926,0.1806,0.1103,0.3683,4,Cladosporium Leaf Spot
spinach_3_0168.jpg,113.0406,127.2135,76.1852,31.2565,20.9622,21.0442,6.8353,0.6337,0.4243,0.9213,0.5799,45853.9196,916.7282,0.8413,0.8563,1.1241,6.5103,0.0039,4.1475,0.1632,0.119,0.0613,0.1983,3,White Rust
spinach_0_0033.jpg,112.7777,147.8771,59.041,8.7637,22.0087,19.7509,0.2649,0.7512,0.5879,0.9452,0.5998,54581.4879,882.8283,0.7164,0.9303,1.0961,0.0,0.0224,4.4133,0.1568,0.0432,0.0614,0.2512,0,No Disease
spinach_0_0035.jpg,122.9756,148.8363,72.0916,21.2439,17.2211,14.1883,0.1599,0.8879,0.5203,0.7925,0.4711,53956.3233,741.3292,0.7626,0.9549,1.2047,6.1033,0.0063,0.0,0.0458,0.0938,0.0495,0.303,0,No Disease
spinach_3_0137.jpg,107.853,118.7962,61.9779,24.8668,19.5185,22.5713,6.651,0.7923,0.5048,0.799,0.551,45032.2065,802.2008,0.6989,0.9163,1.1286,2.203,0.0176,2.4246,0.1165,0.095,0.042,0.3285,3,White Rust
spinach_5_0071.jpg,97.464,94.3754,52.8113,32.1055,19.0243,17.7003,6.2271,0.677,0.4709,0.7342,0.5702,54358.165,942.8791,0.7253,0.9063,1.0328,9.0342,0.039,5.6237,0.1991,0.1534,0.1119,0.2839,5,Spinach Blight (Cucumber Mosaic Virus)
spinach_1_0127.jpg,128.9815,115.7777,64.0179,32.7511,13.2388,29.0731,4.777,0.7513,0.4757,0.8108,0.6374,55986.9229,951.9071,0.8957,0.9231,1.2572,13.6043,0.0056,9.5,0.1613,0.1898,0.0807,0.3949,1,Downy Mildew
spinach_4_0121.jpg,100.1656,123.3641,72.0315,34.9167,23.6629,29.3901,7.6739,0.4626,0.4214,0.5938,0.9381,56238.867,867.2201,0.8176,0.9506,1.15,18.9528,0.0571,7.7116,0.2991,0.1526,0.0881,0.367,4,Cladosporium Leaf Spot
spinach_1_0069.jpg,108.0507,132.4956,71.1025,29.1536,24.8337,17.8122,6.9742,0.4894,0.4606,0.9399,0.4592,49793.1527,899.2089,0.7622,0.9359,1.1378,10.6092,0.0264,4.8302,0.349,0.1361,0.0849,0.1732,1,Downy Mildew
spinach_2_0106.jpg,120.9377,121.8419,58.9315,33.7516,36.1997,20.4509,5.3694,0.5986,0.4596,0.7791,0.6363,39319.9323,812.5243,0.8329,0.8983,1.0944,11.9066,0.0351,6.7177,0.2593,0.1664,0.1231,0.3867,2,Anthracnose
spinach_1_0163.jpg,116.3451,121.3483,69.9901,26.7025,29.3132,20.2198,5.4589,0.695,0.4294,0.8099,0.5689,53592.0598,818.7253,0.8355,0.8955,1.1681,10.2439,0.0322,2.7227,0.1162,0.1054,0.0454,0.1994,1,Downy Mildew
spinach_3_0022.jpg,106.2926,153.3171,68.0842,28.0501,25.6254,17.1678,3.2456,0.6874,0.4402,0.8289,0.4916,54539.6582,668.2079,0.7569,0.9492,1.0963,4.6834,0.0117,0.0,0.1194,0.1623,0.0554,0.2428,3,White Rust
spinach_3_0105.jpg,108.8094,146.5305,72.5097,22.3232,24.0456,25.0319,6.7358,0.7248,0.3409,0.6878,0.5188,58811.5857,832.1555,0.7442,0.9046,1.0675,7.9551,0.0068,5.9518,0.1628,0.2192,0.0407,0.4072,3,White Rust
spinach_4_0053.jpg,121.3261,119.2631,52.1919,26.5478,32.2772,27.4143,8.6114,0.5987,0.3248,0.6372,0.5853,50806.2663,942.2455,0.7941,0.9342,0.9896,15.3556,0.0351,7.9388,0.1749,0.2141,0.1362,0.2204,4,Cladosporium Leaf Spot
spinach_3_0123.jpg,115.3561,138.8552,80.8332,25.853,14.7324,16.6128,4.3148,0.7418,0.4722,0.8019,0.7231,51481.4017,789.7806,0.8492,0.9516,1.1286,7.0144,0.022,3.6201,0.0672,0.1425,0.0923,0.3953,3,White Rust
spinach_2_0143.jpg,116.3986,124.0962,52.0672,33.6598,34.2931,22.1745,6.4675,0.7181,0.328,0.6078,0.8048,47745.2437,881.8449,0.7634,0.9319,1.1483,13.037,0.0176,5.4755,0.2585,0.1675,0.1127,0.3669,2,Anthracnose
spinach_0_0076.jpg,105.976,128.6542,67.7658,20.3664,17.1876,14.6365,1.9476,0.8828,0.4646,0.8438,0.5115,45158.3285,901.0444,0.7208,0.9328,1.0889,7.9096,0.0101,0.0,0.1336,0.049,0.0256,0.2251,0,No Disease
spinach_2_0034.jpg,105.3566,122.1753,67.8658,24.2321,24.4373,23.3901,6.6832,0.7483,0.6549,0.7294,0.6165,43517.4583,847.4746,0.7436,0.9117,1.1162,12.1473,0.0429,4.7762,0.224,0.1856,0.1323,0.4522,2,Anthracnose
spinach_3_0156.jpg,120.7463,124.2435,55.5789,16.6464,30.8136,11.1489,6.8293,0.7043,0.5549,0.6258,0.5265,58770.122,976.321,0.7598,0.8714,1.0042,13.5566,0.0142,3.8707,0.1842,0.0679,0.0802,0.2464,3,White Rust
spinach_0_0106.jpg,118.5676,130.8052,66.9433,23.0812,5.3645,7.5552,1.5228,1.0,0.5451,0.8871,0.5334,62534.4237,862.3152,0.769,0.9756,0.9982,6.1103,0.0,1.3845,0.0879,0.0417,0.0154,0.2221,0,No Disease
spinach_3_0041.jpg,119.1082,133.6174,70.0606,17.5734,15.7057,20.0052,6.8379,0.768,0.3967,0.6296,0.6453,47820.3418,790.2563,0.6771,0.884,1.0331,7.0446,0.0073,4.3343,0.1577,0.2089,0.0274,0.2929,3,White Rust
spinach_1_0076.jpg,101.5093,126.8378,73.5979,29.3037,34.089,21.7089,9.6613,0.7542,0.4318,0.6704,0.7211,48489.3744,835.2952,0.8669,0.939,1.1906,8.5512,0.0196,4.6923,0.2291,0.1921,0.0892,0.468,1,Downy Mildew
spinach_3_0045.jpg,118.183,145.8799,70.2655,16.2973,23.3442,20.8425,5.4179,0.816,0.5797,0.809,0.5523,57239.8378,1129.2741,0.8349,0.9252,1.1446,9.0242,0.0171,7.8973,0.1325,0.1662,0.0669,0.1616,3,White Rust
spinach_3_0116.jpg,135.5299,147.5689,64.8352,22.872,30.7086,19.3395,2.4972,0.8506,0.4715,0.8854,0.5743,51399.9926,1057.6121,0.6877,0.9054,1.039,0.0,0.024,2.9966,0.2153,0.1356,0.0852,0.2436,3,White Rust
spinach_2_0123.jpg,104.522,107.9917,67.7682,27.7138,24.9472,21.5074,6.8895,0.5541,0.3369,0.7161,0.7123,55789.9653,1063.9392,0.8907,0.9229,1.0681,11.5077,0.0271,7.154,0.2711,0.1849,0.107,0.4129,2,Anthracnose
spinach_0_0007.jpg,124.9673,171.0525,75.3153,15.0523,6.3398,16.0708,0.618,0.8668,0.531,0.8701,0.5266,52785.2428,904.1365,0.7079,0.8881,1.0811,1.7849,0.0201,1.4345,0.1491,0.06,0.0104,0.1228,0,No Disease
spinach_5_0113.jpg,107.5634,122.4026,52.2514,30.9344,24.6599,19.2795,6.3621,0.7187,0.35,0.7432,0.6327,53012.1944,892.7575,0.8326,0.9245,1.1344,11.9757,0.0073,6.3247,0.1644,0.1466,0.0993,0.4466,5,Spinach Blight (Cucumber Mosaic Virus)
spinach_4_0025.jpg,110.9005,117.4918,59.1539,25.4172,30.5787,21.9506,7.2298,0.5736,0.293,0.6013,0.7847,49722.0345,894.8008,0.9312,0.8861,1.1184,20.875,0.0335,7.9928,0.271,0.1981,0.1153,0.3505,4,Cladosporium Leaf Spot
spinach_2_0136.jpg,101.5753,128.8708,51.5631,34.8784,24.8486,23.5657,4.6436,0.6313,0.31,0.7158,0.6993,52313.2495,830.9477,0.7442,0.9046,0.9976,18.3137,0.0261,5.513,0.2531,0.1569,0.0685,0.2651,2,Anthracnose
spinach_3_0061.jpg,102.0286,135.9187,71.0339,24.6206,25.5179,18.919,3.6203,0.7266,0.444,0.839,0.5013,50055.1565,962.0217,0.7681,0.9479,1.0364,3.4545,0.0194,4.7277,0.1268,0.1737,0.1181,0.2298,3,White Rust
spinach_1_0102.jpg,125.5582,130.8576,53.114,30.3636,24.7307,31.3742,7.9774,0.7969,0.4499,0.7715,0.5096,42305.0639,812.7441,0.7871,0.8574,1.0565,9.0095,0.0183,3.6089,0.1729,0.199,0.0966,0.2652,1,Downy Mildew
spinach_5_0115.jpg,81.239,113.067,60.4321,35.9191,30.8231,15.6412,8.6955,0.7851,0.374,0.7245,0.7892,39642.4404,914.5398,0.8756,0.8978,1.1418,12.4126,0.0177,3.9437,0.2456,0.1246,0.0519,0.3498,5,Spinach Blight (Cucumber Mosaic Virus)
spinach_2_0145.jpg,116.2497,106.6775,65.9614,24.494,20.9471,17.9059,8.6587,0.6754,0.3881,0.6989,0.5774,46646.3455,817.9574,0.7157,0.8874,0.9935,16.3107,0.0323,3.7714,0.2152,0.2342,0.0855,0.3841,2,Anthracnose
spinach_0_0025.jpg,107.9642,161.3858,71.3032,18.4646,13.2324,10.8709,0.01,0.8289,0.5743,0.9034,0.4251,48172.3236,1010.0185,0.8144,0.926,1.0678,4.1937,0.0075,0.0,0.0966,0.0905,0.0175,0.2152,0,No Disease
spinach_5_0018.jpg,92.4095,124.7435,72.1127,18.9676,29.5775,24.3766,5.1708,0.6432,0.2728,0.7064,0.6323,53484.9839,896.938,0.7464,0.906,1.0697,8.2607,0.0113,6.5246,0.2323,0.1723,0.0718,0.3537,5,Spinach Blight (Cucumber Mosaic Virus)
spinach_3_0127.jpg,110.0934,112.34,64.0111,27.8025,20.1882,24.9463,4.7203,0.8786,0.5522,0.8536,0.4296,51585.7033,1027.2773,0.7963,0.9339,0.999,15.6752,0.0107,0.41,0.1524,0.0221,0.0429,0.4847,3,White Rust
spinach_4_0140.jpg,128.9114,114.1161,57.8367,31.6788,35.8444,21.5765,6.5645,0.6489,0.3974,0.6108,0.827,57341.9967,1010.0462,0.8112,0.8877,1.2088,18.0616,0.0415,11.0249,0.3118,0.1501,0.099,0.3662,4,Cladosporium Leaf Spot
spinach_0_0083.jpg,94.3644,141.196,59.5104,22.7143,22.1226,11.8673,0.0672,0.7275,0.5587,0.8393,0.2649,54265.0938,875.003,0.7055,0.9161,1.2057,4.4117,0.005,2.3144,0.042,0.0813,0.0437,0.1624,0,No Disease
spinach_2_0006.jpg,107.1412,108.6103,61.9893,24.2814,30.8525,21.0867,8.9705,0.6486,0.4306,0.7126,0.7644,50549.7345,713.6603,0.8605,0.8978,1.1432,16.761,0.0208,4.4534,0.2628,0.1479,0.1334,0.3357,2,Anthracnose
spinach_0_0073.jpg,108.8847,119.642,78.0144,20.6431,28.9348,10.5995,1.8255,1.0,0.6753,0.8313,0.4424,52009.9968,948.1956,0.7281,0.9278,0.9922,2.5405,0.0096,0.7906,0.0192,0.1195,0.0491,0.1419,0,No Disease
spinach_3_0170.jpg,136.8125,140.5068,75.1186,22.8533,16.9014,15.7937,5.2512,0.9148,0.493,0.7538,0.5311,51343.4983,1107.6643,0.854,0.9265,1.1188,9.1974,0.021,3.2562,0.1278,0.1613,0.0705,0.3559,3,White Rust
spinach_5_0112.jpg,101.3315,119.8432,67.3704,34.4781,25.2145,19.8102,3.6136,0.6882,0.4413,0.7833,0.5101,55376.6256,772.5579,0.8027,0.8858,1.1234,12.3763,0.0294,8.7188,0.2299,0.1269,0.1015,0.4956,5,Spinach Blight (Cucumber Mosaic Virus)
spinach_2_0024.jpg,115.866,110.254,73.0682,32.1105,29.6569,30.0355,6.2366,0.6729,0.2797,0.6879,0.5411,53739.2468,921.9997,0.7834,0.8975,1.1409,9.4568,0.0286,7.3591,0.1409,0.1874,0.0681,0.3406,2,Anthracnose
spinach_5_0010.jpg,93.9479,120.9566,73.2984,34.4225,33.3551,23.1698,8.5045,0.8399,0.3102,0.6878,0.5004,54805.7206,719.1468,0.7032,0.8726,0.9509,13.0886,0.0153,2.3575,0.2079,0.1507,0.0433,0.2829,5,Spinach Blight (Cucumber Mosaic Virus)
spinach_3_0117.jpg,116.3575,136.9874,74.3533,24.7481,18.4903,15.2039,5.1471,0.7257,0.4543,0.7633,0.5056,52969.0178,960.4504,0.8979,0.9389,1.2375,4.7256,0.0042,3.974,0.2129,0.148,0.1003,0.0771,3,White Rust
spinach_1_0026.jpg,134.3643,139.5544,60.1359,28.4369,24.774,10.0175,3.959,0.7359,0.4015,0.7773,0.7229,49392.3211,794.2345,0.8095,0.9018,1.0875,8.8329,0.0379,0.7667,0.1706,0.1299,0.0605,0.382,1,Downy Mildew
spinach_0_0125.jpg,118.6847,141.6774,65.4249,27.8769,16.6949,15.5047,1.4227,0.8288,0.4625,0.9243,0.3417,67297.6561,811.3926,0.6946,0.9428,1.2423,2.2584,0.0106,0.0,0.0661,0.0371,0.0,0.2094,0,No Disease
spinach_5_0013.jpg,94.249,118.9983,68.7237,25.4515,23.6784,24.7188,8.7407,0.5651,0.5312,0.8115,0.6699,48296.4169,909.0433,0.7716,0.8956,0.972,5.0339,0.0427,5.5135,0.2202,0.1488,0.0693,0.3154,5,Spinach Blight (Cucumber Mosaic Virus)
spinach_3_0067.jpg,138.5129,134.6184,70.103,28.8728,16.2543,15.4921,2.5912,0.7614,0.4333,0.6795,0.5649,51021.9054,1023.224,0.9008,0.9314,1.0543,10.5869,0.0171,3.5678,0.1269,0.1014,0.0656,0.3443,3,White Rust
spinach_0_0105.jpg,88.4011,142.3968,64.9003,14.2008,14.7904,14.2668,0.9048,0.9471,0.5443,0.9486,0.4481,48512.214,833.406,0.6712,0.9373,1.0916,0.0,0.0017,0.0,0.1788,0.0119,0.004,0.2888,0,No Disease
spinach_3_0081.jpg,122.878,149.9393,64.4141,26.3605,27.4633,17.7758,2.655,0.6533,0.5067,0.8072,0.6562,50129.7764,761.9263,0.6388,0.9917,1.1522,8.5472,0.0192,1.4236,0.1303,0.1897,0.0865,0.2189,3,White Rust
spinach_0_0149.jpg,89.8431,125.2761,77.6773,28.3556,19.4672,14.8386,0.01,0.7382,0.5904,0.8549,0.3094,52327.6629,931.5131,0.8267,0.9334,1.2183,2.032,0.0051,3.1158,0.0511,0.1926,0.0494,0.2305,0,No Disease
spinach_4_0109.jpg,106.1394,129.209,50.1001,25.3444,29.0442,25.5337,8.8461,0.5948,0.4136,0.5997,0.8227,51570.6034,950.0649,0.8609,0.8786,1.0171,11.2464,0.0178,7.1832,0.2646,0.1466,0.1082,0.5119,4,Cladosporium Leaf Spot
spinach_0_0097.jpg,111.1084,134.2238,78.3231,24.8979,23.4584,22.1133,0.5271,0.9011,0.5809,0.8731,0.3551,44572.19,929.2679,0.7239,0.9321,1.0565,0.0,0.0079,1.4717,0.129,0.1674,0.0469,0.2388,0,No Disease
spinach_1_0178.jpg,116.4832,136.5098,54.9604,20.5542,26.0418,16.6013,3.63,0.8069,0.472,0.6722,0.5481,46481.3422,1077.6319,0.8444,0.8995,1.1461,4.5753,0.0146,4.9888,0.2126,0.1261,0.0862,0.3163,1,Downy Mildew
spinach_3_0069.jpg,147.6763,122.2081,65.0566,19.8131,16.82,18.1914,5.8815,0.8732,0.4291,0.7093,0.5979,54039.8179,929.0376,0.7965,0.9172,1.1179,7.2734,0.0256,8.0112,0.179,0.1197,0.0764,0.2274,3,White Rust
spinach_0_0058.jpg,113.0457,131.5737,75.2316,22.8273,26.1811,14.1882,2.6393,0.7812,0.6752,0.8268,0.3639,51888.761,763.7116,0.7837,0.9542,1.1434,0.0,0.005,2.5357,0.0061,0.037,0.0619,0.2216,0,No Disease
spinach_1_0119.jpg,113.8042,130.1257,54.9437,35.2429,35.1975,22.9131,5.4815,0.6364,0.5537,0.7653,0.5811,53405.8704,841.4288,0.7988,0.8739,1.187,9.5824,0.0293,4.438,0.1832,0.0815,0.099,0.2399,1,Downy Mildew
spinach_3_0172.jpg,115.6418,128.7105,57.4758,23.1629,23.6904,28.4607,5.1702,0.7657,0.529,0.8287,0.4922,63010.3004,902.5617,0.7942,0.9338,1.1377,14.1016,0.0123,5.4101,0.1782,0.1593,0.0646,0.252,3,White Rust
spinach_3_0039.jpg,142.8053,134.1934,62.1074,15.2252,26.3178,17.7992,9.8292,0.7108,0.6284,0.8324,0.4472,52660.7189,982.1381,0.7665,0.9409,1.1753,10.3854,0.0169,1.8851,0.1662,0.127,0.0231,0.2935,3,White Rust
spinach_5_0024.jpg,103.1285,119.0799,64.7926,30.2225,19.8074,18.3529,6.2965,0.7508,0.4185,0.6706,0.6263,57059.1917,924.4258,0.8002,0.8744,1.0329,12.0264,0.0262,6.418,0.2294,0.1352,0.0772,0.5038,5,Spinach Blight (Cucumber Mosaic Virus)
spinach_2_0161.jpg,105.0361,100.8387,68.4432,28.2498,23.0432,24.3452,8.1045,0.7307,0.3816,0.7111,0.7132,51681.9813,922.4885,0.8657,0.9014,1.0147,13.4228,0.033,2.8842,0.141,0.1967,0.148,0.2488,2,Anthracnose
spinach_3_0066.jpg,117.9393,125.6289,79.5013,29.0104,19.2792,16.5445,7.1543,0.7989,0.5728,0.7758,0.6012,53001.1383,842.5889,0.7714,0.8904,1.1495,11.045,0.0249,5.1998,0.1636,0.1821,0.0923,0.3911,3,White Rust
spinach_0_0044.jpg,100.1721,148.5761,83.8342,28.9719,23.574,14.5611,2.5996,0.9613,0.5897,0.8892,0.5024,51703.5868,847.0713,0.7451,0.9458,1.1202,3.3608,0.0114,0.5253,0.1378,0.0952,0.0091,0.3154,0,No Disease
spinach_4_0047.jpg,126.9324,128.2851,59.547,27.032,29.9351,29.4427,8.8968,0.5031,0.3484,0.5261,0.8404,47034.9613,767.6879,0.8391,0.904,1.0886,26.7668,0.0391,6.3391,0.296,0.1786,0.1617,0.4125,4,Cladosporium Leaf Spot
spinach_2_0176.jpg,127.942,102.5252,59.4772,28.0316,27.6974,27.8895,7.644,0.7776,0.3264,0.6424,0.6916,49806.7391,861.4141,0.7425,0.93,1.051,19.7043,0.0271,7.2672,0.2579,0.127,0.1192,0.5043,2,Anthracnose
spinach_0_0023.jpg,129.2042,143.7837,67.5234,22.3254,9.1952,13.8107,2.1691,0.8931,0.6433,0.9041,0.4868,48558.1386,1009.7815,0.8677,0.9057,1.049,7.3431,0.0045,3.7269,0.0779,0.1382,0.0433,0.2207,0,No Disease
spinach_5_0134.jpg,92.0871,107.6993,61.2429,25.9582,27.3825,30.9049,8.664,0.8654,0.3546,0.8472,0.6727,54431.8175,915.7704,0.7894,0.918,1.1288,4.9273,0.023,6.9703,0.2239,0.1688,0.0712,0.3605,5,Spinach Blight (Cucumber Mosaic Virus)
spinach_3_0036.jpg,117.6963,115.7805,75.059,18.6072,21.0211,20.8245,5.4553,0.8379,0.5065,0.8185,0.4709,52971.2178,754.445,0.8737,0.8849,1.0823,2.7245,0.0112,4.0242,0.1436,0.1658,0.0757,0.243,3,White Rust
spinach_4_0010.jpg,122.3132,124.8922,45.4293,35.1631,21.1578,30.416,8.5545,0.5929,0.4192,0.6847,0.8925,50902.3781,903.8819,0.7729,0.8966,1.2058,15.9889,0.0392,5.9152,0.1667,0.1983,0.1393,0.3812,4,Cladosporium Leaf Spot
spinach_4_0007.jpg,94.7781,120.5466,57.5977,37.6859,26.8731,29.5545,6.459,0.6074,0.319,0.6947,0.7968,54111.1258,916.6831,0.8297,0.8676,1.1011,24.4328,0.0206,8.3802,0.3038,0.2484,0.1482,0.398,4,Cladosporium Leaf Spot
spinach_2_0013.jpg,107.4755,126.0659,56.9636,27.5331,32.0477,27.4138,6.2356,0.697,0.2833,0.6373,0.7024,50157.0339,783.3124,0.757,0.8734,1.1164,6.1294,0.0189,2.7467,0.251,0.0879,0.1108,0.4812,2,Anthracnose
spinach_1_0117.jpg,125.7793,125.7077,65.7965,24.69,24.2499,16.7012,5.9208,0.7435,0.3868,0.7561,0.6234,47918.2147,887.1241,0.7297,0.9686,1.1847,11.0924,0.0294,1.2373,0.0621,0.114,0.0455,0.2911,1,Downy Mildew
spinach_0_0016.jpg,84.3676,132.4979,76.7273,12.092,24.3797,16.4734,3.4392,0.8543,0.6451,0.9548,0.4433,53172.0045,947.0343,0.7182,0.9263,1.1078,3.5336,0.014,0.0,0.0937,0.1393,0.0214,0.1342,0,No Disease
spinach_1_0082.jpg,124.0673,97.156,67.3619,21.9826,16.8914,20.2461,6.1987,0.6087,0.4864,0.8134,0.6147,46661.8818,802.0622,0.8516,0.8722,1.1852,9.3392,0.0192,1.7254,0.1827,0.1545,0.0466,0.3499,1,Downy Mildew
spinach_0_0064.jpg,99.0678,135.419,76.0792,19.4739,15.0238,20.8687,1.8058,1.0,0.5873,1.0,0.4557,56814.8029,847.5389,0.7188,0.9415,1.1991,2.161,0.0,0.0,0.0286,0.0093,0.0427,0.29,0,No Disease
spinach_2_0115.jpg,102.9964,116.001,63.6699,25.8777,32.4771,23.2915,6.7193,0.5193,0.3501,0.726,0.8645,52839.4458,992.6216,0.7275,0.8968,1.1777,10.4491,0.0347,7.42,0.2437,0.1469,0.0853,0.492,2,Anthracnose
spinach_2_0061.jpg,110.6065,117.4492,55.8026,27.3874,24.2645,24.0847,5.6832,0.7563,0.4323,0.777,0.5771,41502.6173,879.5814,0.9739,0.9317,1.0356,15.698,0.0328,3.6369,0.2985,0.1533,0.1077,0.3519,2,Anthracnose
spinach_4_0161.jpg,117.5602,128.231,70.4722,29.9796,34.0592,30.3213,11.2327,0.6702,0.3526,0.6268,0.6141,49110.2323,901.2338,0.7834,0.9049,0.9537,17.2721,0.05,9.2921,0.3008,0.2056,0.1209,0.2497,4,Cladosporium Leaf Spot
spinach_5_0082.jpg,99.2948,103.1848,60.0977,33.2413,23.8821,16.6158,8.3713,0.6346,0.4028,0.7644,0.6503,37109.3105,909.0488,0.8896,0.9197,0.9201,20.509,0.0134,3.4588,0.2491,0.1681,0.092,0.2944,5,Spinach Blight (Cucumber Mosaic Virus)
spinach_1_0039.jpg,121.5157,125.3884,55.5285,24.4478,18.0471,24.5336,4.1795,0.8275,0.3979,0.687,0.5674,37879.1661,887.9231,0.7798,0.9306,0.9491,14.6475,0.0266,7.0537,0.1874,0.1706,0.0432,0.367,1,Downy Mildew
spinach_1_0032.jpg,100.38,127.4186,72.694,19.6705,20.7813,18.8838,5.1204,0.6123,0.4776,0.8066,0.6608,46648.1316,908.6511,0.736,0.9017,1.2723,10.3828,0.0105,5.1246,0.1224,0.082,0.054,0.2745,1,Downy Mildew
spinach_1_0022.jpg,126.4613,150.2345,66.1084,24.3011,27.9354,18.207,3.7433,0.5992,0.3048,0.6972,0.4922,52566.1826,780.0598,0.6014,0.8839,1.0623,7.5782,0.0322,3.6956,0.234,0.1292,0.0789,0.2432,1,Downy Mildew
spinach_0_0167.jpg,120.6035,135.6966,79.6705,26.1599,16.6812,14.1571,1.4406,0.8795,0.6483,0.8962,0.4435,46373.8824,823.251,0.8986,0.9256,1.058,7.7244,0.0083,2.2407,0.0931,0.0673,0.0358,0.0894,0,No Disease
spinach_5_0169.jpg,101.9449,100.2829,59.2437,23.6272,26.6541,20.6369,7.0338,0.6386,0.3866,0.6633,0.6688,41338.3785,885.1578,0.7933,0.9045,0.9578,14.6189,0.0216,5.7908,0.1165,0.1003,0.0802,0.45,5,Spinach Blight (Cucumber Mosaic Virus)
spinach_4_0141.jpg,123.095,125.8926,78.6567,34.1753,27.3628,20.4666,10.2067,0.6295,0.2195,0.6616,0.6604,48371.8124,890.6192,0.7357,0.8778,1.0105,15.1308,0.0259,6.631,0.2253,0.2135,0.135,0.4856,4,Cladosporium Leaf Spot
